MATNR;NAZWAPL;STAWN;PODGRUPA;OPIS;MATERIAL;PODGRUPA_WIELKOSC;PODGRUPA_ILOSC_KODOW;PODGRUPA_ILOSC_UZUPELNONYCH
1101030005B88I017T;S03.0X005-6K-B-08.8-SRUBA ISO4017  ;;1101;Śruba z łbem 6-kątnym z gwintem na całości S03.0X005-6K-B-08.8-SRUBA ISO4017;st-stal-weglowa;5764;3;5435
1101030005S88D933T;S03.0X005-6K-S-08.8- SRUBA DIN933;;1101;Śruba z łbem 6-kątnym z gwintem na całości S03.0X005-6K-S-08.8- SRUBA DIN933;st-stal-weglowa;5764;3;5435
1101030006B88I017T;S03.0X006-6K-B-08.8-SRUBA ISO4017  ;;1101;Śruba z łbem 6-kątnym z gwintem na całości S03.0X006-6K-B-08.8-SRUBA ISO4017;st-stal-weglowa;5764;3;5435
1101030006S88D933T;S03.0X006-6K-S-08.8- SRUBA DIN933;;1101;Śruba z łbem 6-kątnym z gwintem na całości S03.0X006-6K-S-08.8- SRUBA DIN933;st-stal-weglowa;5764;3;5435
1101030008B88I017T;S03.0X008-6K-B-08.8-SRUBA ISO4017  ;;1101;Śruba z łbem 6-kątnym z gwintem na całości S03.0X008-6K-B-08.8-SRUBA ISO4017;st-stal-weglowa;5764;3;5435
1101030008S88D933T;S03.0X008-6K-S-08.8- SRUBA DIN933;;1101;Śruba z łbem 6-kątnym z gwintem na całości S03.0X008-6K-S-08.8- SRUBA DIN933;st-stal-weglowa;5764;3;5435
1101030010B88I017T;S03.0X010-6K-B-08.8-SRUBA ISO4017  ;;1101;Śruba z łbem 6-kątnym z gwintem na całości S03.0X010-6K-B-08.8-SRUBA ISO4017;st-stal-weglowa;5764;3;5435
1101030010S88D933T;S03.0X010-6K-S-08.8- SRUBA DIN933;;1101;Śruba z łbem 6-kątnym z gwintem na całości S03.0X010-6K-S-08.8- SRUBA DIN933;st-stal-weglowa;5764;3;5435
1101030012B88I017T;S03.0X012-6K-B-08.8-SRUBA ISO4017  ;;1101;Śruba z łbem 6-kątnym z gwintem na całości S03.0X012-6K-B-08.8-SRUBA ISO4017;st-stal-weglowa;5764;3;5435
1101030012S88D933T;S03.0X012-6K-S-08.8- SRUBA DIN933;;1101;Śruba z łbem 6-kątnym z gwintem na całości S03.0X012-6K-S-08.8- SRUBA DIN933;st-stal-weglowa;5764;3;5435
1101030016B88I017T;S03.0X016-6K-B-08.8-SRUBA ISO4017  ;;1101;Śruba z łbem 6-kątnym z gwintem na całości S03.0X016-6K-B-08.8-SRUBA ISO4017;st-stal-weglowa;5764;3;5435
1101030016S88D933T;S03.0X016-6K-S-08.8- SRUBA DIN933;;1101;Śruba z łbem 6-kątnym z gwintem na całości S03.0X016-6K-S-08.8- SRUBA DIN933;st-stal-weglowa;5764;3;5435
1101030018S88D933T;S03.0X018-6K-S-08.8- SRUBA DIN933;;1101;Śruba z łbem 6-kątnym z gwintem na całości S03.0X018-6K-S-08.8- SRUBA DIN933;st-stal-weglowa;5764;3;5435
1101030020B88I017T;S03.0X020-6K-B-08.8-SRUBA ISO4017  ;;1101;Śruba z łbem 6-kątnym z gwintem na całości S03.0X020-6K-B-08.8-SRUBA ISO4017;st-stal-weglowa;5764;3;5435
1101030020S88D933T;S03.0X020-6K-S-08.8- SRUBA DIN933;;1101;Śruba z łbem 6-kątnym z gwintem na całości S03.0X020-6K-S-08.8- SRUBA DIN933;st-stal-weglowa;5764;3;5435
1101030022S88D933T;S03.0X022-6K-S-08.8- SRUBA DIN933;;1101;Śruba z łbem 6-kątnym z gwintem na całości S03.0X022-6K-S-08.8- SRUBA DIN933;st-stal-weglowa;5764;3;5435
1101030025B88I017T;S03.0X025-6K-B-08.8-SRUBA ISO4017  ;;1101;Śruba z łbem 6-kątnym z gwintem na całości S03.0X025-6K-B-08.8-SRUBA ISO4017;st-stal-weglowa;5764;3;5435
1101030025S88D933T;S03.0X025-6K-S-08.8- SRUBA DIN933;;1101;Śruba z łbem 6-kątnym z gwintem na całości S03.0X025-6K-S-08.8- SRUBA DIN933;st-stal-weglowa;5764;3;5435
1101030030B88I017T;S03.0X030-6K-B-08.8-SRUBA ISO4017  ;;1101;Śruba z łbem 6-kątnym z gwintem na całości S03.0X030-6K-B-08.8-SRUBA ISO4017;st-stal-weglowa;5764;3;5435
1101030030S88D933T;S03.0X030-6K-S-08.8- SRUBA DIN933;;1101;Śruba z łbem 6-kątnym z gwintem na całości S03.0X030-6K-S-08.8- SRUBA DIN933;st-stal-weglowa;5764;3;5435
1101030035B88I017T;S03.0X035-6K-B-08.8-SRUBA ISO4017  ;;1101;Śruba z łbem 6-kątnym z gwintem na całości S03.0X035-6K-B-08.8-SRUBA ISO4017;st-stal-weglowa;5764;3;5435
1101030035S88D933T;S03.0X035-6K-S-08.8- SRUBA DIN933;;1101;Śruba z łbem 6-kątnym z gwintem na całości S03.0X035-6K-S-08.8- SRUBA DIN933;st-stal-weglowa;5764;3;5435
1101030040B88I017T;S03.0X040-6K-B-08.8-SRUBA ISO4017  ;;1101;Śruba z łbem 6-kątnym z gwintem na całości S03.0X040-6K-B-08.8-SRUBA ISO4017;st-stal-weglowa;5764;3;5435
1101030040S88D933T;S03.0X040-6K-S-08.8- SRUBA DIN933;;1101;Śruba z łbem 6-kątnym z gwintem na całości S03.0X040-6K-S-08.8- SRUBA DIN933;st-stal-weglowa;5764;3;5435
1101030050B88I017T;S03.0X050-6K-B-08.8-SRUBA ISO4017  ;;1101;Śruba z łbem 6-kątnym z gwintem na całości S03.0X050-6K-B-08.8-SRUBA ISO4017;st-stal-weglowa;5764;3;5435
1101030050S88D933T;S03.0X050-6K-S-08.8- SRUBA DIN933;;1101;Śruba z łbem 6-kątnym z gwintem na całości S03.0X050-6K-S-08.8- SRUBA DIN933;st-stal-weglowa;5764;3;5435
1101030060S88D933T;S03.0X060-6K-S-08.8- SRUBA DIN933;;1101;Śruba z łbem 6-kątnym z gwintem na całości S03.0X060-6K-S-08.8- SRUBA DIN933;st-stal-weglowa;5764;3;5435
1101040006B88I017T;S04.0X006-6K-B-08.8-SRUBA ISO4017  ;;1101;Śruba z łbem 6-kątnym z gwintem na całości S04.0X006-6K-B-08.8-SRUBA ISO4017;st-stal-weglowa;5764;3;5435
1101040006B88OC08T;S04.0X006-K6-B-08.8- SRUBA DIN933 8MIK;;1101;Śruba z łbem 6-kątnym z gwintem na całości S04.0X006-K6-B-08.8- SRUBA DIN933 8MIK;st-stal-weglowa;5764;3;5435
1101040006S88D933T;S04.0X006-6K-S-08.8- SRUBA DIN933;;1101;Śruba z łbem 6-kątnym z gwintem na całości S04.0X006-6K-S-08.8- SRUBA DIN933;st-stal-weglowa;5764;3;5435
1101040008B88I017T;S04.0X008-6K-B-08.8-SRUBA ISO4017  ;;1101;Śruba z łbem 6-kątnym z gwintem na całości S04.0X008-6K-B-08.8-SRUBA ISO4017;st-stal-weglowa;5764;3;5435
1101040008S88D933T;S04.0X008-6K-S-08.8- SRUBA DIN933;;1101;Śruba z łbem 6-kątnym z gwintem na całości S04.0X008-6K-S-08.8- SRUBA DIN933;st-stal-weglowa;5764;3;5435
1101040010B88I017T;S04.0X010-6K-B-08.8-SRUBA ISO4017  ;;1101;Śruba z łbem 6-kątnym z gwintem na całości S04.0X010-6K-B-08.8-SRUBA ISO4017;st-stal-weglowa;5764;3;5435
1101040010O88D933T;S04.0X010-6K-O-08.8- SRUBA DIN933;;1101;Śruba z łbem 6-kątnym z gwintem na całości S04.0X010-6K-O-08.8- SRUBA DIN933;st-stal-weglowa;5764;3;5435
1101040010S88D933T;S04.0X010-6K-S-08.8- SRUBA DIN933;;1101;Śruba z łbem 6-kątnym z gwintem na całości S04.0X010-6K-S-08.8- SRUBA DIN933;st-stal-weglowa;5764;3;5435
1101040012B88I017T;S04.0X012-6K-B-08.8-SRUBA ISO4017  ;;1101;Śruba z łbem 6-kątnym z gwintem na całości S04.0X012-6K-B-08.8-SRUBA ISO4017;st-stal-weglowa;5764;3;5435
1101040012S88D933T;S04.0X012-6K-S-08.8- SRUBA DIN933;;1101;Śruba z łbem 6-kątnym z gwintem na całości S04.0X012-6K-S-08.8- SRUBA DIN933;st-stal-weglowa;5764;3;5435
1101040014B88I017T;S04.0X014-6K-B-08.8-SRUBA ISO4017  ;;1101;Śruba z łbem 6-kątnym z gwintem na całości S04.0X014-6K-B-08.8-SRUBA ISO4017;st-stal-weglowa;5764;3;5435
1101040014S88D933T;S04.0X014-6K-S-08.8- SRUBA DIN933;;1101;Śruba z łbem 6-kątnym z gwintem na całości S04.0X014-6K-S-08.8- SRUBA DIN933;st-stal-weglowa;5764;3;5435
1101040016B88I017T;S04.0X016-6K-B-08.8-SRUBA ISO4017  ;;1101;Śruba z łbem 6-kątnym z gwintem na całości S04.0X016-6K-B-08.8-SRUBA ISO4017;st-stal-weglowa;5764;3;5435
1101040016S88D933T;S04.0X016-6K-S-08.8- SRUBA DIN933;;1101;Śruba z łbem 6-kątnym z gwintem na całości S04.0X016-6K-S-08.8- SRUBA DIN933;st-stal-weglowa;5764;3;5435
1101040018B88I017T;S04.0X018-6K-B-08.8-SRUBA ISO4017  ;;1101;Śruba z łbem 6-kątnym z gwintem na całości S04.0X018-6K-B-08.8-SRUBA ISO4017;st-stal-weglowa;5764;3;5435
1101040018S88D933T;S04.0X018-6K-S-08.8- SRUBA DIN933;;1101;Śruba z łbem 6-kątnym z gwintem na całości S04.0X018-6K-S-08.8- SRUBA DIN933;st-stal-weglowa;5764;3;5435
1101040020B88I017T;S04.0X020-6K-B-08.8-SRUBA ISO4017  ;;1101;Śruba z łbem 6-kątnym z gwintem na całości S04.0X020-6K-B-08.8-SRUBA ISO4017;st-stal-weglowa;5764;3;5435
1101040020S88D933T;S04.0X020-6K-S-08.8- SRUBA DIN933;;1101;Śruba z łbem 6-kątnym z gwintem na całości S04.0X020-6K-S-08.8- SRUBA DIN933;st-stal-weglowa;5764;3;5435
1101040022B88I017T;S04.0X022-6K-B-08.8-SRUBA ISO4017  ;;1101;Śruba z łbem 6-kątnym z gwintem na całości S04.0X022-6K-B-08.8-SRUBA ISO4017;st-stal-weglowa;5764;3;5435
1101040022S88D933T;S04.0X022-6K-S-08.8- SRUBA DIN933;;1101;Śruba z łbem 6-kątnym z gwintem na całości S04.0X022-6K-S-08.8- SRUBA DIN933;st-stal-weglowa;5764;3;5435
1101040025B88I017T;S04.0X025-6K-B-08.8-SRUBA ISO4017  ;;1101;Śruba z łbem 6-kątnym z gwintem na całości S04.0X025-6K-B-08.8-SRUBA ISO4017;st-stal-weglowa;5764;3;5435
1101040025S88D933T;S04.0X025-6K-S-08.8- SRUBA DIN933;;1101;Śruba z łbem 6-kątnym z gwintem na całości S04.0X025-6K-S-08.8- SRUBA DIN933;st-stal-weglowa;5764;3;5435
1101040030B88I017T;S04.0X030-6K-B-08.8-SRUBA ISO4017  ;;1101;Śruba z łbem 6-kątnym z gwintem na całości S04.0X030-6K-B-08.8-SRUBA ISO4017;st-stal-weglowa;5764;3;5435
1101040030S88D933T;S04.0X030-6K-S-08.8- SRUBA DIN933;;1101;Śruba z łbem 6-kątnym z gwintem na całości S04.0X030-6K-S-08.8- SRUBA DIN933;st-stal-weglowa;5764;3;5435
1101040035B88I017T;S04.0X035-6K-B-08.8-SRUBA ISO4017;;1101;Śruba z łbem 6-kątnym z gwintem na całości S04.0X035-6K-B-08.8-SRUBA ISO4017;st-stal-weglowa;5764;3;5435
1101040035MD933T;S04.0X035-6K-M- SRUBA DIN933;;1101;Śruba z łbem 6-kątnym z gwintem na całości S04.0X035-6K-M- SRUBA DIN933;st-stal-weglowa;5764;3;5435
1101040035S88D933T;S04.0X035-6K-S-08.8- SRUBA DIN933;;1101;Śruba z łbem 6-kątnym z gwintem na całości S04.0X035-6K-S-08.8- SRUBA DIN933;st-stal-weglowa;5764;3;5435
1101040040B88I017T;S04.0X040-6K-B-08.8-SRUBA ISO4017;;1101;Śruba z łbem 6-kątnym z gwintem na całości S04.0X040-6K-B-08.8-SRUBA ISO4017;st-stal-weglowa;5764;3;5435
1101040040S88D933T;S04.0X040-6K-S-08.8- SRUBA DIN933;;1101;Śruba z łbem 6-kątnym z gwintem na całości S04.0X040-6K-S-08.8- SRUBA DIN933;st-stal-weglowa;5764;3;5435
1101040045B88I017T;S04.0X045-6K-B-08.8-SRUBA ISO4017;;1101;Śruba z łbem 6-kątnym z gwintem na całości S04.0X045-6K-B-08.8-SRUBA ISO4017;st-stal-weglowa;5764;3;5435
1101040045S88D933T;S04.0X045-6K-S-08.8- SRUBA DIN933;;1101;Śruba z łbem 6-kątnym z gwintem na całości S04.0X045-6K-S-08.8- SRUBA DIN933;st-stal-weglowa;5764;3;5435
1101040050B88I017T;S04.0X050-6K-B-08.8-SRUBA ISO4017;;1101;Śruba z łbem 6-kątnym z gwintem na całości S04.0X050-6K-B-08.8-SRUBA ISO4017;st-stal-weglowa;5764;3;5435
1101040050S88D933T;S04.0X050-6K-S-08.8- SRUBA DIN933;;1101;Śruba z łbem 6-kątnym z gwintem na całości S04.0X050-6K-S-08.8- SRUBA DIN933;st-stal-weglowa;5764;3;5435
1101040055B88I017T;S04.0X055-6K-B-08.8-SRUBA ISO4017;;1101;Śruba z łbem 6-kątnym z gwintem na całości S04.0X055-6K-B-08.8-SRUBA ISO4017;st-stal-weglowa;5764;3;5435
1101040055S88D933T;S04.0X055-6K-S-08.8- SRUBA DIN933;;1101;Śruba z łbem 6-kątnym z gwintem na całości S04.0X055-6K-S-08.8- SRUBA DIN933;st-stal-weglowa;5764;3;5435
1101040060B88I017T;S04.0X060-6K-B-08.8-SRUBA ISO4017;;1101;Śruba z łbem 6-kątnym z gwintem na całości S04.0X060-6K-B-08.8-SRUBA ISO4017;st-stal-weglowa;5764;3;5435
1101040060S88D933T;S04.0X060-6K-S-08.8- SRUBA DIN933;;1101;Śruba z łbem 6-kątnym z gwintem na całości S04.0X060-6K-S-08.8- SRUBA DIN933;st-stal-weglowa;5764;3;5435
1101040065S88D933T;S04.0X065-6K-S-08.8- SRUBA DIN933;;1101;Śruba z łbem 6-kątnym z gwintem na całości S04.0X065-6K-S-08.8- SRUBA DIN933;st-stal-weglowa;5764;3;5435
1101040070B88I017T;S04.0X070-6K-B-08.8-SRUBA ISO4017;;1101;Śruba z łbem 6-kątnym z gwintem na całości S04.0X070-6K-B-08.8-SRUBA ISO4017;st-stal-weglowa;5764;3;5435
1101040070S88D933T;S04.0X070-6K-S-08.8- SRUBA DIN933;;1101;Śruba z łbem 6-kątnym z gwintem na całości S04.0X070-6K-S-08.8- SRUBA DIN933;st-stal-weglowa;5764;3;5435
1101050006B88I017T;S05.0X006-6K-B-08.8-SRUBA ISO4017;;1101;Śruba z łbem 6-kątnym z gwintem na całości S05.0X006-6K-B-08.8-SRUBA ISO4017;st-stal-weglowa;5764;3;5435
1101050006S88D933T;S05.0X006-6K-S-08.8- SRUBA DIN933;;1101;Śruba z łbem 6-kątnym z gwintem na całości S05.0X006-6K-S-08.8- SRUBA DIN933;st-stal-weglowa;5764;3;5435
1101050008B88I017T;S05.0X008-6K-B-08.8-SRUBA ISO4017;;1101;Śruba z łbem 6-kątnym z gwintem na całości S05.0X008-6K-B-08.8-SRUBA ISO4017;st-stal-weglowa;5764;3;5435
1101050008S88D933T;S05.0X008-6K-S-08.8- SRUBA DIN933;;1101;Śruba z łbem 6-kątnym z gwintem na całości S05.0X008-6K-S-08.8- SRUBA DIN933;st-stal-weglowa;5764;3;5435
1101050010B88I017T;S05.0X010-6K-B-08.8-SRUBA ISO4017;;1101;Śruba z łbem 6-kątnym z gwintem na całości S05.0X010-6K-B-08.8-SRUBA ISO4017;st-stal-weglowa;5764;3;5435
1101050010S88D933T;S05.0X010-6K-S-08.8- SRUBA DIN933;;1101;Śruba z łbem 6-kątnym z gwintem na całości S05.0X010-6K-S-08.8- SRUBA DIN933;st-stal-weglowa;5764;3;5435
1101050012B88I017T;S05.0X012-6K-B-08.8-SRUBA ISO4017;;1101;Śruba z łbem 6-kątnym z gwintem na całości S05.0X012-6K-B-08.8-SRUBA ISO4017;st-stal-weglowa;5764;3;5435
1101050012S88D933T;S05.0X012-6K-S-08.8- SRUBA DIN933;;1101;Śruba z łbem 6-kątnym z gwintem na całości S05.0X012-6K-S-08.8- SRUBA DIN933;st-stal-weglowa;5764;3;5435
1101050014B88I017T;S05.0X014-6K-B-08.8-SRUBA ISO4017;;1101;Śruba z łbem 6-kątnym z gwintem na całości S05.0X014-6K-B-08.8-SRUBA ISO4017;st-stal-weglowa;5764;3;5435
1101050014S88D933T;S05.0X014-6K-S-08.8- SRUBA DIN933;;1101;Śruba z łbem 6-kątnym z gwintem na całości S05.0X014-6K-S-08.8- SRUBA DIN933;st-stal-weglowa;5764;3;5435
1101050016B88I017T;S05.0X016-6K-B-08.8-SRUBA ISO4017;;1101;Śruba z łbem 6-kątnym z gwintem na całości S05.0X016-6K-B-08.8-SRUBA ISO4017;st-stal-weglowa;5764;3;5435
1101050016C88D933T;S05.0X016-6K-C-08.8- SRUBA DIN933;;1101;Śruba z łbem 6-kątnym z gwintem na całości S05.0X016-6K-C-08.8- SRUBA DIN933;st-stal-weglowa;5764;3;5435
1101050016S88D933T;S05.0X016-6K-S-08.8- SRUBA DIN933;;1101;Śruba z łbem 6-kątnym z gwintem na całości S05.0X016-6K-S-08.8- SRUBA DIN933;st-stal-weglowa;5764;3;5435
1101050018B88I017T;S05.0X018-6K-B-08.8-SRUBA ISO4017;;1101;Śruba z łbem 6-kątnym z gwintem na całości S05.0X018-6K-B-08.8-SRUBA ISO4017;st-stal-weglowa;5764;3;5435
1101050018S88D933T;S05.0X018-6K-S-08.8- SRUBA DIN933;;1101;Śruba z łbem 6-kątnym z gwintem na całości S05.0X018-6K-S-08.8- SRUBA DIN933;st-stal-weglowa;5764;3;5435
1101050020B88I017T;S05.0X020-6K-B-08.8-SRUBA ISO4017;;1101;Śruba z łbem 6-kątnym z gwintem na całości S05.0X020-6K-B-08.8-SRUBA ISO4017;st-stal-weglowa;5764;3;5435
1101050020S88D933T;S05.0X020-6K-S-08.8- SRUBA DIN933;;1101;Śruba z łbem 6-kątnym z gwintem na całości S05.0X020-6K-S-08.8- SRUBA DIN933;st-stal-weglowa;5764;3;5435
1101050022B88I017T;S05.0X022-6K-B-08.8-SRUBA ISO4017;;1101;Śruba z łbem 6-kątnym z gwintem na całości S05.0X022-6K-B-08.8-SRUBA ISO4017;st-stal-weglowa;5764;3;5435
1101050022S88D933T;S05.0X022-6K-S-08.8- SRUBA DIN933;;1101;Śruba z łbem 6-kątnym z gwintem na całości S05.0X022-6K-S-08.8- SRUBA DIN933;st-stal-weglowa;5764;3;5435
1101050025B88I017T;S05.0X025-6K-B-08.8-SRUBA ISO4017;;1101;Śruba z łbem 6-kątnym z gwintem na całości S05.0X025-6K-B-08.8-SRUBA ISO4017;st-stal-weglowa;5764;3;5435
1101050025S88D933T;S05.0X025-6K-S-08.8- SRUBA DIN933;;1101;Śruba z łbem 6-kątnym z gwintem na całości S05.0X025-6K-S-08.8- SRUBA DIN933;st-stal-weglowa;5764;3;5435
1101050030B88I017T;S05.0X030-6K-B-08.8-SRUBA ISO4017;;1101;Śruba z łbem 6-kątnym z gwintem na całości S05.0X030-6K-B-08.8-SRUBA ISO4017;st-stal-weglowa;5764;3;5435
1101050030S88D933T;S05.0X030-6K-S-08.8- SRUBA DIN933;;1101;Śruba z łbem 6-kątnym z gwintem na całości S05.0X030-6K-S-08.8- SRUBA DIN933;st-stal-weglowa;5764;3;5435
1101050035B88I017T;S05.0X035-6K-B-08.8-SRUBA ISO4017;;1101;Śruba z łbem 6-kątnym z gwintem na całości S05.0X035-6K-B-08.8-SRUBA ISO4017;st-stal-weglowa;5764;3;5435
1101050035S88D933T;S05.0X035-6K-S-08.8- SRUBA DIN933;;1101;Śruba z łbem 6-kątnym z gwintem na całości S05.0X035-6K-S-08.8- SRUBA DIN933;st-stal-weglowa;5764;3;5435
1101050040B88I017T;S05.0X040-6K-B-08.8-SRUBA ISO4017;;1101;Śruba z łbem 6-kątnym z gwintem na całości S05.0X040-6K-B-08.8-SRUBA ISO4017;st-stal-weglowa;5764;3;5435
1101050040S88D933T;S05.0X040-6K-S-08.8- SRUBA DIN933;;1101;Śruba z łbem 6-kątnym z gwintem na całości S05.0X040-6K-S-08.8- SRUBA DIN933;st-stal-weglowa;5764;3;5435
1101050045B88I017T;S05.0X045-6K-B-08.8-SRUBA ISO4017;;1101;Śruba z łbem 6-kątnym z gwintem na całości S05.0X045-6K-B-08.8-SRUBA ISO4017;st-stal-weglowa;5764;3;5435
1101050045S88D933T;S05.0X045-6K-S-08.8- SRUBA DIN933;;1101;Śruba z łbem 6-kątnym z gwintem na całości S05.0X045-6K-S-08.8- SRUBA DIN933;st-stal-weglowa;5764;3;5435
1101050050B88I017T;S05.0X050-6K-B-08.8-SRUBA ISO4017;;1101;Śruba z łbem 6-kątnym z gwintem na całości S05.0X050-6K-B-08.8-SRUBA ISO4017;st-stal-weglowa;5764;3;5435
1101050050S88D933T;S05.0X050-6K-S-08.8- SRUBA DIN933;;1101;Śruba z łbem 6-kątnym z gwintem na całości S05.0X050-6K-S-08.8- SRUBA DIN933;st-stal-weglowa;5764;3;5435
1101050055B88I017T;S05.0X055-6K-B-08.8-SRUBA ISO4017;;1101;Śruba z łbem 6-kątnym z gwintem na całości S05.0X055-6K-B-08.8-SRUBA ISO4017;st-stal-weglowa;5764;3;5435
1101050055S88D933T;S05.0X055-6K-S-08.8- SRUBA DIN933;;1101;Śruba z łbem 6-kątnym z gwintem na całości S05.0X055-6K-S-08.8- SRUBA DIN933;st-stal-weglowa;5764;3;5435
1101050060B88I017T;S05.0X060-6K-B-08.8-SRUBA ISO4017;;1101;Śruba z łbem 6-kątnym z gwintem na całości S05.0X060-6K-B-08.8-SRUBA ISO4017;st-stal-weglowa;5764;3;5435
1101050060S88D933T;S05.0X060-6K-S-08.8- SRUBA DIN933;;1101;Śruba z łbem 6-kątnym z gwintem na całości S05.0X060-6K-S-08.8- SRUBA DIN933;st-stal-weglowa;5764;3;5435
1101050065B88I017T;S05.0X065-6K-B-08.8-SRUBA ISO4017;;1101;Śruba z łbem 6-kątnym z gwintem na całości S05.0X065-6K-B-08.8-SRUBA ISO4017;st-stal-weglowa;5764;3;5435
1101050065S88D933T;S05.0X065-6K-S-08.8- SRUBA DIN933;;1101;Śruba z łbem 6-kątnym z gwintem na całości S05.0X065-6K-S-08.8- SRUBA DIN933;st-stal-weglowa;5764;3;5435
1101050070B88I017T;S05.0X070-6K-B-08.8-SRUBA ISO4017;;1101;Śruba z łbem 6-kątnym z gwintem na całości S05.0X070-6K-B-08.8-SRUBA ISO4017;st-stal-weglowa;5764;3;5435
1101050070S88D933T;S05.0X070-6K-S-08.8- SRUBA DIN933;;1101;Śruba z łbem 6-kątnym z gwintem na całości S05.0X070-6K-S-08.8- SRUBA DIN933;st-stal-weglowa;5764;3;5435
1101050075B88I017T;S05.0X075-6K-B-08.8-SRUBA ISO4017;;1101;Śruba z łbem 6-kątnym z gwintem na całości S05.0X075-6K-B-08.8-SRUBA ISO4017;st-stal-weglowa;5764;3;5435
1101050080B88I017T;S05.0X080-6K-B-08.8-SRUBA ISO4017;;1101;Śruba z łbem 6-kątnym z gwintem na całości S05.0X080-6K-B-08.8-SRUBA ISO4017;st-stal-weglowa;5764;3;5435
1101050080S88D933T;S05.0X080-6K-S-08.8- SRUBA DIN933;;1101;Śruba z łbem 6-kątnym z gwintem na całości S05.0X080-6K-S-08.8- SRUBA DIN933;st-stal-weglowa;5764;3;5435
1101050090B88I017T;S05.0X090-6K-B-08.8-SRUBA ISO4017;;1101;Śruba z łbem 6-kątnym z gwintem na całości S05.0X090-6K-B-08.8-SRUBA ISO4017;st-stal-weglowa;5764;3;5435
1101050090S88D933T;S05.0X090-6K-S-08.8- SRUBA DIN933;;1101;Śruba z łbem 6-kątnym z gwintem na całości S05.0X090-6K-S-08.8- SRUBA DIN933;st-stal-weglowa;5764;3;5435
1101050100B88I017T;S05.0X100-6K-B-08.8-SRUBA ISO4017;;1101;Śruba z łbem 6-kątnym z gwintem na całości S05.0X100-6K-B-08.8-SRUBA ISO4017;st-stal-weglowa;5764;3;5435
1101050100S88D933T;S05.0X100-6K-S-08.8- SRUBA DIN933;;1101;Śruba z łbem 6-kątnym z gwintem na całości S05.0X100-6K-S-08.8- SRUBA DIN933;st-stal-weglowa;5764;3;5435
1101060006B88I017T;S06.0X006-6K-B-08.8-SRUBA ISO4017;;1101;Śruba z łbem 6-kątnym z gwintem na całości S06.0X006-6K-B-08.8-SRUBA ISO4017;st-stal-weglowa;5764;3;5435
1101060006S88D933T;S06.0X006-6K-S-08.8- SRUBA DIN933;;1101;Śruba z łbem 6-kątnym z gwintem na całości S06.0X006-6K-S-08.8- SRUBA DIN933;st-stal-weglowa;5764;3;5435
1101060008B88I017T;S06.0X008-6K-B-08.8-SRUBA ISO4017;;1101;Śruba z łbem 6-kątnym z gwintem na całości S06.0X008-6K-B-08.8-SRUBA ISO4017;st-stal-weglowa;5764;3;5435
1101060008S88D933T;S06.0X008-6K-S-08.8- SRUBA DIN933;;1101;Śruba z łbem 6-kątnym z gwintem na całości S06.0X008-6K-S-08.8- SRUBA DIN933;st-stal-weglowa;5764;3;5435
1101060010B88I017T;S06.0X010-6K-B-08.8-SRUBA ISO4017;;1101;Śruba z łbem 6-kątnym z gwintem na całości S06.0X010-6K-B-08.8-SRUBA ISO4017;st-stal-weglowa;5764;3;5435
1101060010S88D933T;S06.0X010-6K-S-08.8- SRUBA DIN933;;1101;Śruba z łbem 6-kątnym z gwintem na całości S06.0X010-6K-S-08.8- SRUBA DIN933;st-stal-weglowa;5764;3;5435
1101060012B58P2G3K;S06.0X012-6K-5.8-P2G360C-D933 MIN.360H/C;;1101;Śruba z łbem 6-kątnym z gwintem na całości S06.0X012-6K-5.8-P2G360C-D933 MIN.360H/C;st-stal-weglowa;5764;3;5435
1101060012B88I017T;S06.0X012-6K-B-08.8-SRUBA ISO4017;;1101;Śruba z łbem 6-kątnym z gwintem na całości S06.0X012-6K-B-08.8-SRUBA ISO4017;st-stal-weglowa;5764;3;5435
1101060012S88D933T;S06.0X012-6K-S-08.8- SRUBA DIN933;;1101;Śruba z łbem 6-kątnym z gwintem na całości S06.0X012-6K-S-08.8- SRUBA DIN933;st-stal-weglowa;5764;3;5435
1101060014B88I017T;S06.0X014-6K-B-08.8-SRUBA ISO4017;;1101;Śruba z łbem 6-kątnym z gwintem na całości S06.0X014-6K-B-08.8-SRUBA ISO4017;st-stal-weglowa;5764;3;5435
1101060014S88D933T;S06.0X014-6K-S-08.8- SRUBA DIN933;;1101;Śruba z łbem 6-kątnym z gwintem na całości S06.0X014-6K-S-08.8- SRUBA DIN933;st-stal-weglowa;5764;3;5435
1101060016B88I017T;S06.0X016-6K-B-08.8-SRUBA ISO4017;;1101;Śruba z łbem 6-kątnym z gwintem na całości S06.0X016-6K-B-08.8-SRUBA ISO4017;st-stal-weglowa;5764;3;5435
1101060016S88D933T;S06.0X016-6K-S-08.8- SRUBA DIN933;;1101;Śruba z łbem 6-kątnym z gwintem na całości S06.0X016-6K-S-08.8- SRUBA DIN933;st-stal-weglowa;5764;3;5435
1101060018B88I017T;S06.0X018-6K-B-08.8-SRUBA ISO4017;;1101;Śruba z łbem 6-kątnym z gwintem na całości S06.0X018-6K-B-08.8-SRUBA ISO4017;st-stal-weglowa;5764;3;5435
1101060018S88D933T;S06.0X018-6K-S-08.8- SRUBA DIN933;;1101;Śruba z łbem 6-kątnym z gwintem na całości S06.0X018-6K-S-08.8- SRUBA DIN933;st-stal-weglowa;5764;3;5435
1101060020B88I017T;S06.0X020-6K-B-08.8-SRUBA ISO4017;;1101;Śruba z łbem 6-kątnym z gwintem na całości S06.0X020-6K-B-08.8-SRUBA ISO4017;st-stal-weglowa;5764;3;5435
1101060020S88D933T;S06.0X020-6K-S-08.8- SRUBA DIN933;;1101;Śruba z łbem 6-kątnym z gwintem na całości S06.0X020-6K-S-08.8- SRUBA DIN933;st-stal-weglowa;5764;3;5435
1101060022B88I017T;S06.0X022-6K-B-08.8-SRUBA ISO4017;;1101;Śruba z łbem 6-kątnym z gwintem na całości S06.0X022-6K-B-08.8-SRUBA ISO4017;st-stal-weglowa;5764;3;5435
1101060022S88D933T;S06.0X022-6K-S-08.8- SRUBA DIN933;;1101;Śruba z łbem 6-kątnym z gwintem na całości S06.0X022-6K-S-08.8- SRUBA DIN933;st-stal-weglowa;5764;3;5435
1101060025B58F07T;S06.0X025-6K-B-05.8- SRUBA DIN933 F07;;1101;Śruba z łbem 6-kątnym z gwintem na całości S06.0X025-6K-B-05.8- SRUBA DIN933 F07;st-stal-weglowa;5764;3;5435
1101060025B88I017T;S06.0X025-6K-B-08.8-SRUBA ISO4017;;1101;Śruba z łbem 6-kątnym z gwintem na całości S06.0X025-6K-B-08.8-SRUBA ISO4017;st-stal-weglowa;5764;3;5435
1101060025S88D933T;S06.0X025-6K-S-08.8- SRUBA DIN933;;1101;Śruba z łbem 6-kątnym z gwintem na całości S06.0X025-6K-S-08.8- SRUBA DIN933;st-stal-weglowa;5764;3;5435
1101060028B88I017T;S06.0X028-6K-B-08.8-SRUBA ISO4017;;1101;Śruba z łbem 6-kątnym z gwintem na całości S06.0X028-6K-B-08.8-SRUBA ISO4017;st-stal-weglowa;5764;3;5435
1101060028S88D933T;S06.0X028-6K-S-08.8- SRUBA DIN933;;1101;Śruba z łbem 6-kątnym z gwintem na całości S06.0X028-6K-S-08.8- SRUBA DIN933;st-stal-weglowa;5764;3;5435
1101060030B58F07T;S06.0X030-6K-B-05.8- SRUBA DIN933 F07;;1101;Śruba z łbem 6-kątnym z gwintem na całości S06.0X030-6K-B-05.8- SRUBA DIN933 F07;st-stal-weglowa;5764;3;5435
1101060030B88I017T;S06.0X030-6K-B-08.8-SRUBA ISO4017;;1101;Śruba z łbem 6-kątnym z gwintem na całości S06.0X030-6K-B-08.8-SRUBA ISO4017;st-stal-weglowa;5764;3;5435
1101060030S88D933T;S06.0X030-6K-S-08.8- SRUBA DIN933;;1101;Śruba z łbem 6-kątnym z gwintem na całości S06.0X030-6K-S-08.8- SRUBA DIN933;st-stal-weglowa;5764;3;5435
1101060035B58F07T;S06.0X035-6K-B-05.8- SRUBA DIN933 F07;;1101;Śruba z łbem 6-kątnym z gwintem na całości S06.0X035-6K-B-05.8- SRUBA DIN933 F07;st-stal-weglowa;5764;3;5435
1101060035B88I017T;S06.0X035-6K-B-08.8-SRUBA ISO4017;;1101;Śruba z łbem 6-kątnym z gwintem na całości S06.0X035-6K-B-08.8-SRUBA ISO4017;st-stal-weglowa;5764;3;5435
1101060035S88D933T;S06.0X035-6K-S-08.8- SRUBA DIN933;;1101;Śruba z łbem 6-kątnym z gwintem na całości S06.0X035-6K-S-08.8- SRUBA DIN933;st-stal-weglowa;5764;3;5435
1101060040B58F07T;S06.0X040-6K-B-05.8- SRUBA DIN933 F07;;1101;Śruba z łbem 6-kątnym z gwintem na całości S06.0X040-6K-B-05.8- SRUBA DIN933 F07;st-stal-weglowa;5764;3;5435
1101060040B88F07T;S06.0X040-6K-B-08.8- SRUBA DIN933 F07;;1101;Śruba z łbem 6-kątnym z gwintem na całości S06.0X040-6K-B-08.8- SRUBA DIN933 F07;st-stal-weglowa;5764;3;5435
1101060040B88I017T;S06.0X040-6K-B-08.8-SRUBA ISO4017;;1101;Śruba z łbem 6-kątnym z gwintem na całości S06.0X040-6K-B-08.8-SRUBA ISO4017;st-stal-weglowa;5764;3;5435
1101060040S88D933T;S06.0X040-6K-S-08.8- SRUBA DIN933;;1101;Śruba z łbem 6-kątnym z gwintem na całości S06.0X040-6K-S-08.8- SRUBA DIN933;st-stal-weglowa;5764;3;5435
1101060045B88I017T;S06.0X045-6K-B-08.8-SRUBA ISO4017;;1101;Śruba z łbem 6-kątnym z gwintem na całości S06.0X045-6K-B-08.8-SRUBA ISO4017;st-stal-weglowa;5764;3;5435
1101060045S10D933T;S06.0X045-6K-S-10.9- SRUBA DIN933;;1101;Śruba z łbem 6-kątnym z gwintem na całości S06.0X045-6K-S-10.9- SRUBA DIN933;st-stal-weglowa;5764;3;5435
1101060045S88D933T;S06.0X045-6K-S-08.8- SRUBA DIN933;;1101;Śruba z łbem 6-kątnym z gwintem na całości S06.0X045-6K-S-08.8- SRUBA DIN933;st-stal-weglowa;5764;3;5435
1101060050B58F07T;S06.0X050-6K-B-05.8- SRUBA DIN933 F07;;1101;Śruba z łbem 6-kątnym z gwintem na całości S06.0X050-6K-B-05.8- SRUBA DIN933 F07;st-stal-weglowa;5764;3;5435
1101060050B88I017T;S06.0X050-6K-B-08.8-SRUBA ISO4017;;1101;Śruba z łbem 6-kątnym z gwintem na całości S06.0X050-6K-B-08.8-SRUBA ISO4017;st-stal-weglowa;5764;3;5435
1101060050S88D933T;S06.0X050-6K-S-08.8- SRUBA DIN933;;1101;Śruba z łbem 6-kątnym z gwintem na całości S06.0X050-6K-S-08.8- SRUBA DIN933;st-stal-weglowa;5764;3;5435
1101060055B58F07T;S06.0X055-6K-B-05.8- SRUBA DIN933 F07;;1101;Śruba z łbem 6-kątnym z gwintem na całości S06.0X055-6K-B-05.8- SRUBA DIN933 F07;st-stal-weglowa;5764;3;5435
1101060055B88I017T;S06.0X055-6K-B-08.8-SRUBA ISO4017;;1101;Śruba z łbem 6-kątnym z gwintem na całości S06.0X055-6K-B-08.8-SRUBA ISO4017;st-stal-weglowa;5764;3;5435
1101060055S10D933T;S06.0X055-6K-S-10.9- SRUBA DIN933;;1101;Śruba z łbem 6-kątnym z gwintem na całości S06.0X055-6K-S-10.9- SRUBA DIN933;st-stal-weglowa;5764;3;5435
1101060060B58F07T;S06.0X060-6K-B-05.8- SRUBA DIN933 F07;;1101;Śruba z łbem 6-kątnym z gwintem na całości S06.0X060-6K-B-05.8- SRUBA DIN933 F07;st-stal-weglowa;5764;3;5435
1101060060B88I017T;S06.0X060-6K-B-08.8-SRUBA ISO4017;;1101;Śruba z łbem 6-kątnym z gwintem na całości S06.0X060-6K-B-08.8-SRUBA ISO4017;st-stal-weglowa;5764;3;5435
1101060065B58F07T;S06.0X065-6K-B-05.8- SRUBA DIN933 F07;;1101;Śruba z łbem 6-kątnym z gwintem na całości S06.0X065-6K-B-05.8- SRUBA DIN933 F07;st-stal-weglowa;5764;3;5435
1101060065B88I017T;S06.0X065-6K-B-08.8-SRUBA ISO4017;;1101;Śruba z łbem 6-kątnym z gwintem na całości S06.0X065-6K-B-08.8-SRUBA ISO4017;st-stal-weglowa;5764;3;5435
1101060070B58F07T;S06.0X070-6K-B-05.8- SRUBA DIN933 F07;;1101;Śruba z łbem 6-kątnym z gwintem na całości S06.0X070-6K-B-05.8- SRUBA DIN933 F07;st-stal-weglowa;5764;3;5435
1101060070B88I017T;S06.0X070-6K-B-08.8-SRUBA ISO4017;;1101;Śruba z łbem 6-kątnym z gwintem na całości S06.0X070-6K-B-08.8-SRUBA ISO4017;st-stal-weglowa;5764;3;5435
1101060075B88I017T;S06.0X075-6K-B-08.8-SRUBA ISO4017;;1101;Śruba z łbem 6-kątnym z gwintem na całości S06.0X075-6K-B-08.8-SRUBA ISO4017;st-stal-weglowa;5764;3;5435
1101060080B88F07T;S06.0X080-6K-B-08.8- SRUBA DIN933 F07;;1101;Śruba z łbem 6-kątnym z gwintem na całości S06.0X080-6K-B-08.8- SRUBA DIN933 F07;st-stal-weglowa;5764;3;5435
1101060080B88I017T;S06.0X080-6K-B-08.8-SRUBA ISO4017;;1101;Śruba z łbem 6-kątnym z gwintem na całości S06.0X080-6K-B-08.8-SRUBA ISO4017;st-stal-weglowa;5764;3;5435
1101060085B88I017T;S06.0X085-6K-B-08.8-SRUBA ISO4017;;1101;Śruba z łbem 6-kątnym z gwintem na całości S06.0X085-6K-B-08.8-SRUBA ISO4017;st-stal-weglowa;5764;3;5435
1101060090B58F07T;S06.0X090-6K-B-05.8- SRUBA DIN933 F07;;1101;Śruba z łbem 6-kątnym z gwintem na całości S06.0X090-6K-B-05.8- SRUBA DIN933 F07;st-stal-weglowa;5764;3;5435
1101060090B88I017T;S06.0X090-6K-B-08.8-SRUBA ISO4017;;1101;Śruba z łbem 6-kątnym z gwintem na całości S06.0X090-6K-B-08.8-SRUBA ISO4017;st-stal-weglowa;5764;3;5435
1101060100B58F07T;S06.0X100-6K-B-05.8- SRUBA DIN933 F07;;1101;Śruba z łbem 6-kątnym z gwintem na całości S06.0X100-6K-B-05.8- SRUBA DIN933 F07;st-stal-weglowa;5764;3;5435
1101060100B88I017T;S06.0X100-6K-B-08.8-SRUBA ISO4017;;1101;Śruba z łbem 6-kątnym z gwintem na całości S06.0X100-6K-B-08.8-SRUBA ISO4017;st-stal-weglowa;5764;3;5435
1101060110B88I017T;S06.0X110-6K-B-08.8-SRUBA ISO4017;;1101;Śruba z łbem 6-kątnym z gwintem na całości S06.0X110-6K-B-08.8-SRUBA ISO4017;st-stal-weglowa;5764;3;5435
1101060120B58D933T;S06.0X120-6K-B-05.8- SRUBA DIN933;;1101;Śruba z łbem 6-kątnym z gwintem na całości S06.0X120-6K-B-05.8- SRUBA DIN933;st-stal-weglowa;5764;3;5435
1101060120B58F07T;S06.0X120-6K-B-05.8- SRUBA DIN933 F07;;1101;Śruba z łbem 6-kątnym z gwintem na całości S06.0X120-6K-B-05.8- SRUBA DIN933 F07;st-stal-weglowa;5764;3;5435
1101060120B88I017T;S06.0X120-6K-B-08.8-SRUBA ISO4017;;1101;Śruba z łbem 6-kątnym z gwintem na całości S06.0X120-6K-B-08.8-SRUBA ISO4017;st-stal-weglowa;5764;3;5435
1101060130B88I017T;S06.0X130-6K-B-08.8-SRUBA ISO4017;;1101;Śruba z łbem 6-kątnym z gwintem na całości S06.0X130-6K-B-08.8-SRUBA ISO4017;st-stal-weglowa;5764;3;5435
1101060140B88I017T;S06.0X140-6K-B-08.8-SRUBA ISO4017;;1101;Śruba z łbem 6-kątnym z gwintem na całości S06.0X140-6K-B-08.8-SRUBA ISO4017;st-stal-weglowa;5764;3;5435
1101060150B88I017T;S06.0X150-6K-B-08.8-SRUBA ISO4017;;1101;Śruba z łbem 6-kątnym z gwintem na całości S06.0X150-6K-B-08.8-SRUBA ISO4017;st-stal-weglowa;5764;3;5435
1101070012B88I017T;S07.0X012-6K-B-08.8-SRUBA ISO4017;;1101;Śruba z łbem 6-kątnym z gwintem na całości S07.0X012-6K-B-08.8-SRUBA ISO4017;st-stal-weglowa;5764;3;5435
1101070016B88I017T;S07.0X016-6K-B-08.8-SRUBA ISO4017;;1101;Śruba z łbem 6-kątnym z gwintem na całości S07.0X016-6K-B-08.8-SRUBA ISO4017;st-stal-weglowa;5764;3;5435
1101070020B88I017T;S07.0X020-6K-B-08.8-SRUBA ISO4017;;1101;Śruba z łbem 6-kątnym z gwintem na całości S07.0X020-6K-B-08.8-SRUBA ISO4017;st-stal-weglowa;5764;3;5435
1101070025B88I017T;S07.0X025-6K-B-08.8-SRUBA ISO4017;;1101;Śruba z łbem 6-kątnym z gwintem na całości S07.0X025-6K-B-08.8-SRUBA ISO4017;st-stal-weglowa;5764;3;5435
1101070030B88I017T;S07.0X030-6K-B-08.8-SRUBA ISO4017;;1101;Śruba z łbem 6-kątnym z gwintem na całości S07.0X030-6K-B-08.8-SRUBA ISO4017;st-stal-weglowa;5764;3;5435
1101070040B88I017T;S07.0X040-6K-B-08.8-SRUBA ISO4017;;1101;Śruba z łbem 6-kątnym z gwintem na całości S07.0X040-6K-B-08.8-SRUBA ISO4017;st-stal-weglowa;5764;3;5435
1101070045B88I017T;S07.0X045-6K-B-08.8-SRUBA ISO4017;;1101;Śruba z łbem 6-kątnym z gwintem na całości S07.0X045-6K-B-08.8-SRUBA ISO4017;st-stal-weglowa;5764;3;5435
1101080008B88I017T;S08.0X008-6K-B-08.8-SRUBA ISO4017;;1101;Śruba z łbem 6-kątnym z gwintem na całości S08.0X008-6K-B-08.8-SRUBA ISO4017;st-stal-weglowa;5764;3;5435
1101080010B88I017T;S08.0X010-6K-B-08.8-SRUBA ISO4017;;1101;Śruba z łbem 6-kątnym z gwintem na całości S08.0X010-6K-B-08.8-SRUBA ISO4017;st-stal-weglowa;5764;3;5435
1101080012B88I017T;S08.0X012-6K-B-08.8-SRUBA ISO4017;;1101;Śruba z łbem 6-kątnym z gwintem na całości S08.0X012-6K-B-08.8-SRUBA ISO4017;st-stal-weglowa;5764;3;5435
1101080014B88I017T;S08.0X014-6K-B-08.8-SRUBA ISO4017;;1101;Śruba z łbem 6-kątnym z gwintem na całości S08.0X014-6K-B-08.8-SRUBA ISO4017;st-stal-weglowa;5764;3;5435
1101080016B88I017T;S08.0X016-6K-B-08.8-SRUBA ISO4017;;1101;Śruba z łbem 6-kątnym z gwintem na całości S08.0X016-6K-B-08.8-SRUBA ISO4017;st-stal-weglowa;5764;3;5435
1101080016BK88933T;S08.0X016-6K-B-08.8-KLF  SRUBA DIN933;;1101;Śruba z łbem 6-kątnym z gwintem na całości S08.0X016-6K-B-08.8-KLF  SRUBA DIN933;st-stal-weglowa;5764;3;5435
1101080016C88D933T;S08.0X016-6K-C-08.8- SRUBA DIN933;;1101;Śruba z łbem 6-kątnym z gwintem na całości S08.0X016-6K-C-08.8- SRUBA DIN933;st-stal-weglowa;5764;3;5435
1101080018B88I017T;S08.0X018-6K-B-08.8-SRUBA ISO4017;;1101;Śruba z łbem 6-kątnym z gwintem na całości S08.0X018-6K-B-08.8-SRUBA ISO4017;st-stal-weglowa;5764;3;5435
1101080020B58F07T;S08.0X020-6K-B-05.8- SRUBA DIN933 F07;;1101;Śruba z łbem 6-kątnym z gwintem na całości S08.0X020-6K-B-05.8- SRUBA DIN933 F07;st-stal-weglowa;5764;3;5435
1101080020B88I017T;S08.0X020-6K-B-08.8-SRUBA ISO4017;;1101;Śruba z łbem 6-kątnym z gwintem na całości S08.0X020-6K-B-08.8-SRUBA ISO4017;st-stal-weglowa;5764;3;5435
1101080020BK88933T;S08.0X020-6K-B-08.8-KLF SRUBA DIN933;;1101;Śruba z łbem 6-kątnym z gwintem na całości S08.0X020-6K-B-08.8-KLF SRUBA DIN933;st-stal-weglowa;5764;3;5435
1101080022B88I017T;S08.0X022-6K-B-08.8-SRUBA ISO4017;;1101;Śruba z łbem 6-kątnym z gwintem na całości S08.0X022-6K-B-08.8-SRUBA ISO4017;st-stal-weglowa;5764;3;5435
1101080025B58F07T;S08.0X025-6K-B-05.8- SRUBA DIN933 F07;;1101;Śruba z łbem 6-kątnym z gwintem na całości S08.0X025-6K-B-05.8- SRUBA DIN933 F07;st-stal-weglowa;5764;3;5435
1101080025B58P2G3K;S08.0X025-6K-5.8-P2G360C-D933 MIN.360H/C;;1101;Śruba z łbem 6-kątnym z gwintem na całości S08.0X025-6K-5.8-P2G360C-D933 MIN.360H/C;st-stal-weglowa;5764;3;5435
1101080025B88ELT;S08.0X025-6K-B-08.8- SRUBA DIN933 ES-LOC;;1101;Śruba z łbem 6-kątnym z gwintem na całości S08.0X025-6K-B-08.8- SRUBA DIN933 ES-LOC;st-stal-weglowa;5764;3;5435
1101080025B88I017T;S08.0X025-6K-B-08.8-SRUBA ISO4017;;1101;Śruba z łbem 6-kątnym z gwintem na całości S08.0X025-6K-B-08.8-SRUBA ISO4017;st-stal-weglowa;5764;3;5435
1101080025BK88933T;S08.0X025-6K-B-08.8-KLF SRUBA DIN933;;1101;Śruba z łbem 6-kątnym z gwintem na całości S08.0X025-6K-B-08.8-KLF SRUBA DIN933;st-stal-weglowa;5764;3;5435
1101080025S58GW6GK;S08.0X025-6K-S-05.8- GWINT 6G DIN933;;1101;Śruba z łbem 6-kątnym z gwintem na całości S08.0X025-6K-S-05.8- GWINT 6G DIN933;st-stal-weglowa;5764;3;5435
1101080028B88I017T;S08.0X028-6K-B-08.8-SRUBA ISO4017;;1101;Śruba z łbem 6-kątnym z gwintem na całości S08.0X028-6K-B-08.8-SRUBA ISO4017;st-stal-weglowa;5764;3;5435
1101080030B88I017T;S08.0X030-6K-B-08.8-SRUBA ISO4017;;1101;Śruba z łbem 6-kątnym z gwintem na całości S08.0X030-6K-B-08.8-SRUBA ISO4017;st-stal-weglowa;5764;3;5435
1101080030O88D933T;S08.0X030-6K-O-08.8 - ŚRUBA DIN933;;1101;Śruba z łbem 6-kątnym z gwintem na całości S08.0X030-6K-O-08.8 - ŚRUBA DIN933;st-stal-weglowa;5764;3;5435
1101080030S58GW6GK;S08.0X030-6K-S-05.8- GWINT 6G DIN933;;1101;Śruba z łbem 6-kątnym z gwintem na całości S08.0X030-6K-S-05.8- GWINT 6G DIN933;st-stal-weglowa;5764;3;5435
1101080035B58F07T;S08.0X035-6K-B-05.8- SRUBA DIN933 F07;;1101;Śruba z łbem 6-kątnym z gwintem na całości S08.0X035-6K-B-05.8- SRUBA DIN933 F07;st-stal-weglowa;5764;3;5435
1101080035B88I017T;S08.0X035-6K-B-08.8-SRUBA ISO4017;;1101;Śruba z łbem 6-kątnym z gwintem na całości S08.0X035-6K-B-08.8-SRUBA ISO4017;st-stal-weglowa;5764;3;5435
1101080035C88D933T;S08.0X035-6K-C-08.8- SRUBA DIN933;;1101;Śruba z łbem 6-kątnym z gwintem na całości S08.0X035-6K-C-08.8- SRUBA DIN933;st-stal-weglowa;5764;3;5435
1101080035DP758K;S08.0X035-6K-DP7-05.8 DELTA PROTEKT 720H;;1101;Śruba z łbem 6-kątnym z gwintem na całości S08.0X035-6K-DP7-05.8 DELTA PROTEKT 720H;st-stal-weglowa;5764;3;5435
1101080040B58F07T;S08.0X040-6K-B-05.8- SRUBA DIN933 F07;;1101;Śruba z łbem 6-kątnym z gwintem na całości S08.0X040-6K-B-05.8- SRUBA DIN933 F07;st-stal-weglowa;5764;3;5435
1101080040B88I017T;S08.0X040-6K-B-08.8-SRUBA ISO4017;;1101;Śruba z łbem 6-kątnym z gwintem na całości S08.0X040-6K-B-08.8-SRUBA ISO4017;st-stal-weglowa;5764;3;5435
1101080045B58F07T;S08.0X045-6K-B-05.8-  DIN933 F07;;1101;Śruba z łbem 6-kątnym z gwintem na całości S08.0X045-6K-B-05.8-  DIN933 F07;st-stal-weglowa;5764;3;5435
1101080045B88I017T;S08.0X045-6K-B-08.8-SRUBA ISO4017;;1101;Śruba z łbem 6-kątnym z gwintem na całości S08.0X045-6K-B-08.8-SRUBA ISO4017;st-stal-weglowa;5764;3;5435
11010800466B88DT;S08.0X046.6-6K-B-08.8- SRUBA DIN933;;1101;Śruba z łbem 6-kątnym z gwintem na całości S08.0X046.6-6K-B-08.8- SRUBA DIN933;st-stal-weglowa;5764;3;5435
1101080050B58F07T;S08.0X050-6K-B-05.8- SRUBA DIN933 F07;;1101;Śruba z łbem 6-kątnym z gwintem na całości S08.0X050-6K-B-05.8- SRUBA DIN933 F07;st-stal-weglowa;5764;3;5435
1101080050B88I017T;S08.0X050-6K-B-08.8-SRUBA ISO4017;;1101;Śruba z łbem 6-kątnym z gwintem na całości S08.0X050-6K-B-08.8-SRUBA ISO4017;st-stal-weglowa;5764;3;5435
1101080055B88I017T;S08.0X055-6K-B-08.8-SRUBA ISO4017;;1101;Śruba z łbem 6-kątnym z gwintem na całości S08.0X055-6K-B-08.8-SRUBA ISO4017;st-stal-weglowa;5764;3;5435
1101080055RC88933T;S08.0X055-6K-RC-08.8 SRUBA DIN933;;1101;Śruba z łbem 6-kątnym z gwintem na całości S08.0X055-6K-RC-08.8 SRUBA DIN933;st-stal-weglowa;5764;3;5435
1101080060B58F07T;S08.0X060-6K-B-05.8- SRUBA DIN933 F07;;1101;Śruba z łbem 6-kątnym z gwintem na całości S08.0X060-6K-B-05.8- SRUBA DIN933 F07;st-stal-weglowa;5764;3;5435
1101080060B88I017T;S08.0X060-6K-B-08.8-SRUBA ISO4017;;1101;Śruba z łbem 6-kątnym z gwintem na całości S08.0X060-6K-B-08.8-SRUBA ISO4017;st-stal-weglowa;5764;3;5435
1101080065B88I017T;S08.0X065-6K-B-08.8-SRUBA ISO4017;;1101;Śruba z łbem 6-kątnym z gwintem na całości S08.0X065-6K-B-08.8-SRUBA ISO4017;st-stal-weglowa;5764;3;5435
1101080065S10D933T;S08.0X065-6K-S-10.9- SRUBA DIN933;;1101;Śruba z łbem 6-kątnym z gwintem na całości S08.0X065-6K-S-10.9- SRUBA DIN933;st-stal-weglowa;5764;3;5435
1101080070B58F07T;S08.0X070-6K-B-05.8- SRUBA DIN933 F07;;1101;Śruba z łbem 6-kątnym z gwintem na całości S08.0X070-6K-B-05.8- SRUBA DIN933 F07;st-stal-weglowa;5764;3;5435
1101080070B88I017T;S08.0X070-6K-B-08.8-SRUBA ISO4017;;1101;Śruba z łbem 6-kątnym z gwintem na całości S08.0X070-6K-B-08.8-SRUBA ISO4017;st-stal-weglowa;5764;3;5435
1101080070C58D933T;S08.0X070-6K-C-05.8- SRUBA DIN933;;1101;Śruba z łbem 6-kątnym z gwintem na całości S08.0X070-6K-C-05.8- SRUBA DIN933;st-stal-weglowa;5764;3;5435
1101080075B88I017T;S08.0X075-6K-B-08.8-SRUBA ISO4017;;1101;Śruba z łbem 6-kątnym z gwintem na całości S08.0X075-6K-B-08.8-SRUBA ISO4017;st-stal-weglowa;5764;3;5435
1101080080B58F07T;S08.0X080-6K-B-05.8- SRUBA DIN933 F07;;1101;Śruba z łbem 6-kątnym z gwintem na całości S08.0X080-6K-B-05.8- SRUBA DIN933 F07;st-stal-weglowa;5764;3;5435
1101080080B88I017T;S08.0X080-6K-B-08.8-SRUBA ISO4017;;1101;Śruba z łbem 6-kątnym z gwintem na całości S08.0X080-6K-B-08.8-SRUBA ISO4017;st-stal-weglowa;5764;3;5435
1101080085B88I017T;S08.0X085-6K-B-08.8-SRUBA ISO4017;;1101;Śruba z łbem 6-kątnym z gwintem na całości S08.0X085-6K-B-08.8-SRUBA ISO4017;st-stal-weglowa;5764;3;5435
1101080090B58F07T;S08.0X090-6K-B-05.8- SRUBA DIN933 F07;;1101;Śruba z łbem 6-kątnym z gwintem na całości S08.0X090-6K-B-05.8- SRUBA DIN933 F07;st-stal-weglowa;5764;3;5435
1101080090B88I017T;S08.0X090-6K-B-08.8-SRUBA ISO4017;;1101;Śruba z łbem 6-kątnym z gwintem na całości S08.0X090-6K-B-08.8-SRUBA ISO4017;st-stal-weglowa;5764;3;5435
1101080095B88I017T;S08.0X095-6K-B-08.8-SRUBA ISO4017;;1101;Śruba z łbem 6-kątnym z gwintem na całości S08.0X095-6K-B-08.8-SRUBA ISO4017;st-stal-weglowa;5764;3;5435
1101080100B58F07T;S08.0X100-6K-B-05.8- SRUBA DIN933 F07;;1101;Śruba z łbem 6-kątnym z gwintem na całości S08.0X100-6K-B-05.8- SRUBA DIN933 F07;st-stal-weglowa;5764;3;5435
1101080100B88I017T;S08.0X100-6K-B-08.8-SRUBA ISO4017;;1101;Śruba z łbem 6-kątnym z gwintem na całości S08.0X100-6K-B-08.8-SRUBA ISO4017;st-stal-weglowa;5764;3;5435
1101080110B88I017T;S08.0X110-6K-B-08.8-SRUBA ISO4017;;1101;Śruba z łbem 6-kątnym z gwintem na całości S08.0X110-6K-B-08.8-SRUBA ISO4017;st-stal-weglowa;5764;3;5435
1101080110S10D933T;S08.0X110-6K-S-10.9- SRUBA DIN933;;1101;Śruba z łbem 6-kątnym z gwintem na całości S08.0X110-6K-S-10.9- SRUBA DIN933;st-stal-weglowa;5764;3;5435
1101080120B88I017T;S08.0X120-6K-B-08.8-SRUBA ISO4017;;1101;Śruba z łbem 6-kątnym z gwintem na całości S08.0X120-6K-B-08.8-SRUBA ISO4017;st-stal-weglowa;5764;3;5435
1101080120S10D933T;S08.0X120-6K-S-10.9- SRUBA DIN933;;1101;Śruba z łbem 6-kątnym z gwintem na całości S08.0X120-6K-S-10.9- SRUBA DIN933;st-stal-weglowa;5764;3;5435
1101080130B88I017T;S08.0X130-6K-B-08.8-SRUBA ISO4017;;1101;Śruba z łbem 6-kątnym z gwintem na całości S08.0X130-6K-B-08.8-SRUBA ISO4017;st-stal-weglowa;5764;3;5435
1101080130S10D933T;S08.0X130-6K-S-10.9- SRUBA DIN933;;1101;Śruba z łbem 6-kątnym z gwintem na całości S08.0X130-6K-S-10.9- SRUBA DIN933;st-stal-weglowa;5764;3;5435
1101080140B88I017T;S08.0X140-6K-B-08.8-SRUBA ISO4017;;1101;Śruba z łbem 6-kątnym z gwintem na całości S08.0X140-6K-B-08.8-SRUBA ISO4017;st-stal-weglowa;5764;3;5435
1101080150B88I017T;S08.0X150-6K-B-08.8-SRUBA ISO4017;;1101;Śruba z łbem 6-kątnym z gwintem na całości S08.0X150-6K-B-08.8-SRUBA ISO4017;st-stal-weglowa;5764;3;5435
1101080160B88I017T;S08.0X160-6K-B-08.8-SRUBA ISO4017;;1101;Śruba z łbem 6-kątnym z gwintem na całości S08.0X160-6K-B-08.8-SRUBA ISO4017;st-stal-weglowa;5764;3;5435
1101080170B88I017T;S08.0X170-6K-B-08.8-SRUBA ISO4017;;1101;Śruba z łbem 6-kątnym z gwintem na całości S08.0X170-6K-B-08.8-SRUBA ISO4017;st-stal-weglowa;5764;3;5435
1101080180B88I017T;S08.0X180-6K-B-08.8-SRUBA ISO4017;;1101;Śruba z łbem 6-kątnym z gwintem na całości S08.0X180-6K-B-08.8-SRUBA ISO4017;st-stal-weglowa;5764;3;5435
1101080190B88I017T;S08.0X190-6K-B-08.8-SRUBA ISO4017;;1101;Śruba z łbem 6-kątnym z gwintem na całości S08.0X190-6K-B-08.8-SRUBA ISO4017;st-stal-weglowa;5764;3;5435
1101080200B88I017T;S08.0X200-6K-B-08.8-SRUBA ISO4017;;1101;Śruba z łbem 6-kątnym z gwintem na całości S08.0X200-6K-B-08.8-SRUBA ISO4017;st-stal-weglowa;5764;3;5435
1101100010B88I017T;S10.0X010-6K-B-08.8-SRUBA ISO4017;;1101;Śruba z łbem 6-kątnym z gwintem na całości S10.0X010-6K-B-08.8-SRUBA ISO4017;st-stal-weglowa;5764;3;5435
1101100012B88I017T;S10.0X012-6K-B-08.8-SRUBA ISO4017;;1101;Śruba z łbem 6-kątnym z gwintem na całości S10.0X012-6K-B-08.8-SRUBA ISO4017;st-stal-weglowa;5764;3;5435
1101100014B88I017T;S10.0X014-6K-B-08.8-SRUBA ISO4017;;1101;Śruba z łbem 6-kątnym z gwintem na całości S10.0X014-6K-B-08.8-SRUBA ISO4017;st-stal-weglowa;5764;3;5435
1101100018B88I017T;S10.0X018-6K-B-08.8-SRUBA ISO4017;;1101;Śruba z łbem 6-kątnym z gwintem na całości S10.0X018-6K-B-08.8-SRUBA ISO4017;st-stal-weglowa;5764;3;5435
1101100020BG72144T;S10.0X020-6K-BG-05.8-DIN933 72/144;;1101;Śruba z łbem 6-kątnym z gwintem na całości S10.0X020-6K-BG-05.8-DIN933 72/144;st-stal-weglowa;5764;3;5435
1101100020BK88933T;S10.0X020-6K-B-08.8-KLF SRUBA DIN933;;1101;Śruba z łbem 6-kątnym z gwintem na całości S10.0X020-6K-B-08.8-KLF SRUBA DIN933;st-stal-weglowa;5764;3;5435
1101100020S88D933K;S10.0X020-6K-S-08.8- SRUBA DIN933;;1101;Śruba z łbem 6-kątnym z gwintem na całości S10.0X020-6K-S-08.8- SRUBA DIN933;st-stal-weglowa;5764;3;5435
1101100022B88I017T;S10.0X022-6K-B-08.8-SRUBA ISO4017;;1101;Śruba z łbem 6-kątnym z gwintem na całości S10.0X022-6K-B-08.8-SRUBA ISO4017;st-stal-weglowa;5764;3;5435
1101100028B88I017T;S10.0X028-6K-B-08.8-SRUBA ISO4017;;1101;Śruba z łbem 6-kątnym z gwintem na całości S10.0X028-6K-B-08.8-SRUBA ISO4017;st-stal-weglowa;5764;3;5435
1101100030B88P2G3K;S10.0X030-6K-8.8-P2G360C-D933 MIN.360H/C;;1101;Śruba z łbem 6-kątnym z gwintem na całości S10.0X030-6K-8.8-P2G360C-D933 MIN.360H/C;st-stal-weglowa;5764;3;5435
1101100030BK88933T;S10.0X030-6K-B-08.8-KLF SRUBA DIN933;;1101;Śruba z łbem 6-kątnym z gwintem na całości S10.0X030-6K-B-08.8-KLF SRUBA DIN933;st-stal-weglowa;5764;3;5435
1101100035BK88933T;S10.0X035-6K-B-08.8-KLF SRUBA DIN933;;1101;Śruba z łbem 6-kątnym z gwintem na całości S10.0X035-6K-B-08.8-KLF SRUBA DIN933;st-stal-weglowa;5764;3;5435
1101100075S10D933T;S10.0X075-6K-S-10.9- SRUBA DIN933;;1101;Śruba z łbem 6-kątnym z gwintem na całości S10.0X075-6K-S-10.9- SRUBA DIN933;st-stal-weglowa;5764;3;5435
1101100085B88I017T;S10.0X085-6K-B-08.8-SRUBA ISO4017;;1101;Śruba z łbem 6-kątnym z gwintem na całości S10.0X085-6K-B-08.8-SRUBA ISO4017;st-stal-weglowa;5764;3;5435
1101100095B88I017T;S10.0X095-6K-B-08.8-SRUBA ISO4017;;1101;Śruba z łbem 6-kątnym z gwintem na całości S10.0X095-6K-B-08.8-SRUBA ISO4017;st-stal-weglowa;5764;3;5435
1101100110S10D933S;S10.0X110-6K-S-10.9- SRUBA DIN933;;1101;Śruba z łbem 6-kątnym z gwintem na całości S10.0X110-6K-S-10.9- SRUBA DIN933;st-stal-weglowa;5764;3;5435
1101100120S10D933S;S10.0X120-6K-S-10.9- SRUBA DIN933;;1101;Śruba z łbem 6-kątnym z gwintem na całości S10.0X120-6K-S-10.9- SRUBA DIN933;st-stal-weglowa;5764;3;5435
1101100140B58D933K;S10.0X140-6K-B-05.8- SRUBA DIN933;;1101;Śruba z łbem 6-kątnym z gwintem na całości S10.0X140-6K-B-05.8- SRUBA DIN933;st-stal-weglowa;5764;3;5435
1101100150B88I017T;S10.0X150-6K-B-08.8-SRUBA ISO4017;;1101;Śruba z łbem 6-kątnym z gwintem na całości S10.0X150-6K-B-08.8-SRUBA ISO4017;st-stal-weglowa;5764;3;5435
1101100160B88I017T;S10.0X160-6K-B-08.8-SRUBA ISO4017;;1101;Śruba z łbem 6-kątnym z gwintem na całości S10.0X160-6K-B-08.8-SRUBA ISO4017;st-stal-weglowa;5764;3;5435
1101100170B88I017T;S10.0X170-6K-B-08.8-SRUBA ISO4017;;1101;Śruba z łbem 6-kątnym z gwintem na całości S10.0X170-6K-B-08.8-SRUBA ISO4017;st-stal-weglowa;5764;3;5435
1101100180B88I017T;S10.0X180-6K-B-08.8-SRUBA ISO4017;;1101;Śruba z łbem 6-kątnym z gwintem na całości S10.0X180-6K-B-08.8-SRUBA ISO4017;st-stal-weglowa;5764;3;5435
1101100190B88I017T;S10.0X190-6K-B-08.8-SRUBA ISO4017;;1101;Śruba z łbem 6-kątnym z gwintem na całości S10.0X190-6K-B-08.8-SRUBA ISO4017;st-stal-weglowa;5764;3;5435
1101100200B88I017T;S10.0X200-6K-B-08.8-SRUBA ISO4017;;1101;Śruba z łbem 6-kątnym z gwintem na całości S10.0X200-6K-B-08.8-SRUBA ISO4017;st-stal-weglowa;5764;3;5435
1101100220B88I017T;S10.0X220-6K-B-08.8-SRUBA ISO4017;;1101;Śruba z łbem 6-kątnym z gwintem na całości S10.0X220-6K-B-08.8-SRUBA ISO4017;st-stal-weglowa;5764;3;5435
1101120012B88I017T;S12.0X012-6K-B-08.8-SRUBA ISO4017;;1101;Śruba z łbem 6-kątnym z gwintem na całości S12.0X012-6K-B-08.8-SRUBA ISO4017;st-stal-weglowa;5764;3;5435
1101120016B88I017T;S12.0X016-6K-B-08.8-SRUBA ISO4017;;1101;Śruba z łbem 6-kątnym z gwintem na całości S12.0X016-6K-B-08.8-SRUBA ISO4017;st-stal-weglowa;5764;3;5435
1101120018B88I017T;S12.0X018-6K-B-08.8-SRUBA ISO4017;;1101;Śruba z łbem 6-kątnym z gwintem na całości S12.0X018-6K-B-08.8-SRUBA ISO4017;st-stal-weglowa;5764;3;5435
1101120022B88I017T;S12.0X022-6K-B-08.8-SRUBA ISO4017;;1101;Śruba z łbem 6-kątnym z gwintem na całości S12.0X022-6K-B-08.8-SRUBA ISO4017;st-stal-weglowa;5764;3;5435
1101120028B88I017T;S12.0X028-6K-B-08.8-SRUBA ISO4017;;1101;Śruba z łbem 6-kątnym z gwintem na całości S12.0X028-6K-B-08.8-SRUBA ISO4017;st-stal-weglowa;5764;3;5435
1101120030BK88933T;S12.0X030-6K-B-08.8-KLF SRUBA DIN933;;1101;Śruba z łbem 6-kątnym z gwintem na całości S12.0X030-6K-B-08.8-KLF SRUBA DIN933;st-stal-weglowa;5764;3;5435
1101120035BK88933T;S12.0X035-6K-B-08.8-KLF SRUBA DIN933;;1101;Śruba z łbem 6-kątnym z gwintem na całości S12.0X035-6K-B-08.8-KLF SRUBA DIN933;st-stal-weglowa;5764;3;5435
1101120035S88D933K;S12.0X035-6K-S-08.8- SRUBA DIN933;;1101;Śruba z łbem 6-kątnym z gwintem na całości S12.0X035-6K-S-08.8- SRUBA DIN933;st-stal-weglowa;5764;3;5435
1101120050B88P2G3K;S12.0X050-6K-8.8-P2G360C-D933 MIN.360H/C;;1101;Śruba z łbem 6-kątnym z gwintem na całości S12.0X050-6K-8.8-P2G360C-D933 MIN.360H/C;st-stal-weglowa;5764;3;5435
1101120065B88I017T;S12.0X065-6K-B-08.8-SRUBA ISO4017;;1101;Śruba z łbem 6-kątnym z gwintem na całości S12.0X065-6K-B-08.8-SRUBA ISO4017;st-stal-weglowa;5764;3;5435
1101120070E488933K;S12.0X070-6K-E4-08.8 DIN933 ZINTEK 480H;;1101;Śruba z łbem 6-kątnym z gwintem na całości S12.0X070-6K-E4-08.8 DIN933 ZINTEK 480H;st-stal-weglowa;5764;3;5435
1101120075B88I017T;S12.0X075-6K-B-08.8-SRUBA ISO4017;;1101;Śruba z łbem 6-kątnym z gwintem na całości S12.0X075-6K-B-08.8-SRUBA ISO4017;st-stal-weglowa;5764;3;5435
1101120085B88I017T;S12.0X085-6K-B-08.8-SRUBA ISO4017;;1101;Śruba z łbem 6-kątnym z gwintem na całości S12.0X085-6K-B-08.8-SRUBA ISO4017;st-stal-weglowa;5764;3;5435
1101120095B88I017T;S12.0X095-6K-B-08.8-SRUBA ISO4017;;1101;Śruba z łbem 6-kątnym z gwintem na całości S12.0X095-6K-B-08.8-SRUBA ISO4017;st-stal-weglowa;5764;3;5435
1101120170B88I017T;S12.0X170-6K-B-08.8-SRUBA ISO4017;;1101;Śruba z łbem 6-kątnym z gwintem na całości S12.0X170-6K-B-08.8-SRUBA ISO4017;st-stal-weglowa;5764;3;5435
1101120180B88I017T;S12.0X180-6K-B-08.8-SRUBA ISO4017;;1101;Śruba z łbem 6-kątnym z gwintem na całości S12.0X180-6K-B-08.8-SRUBA ISO4017;st-stal-weglowa;5764;3;5435
1101120190B88I017T;S12.0X190-6K-B-08.8-SRUBA ISO4017;;1101;Śruba z łbem 6-kątnym z gwintem na całości S12.0X190-6K-B-08.8-SRUBA ISO4017;st-stal-weglowa;5764;3;5435
1101120200B88I017T;S12.0X200-6K-B-08.8-SRUBA ISO4017;;1101;Śruba z łbem 6-kątnym z gwintem na całości S12.0X200-6K-B-08.8-SRUBA ISO4017;st-stal-weglowa;5764;3;5435
1101120220B88I017T;S12.0X220-6K-B-08.8-SRUBA ISO4017;;1101;Śruba z łbem 6-kątnym z gwintem na całości S12.0X220-6K-B-08.8-SRUBA ISO4017;st-stal-weglowa;5764;3;5435
1101120240B88I017T;S12.0X240-6K-B-08.8-SRUBA ISO4017;;1101;Śruba z łbem 6-kątnym z gwintem na całości S12.0X240-6K-B-08.8-SRUBA ISO4017;st-stal-weglowa;5764;3;5435
1101120260B88I017T;S12.0X260-6K-B-08.8-SRUBA ISO4017;;1101;Śruba z łbem 6-kątnym z gwintem na całości S12.0X260-6K-B-08.8-SRUBA ISO4017;st-stal-weglowa;5764;3;5435
1101140020B88I017T;S14.0X020-6K-B-08.8-SRUBA ISO4017;;1101;Śruba z łbem 6-kątnym z gwintem na całości S14.0X020-6K-B-08.8-SRUBA ISO4017;st-stal-weglowa;5764;3;5435
1101140025B88I017T;S14.0X025-6K-B-08.8-SRUBA ISO4017;;1101;Śruba z łbem 6-kątnym z gwintem na całości S14.0X025-6K-B-08.8-SRUBA ISO4017;st-stal-weglowa;5764;3;5435
1101140055S10D933S;S14.0X055-6K-S-10.9- SRUBA DIN933;;1101;Śruba z łbem 6-kątnym z gwintem na całości S14.0X055-6K-S-10.9- SRUBA DIN933;st-stal-weglowa;5764;3;5435
1101140065S10D933S;S14.0X065-6K-S-10.9- SRUBA DIN933;;1101;Śruba z łbem 6-kątnym z gwintem na całości S14.0X065-6K-S-10.9- SRUBA DIN933;st-stal-weglowa;5764;3;5435
1101140075S10D933S;S14.0X075-6K-S-10.9- SRUBA DIN933;;1101;Śruba z łbem 6-kątnym z gwintem na całości S14.0X075-6K-S-10.9- SRUBA DIN933;st-stal-weglowa;5764;3;5435
1101140090S10D933S;S14.0X090-6K-S-10.9- SRUBA DIN933;;1101;Śruba z łbem 6-kątnym z gwintem na całości S14.0X090-6K-S-10.9- SRUBA DIN933;st-stal-weglowa;5764;3;5435
1101160030B88OC12K;S16.0X030-6K-B-08.8- SRUBA DIN933 12MIK;;1101;Śruba z łbem 6-kątnym z gwintem na całości S16.0X030-6K-B-08.8- SRUBA DIN933 12MIK;st-stal-weglowa;5764;3;5435
1101160040B88OC12K;S16.0X040-6K-B-08.8- SRUBA DIN933 12MIK;;1101;Śruba z łbem 6-kątnym z gwintem na całości S16.0X040-6K-B-08.8- SRUBA DIN933 12MIK;st-stal-weglowa;5764;3;5435
1101180030S10D933S;S18.0X030-6K-S-10.9- SRUBA DIN933;;1101;Śruba z łbem 6-kątnym z gwintem na całości S18.0X030-6K-S-10.9- SRUBA DIN933;st-stal-weglowa;5764;3;5435
1101180035S10D933S;S18.0X035-6K-S-10.9- SRUBA DIN933;;1101;Śruba z łbem 6-kątnym z gwintem na całości S18.0X035-6K-S-10.9- SRUBA DIN933;st-stal-weglowa;5764;3;5435
1101180045B88D933S;S18.0X045-6K-B-08.8- SRUBA DIN933;;1101;Śruba z łbem 6-kątnym z gwintem na całości S18.0X045-6K-B-08.8- SRUBA DIN933;st-stal-weglowa;5764;3;5435
1101180055S10D933S;S18.0X055-6K-S-10.9- SRUBA DIN933;;1101;Śruba z łbem 6-kątnym z gwintem na całości S18.0X055-6K-S-10.9- SRUBA DIN933;st-stal-weglowa;5764;3;5435
1101180065S10D933S;S18.0X065-6K-S-10.9- SRUBA DIN933;;1101;Śruba z łbem 6-kątnym z gwintem na całości S18.0X065-6K-S-10.9- SRUBA DIN933;st-stal-weglowa;5764;3;5435
1101180075S10D933S;S18.0X075-6K-S-10.9- SRUBA DIN933;;1101;Śruba z łbem 6-kątnym z gwintem na całości S18.0X075-6K-S-10.9- SRUBA DIN933;st-stal-weglowa;5764;3;5435
1101180120S10D933S;S18.0X120-6K-S-10.9- SRUBA DIN933;;1101;Śruba z łbem 6-kątnym z gwintem na całości S18.0X120-6K-S-10.9- SRUBA DIN933;st-stal-weglowa;5764;3;5435
1101180130S10D933S;S18.0X130-6K-S-10.9- SRUBA DIN933;;1101;Śruba z łbem 6-kątnym z gwintem na całości S18.0X130-6K-S-10.9- SRUBA DIN933;st-stal-weglowa;5764;3;5435
1101200030S10D933S;S20.0X030-6K-S-10.9- SRUBA DIN933;;1101;Śruba z łbem 6-kątnym z gwintem na całości S20.0X030-6K-S-10.9- SRUBA DIN933;st-stal-weglowa;5764;3;5435
1101200035S10D933S;S20.0X035-6K-S-10.9- SRUBA DIN933;;1101;Śruba z łbem 6-kątnym z gwintem na całości S20.0X035-6K-S-10.9- SRUBA DIN933;st-stal-weglowa;5764;3;5435
1101200050A88D933K;S20.0X050-6K-A-08.8- SRUBA DIN933;;1101;Śruba z łbem 6-kątnym z gwintem na całości S20.0X050-6K-A-08.8- SRUBA DIN933;st-stal-weglowa;5764;3;5435
1101200075S10D933S;S20.0X075-6K-S-10.9- SRUBA DIN933;;1101;Śruba z łbem 6-kątnym z gwintem na całości S20.0X075-6K-S-10.9- SRUBA DIN933;st-stal-weglowa;5764;3;5435
1101220050S10D933S;S22.0X050-6K-S-10.9- SRUBA DIN933;;1101;Śruba z łbem 6-kątnym z gwintem na całości S22.0X050-6K-S-10.9- SRUBA DIN933;st-stal-weglowa;5764;3;5435
1101220055S10D933S;S22.0X055-6K-S-10.9- SRUBA DIN933;;1101;Śruba z łbem 6-kątnym z gwintem na całości S22.0X055-6K-S-10.9- SRUBA DIN933;st-stal-weglowa;5764;3;5435
1101220065S10D933S;S22.0X065-6K-S-10.9- SRUBA DIN933;;1101;Śruba z łbem 6-kątnym z gwintem na całości S22.0X065-6K-S-10.9- SRUBA DIN933;st-stal-weglowa;5764;3;5435
1101220075S10D933S;S22.0X075-6K-S-10.9- SRUBA DIN933;;1101;Śruba z łbem 6-kątnym z gwintem na całości S22.0X075-6K-S-10.9- SRUBA DIN933;st-stal-weglowa;5764;3;5435
1101220090S10D933S;S22.0X090-6K-S-10.9- SRUBA DIN933;;1101;Śruba z łbem 6-kątnym z gwintem na całości S22.0X090-6K-S-10.9- SRUBA DIN933;st-stal-weglowa;5764;3;5435
1101220110S10D933S;S22.0X110-6K-S-10.9- SRUBA DIN933;;1101;Śruba z łbem 6-kątnym z gwintem na całości S22.0X110-6K-S-10.9- SRUBA DIN933;st-stal-weglowa;5764;3;5435
1101220120S10D933S;S22.0X120-6K-S-10.9- SRUBA DIN933;;1101;Śruba z łbem 6-kątnym z gwintem na całości S22.0X120-6K-S-10.9- SRUBA DIN933;st-stal-weglowa;5764;3;5435
1101220130S10D933S;S22.0X130-6K-S-10.9- SRUBA DIN933;;1101;Śruba z łbem 6-kątnym z gwintem na całości S22.0X130-6K-S-10.9- SRUBA DIN933;st-stal-weglowa;5764;3;5435
1101240050B58D933S;S24.0X050-6K-B-05.8- SRUBA DIN933;;1101;Śruba z łbem 6-kątnym z gwintem na całości S24.0X050-6K-B-05.8- SRUBA DIN933;st-stal-weglowa;5764;3;5435
1101240070S88D933S;S24.0X070-6K-S-08.8- SRUBA DIN933;;1101;Śruba z łbem 6-kątnym z gwintem na całości S24.0X070-6K-S-08.8- SRUBA DIN933;st-stal-weglowa;5764;3;5435
1101300065B88D933S;S30.0X065-6K-B-08.8- SRUBA DIN933;;1101;Śruba z łbem 6-kątnym z gwintem na całości S30.0X065-6K-B-08.8- SRUBA DIN933;st-stal-weglowa;5764;3;5435
1101300070B88D933K;S30.0X070-6K-B-08.8- SRUBA DIN933;;1101;Śruba z łbem 6-kątnym z gwintem na całości S30.0X070-6K-B-08.8- SRUBA DIN933;st-stal-weglowa;5764;3;5435
1101300085B88D933S;S30.0X085-6K-B-08.8- SRUBA DIN933;;1101;Śruba z łbem 6-kątnym z gwintem na całości S30.0X085-6K-B-08.8- SRUBA DIN933;st-stal-weglowa;5764;3;5435
1101300090B88D933K;S30.0X090-6K-B-08.8- SRUBA DIN933;;1101;Śruba z łbem 6-kątnym z gwintem na całości S30.0X090-6K-B-08.8- SRUBA DIN933;st-stal-weglowa;5764;3;5435
1101NAWAGEK;SRUBY NA WAGE;;1101;Śruba z łbem 6-kątnym z gwintem na całości SRUBY NA WAGE;;5764;3;5435
1102040080B88T;S04.0X080-6K-B-20-08.8- SRUBA;;1102;Śruba z łbem 6-kątnym z gwintem na części S04.0X080-6K-B-20-08.8- SRUBA;st-stal-weglowa;6685;4;6629
1102040090B58T;S04.0X090-6K-B-25-05.8- SRUBA;;1102;Śruba z łbem 6-kątnym z gwintem na części S04.0X090-6K-B-25-05.8- SRUBA;st-stal-weglowa;6685;4;6629
1102040100B88T;S04.0X100-6K-B-20-08.8- SRUBA;;1102;Śruba z łbem 6-kątnym z gwintem na części S04.0X100-6K-B-20-08.8- SRUBA;st-stal-weglowa;6685;4;6629
1102040135B88T;S04.0X135-6K-B-22-08.8- SRUBA;;1102;Śruba z łbem 6-kątnym z gwintem na części S04.0X135-6K-B-22-08.8- SRUBA;st-stal-weglowa;6685;4;6629
1102040155B88T;S04.0X155-6K-B-22-08.8- SRUBA;;1102;Śruba z łbem 6-kątnym z gwintem na części S04.0X155-6K-B-22-08.8- SRUBA;st-stal-weglowa;6685;4;6629
1102060090B88OC20K;S06.0X090-6K-B-18-08.8 DIN931 OC 20MIK;;1102;Śruba z łbem 6-kątnym z gwintem na części S06.0X090-6K-B-18-08.8 DIN931 OC 20MIK;st-stal-weglowa;6685;4;6629
1102080085R88D931T;S08.0X085-6K-R-22-08.8- SRUBA DIN931;;1102;Śruba z łbem 6-kątnym z gwintem na części S08.0X085-6K-R-22-08.8- SRUBA DIN931;st-stal-weglowa;6685;4;6629
1102080095C10D931K;S08.0X095-6K-C-22-10.9- SRUBA DIN931;;1102;Śruba z łbem 6-kątnym z gwintem na części S08.0X095-6K-C-22-10.9- SRUBA DIN931;st-stal-weglowa;6685;4;6629
1102100090B88OC15T;S10.0X090-6K-B-30-08.8-OC15 SRUBA DIN931;;1102;Śruba z łbem 6-kątnym z gwintem na części S10.0X090-6K-B-30-08.8-OC15 SRUBA DIN931;st-stal-weglowa;6685;4;6629
1102100110B10D931T;S10.0X110-6K-B-26-10.9- SRUBA DIN931;;1102;Śruba z łbem 6-kątnym z gwintem na części S10.0X110-6K-B-26-10.9- SRUBA DIN931;st-stal-weglowa;6685;4;6629
1102120050C56D931K;S12.0X050-6K-C-30-05.6- SRUBA DIN931;;1102;Śruba z łbem 6-kątnym z gwintem na części S12.0X050-6K-C-30-05.6- SRUBA DIN931;st-stal-weglowa;6685;4;6629
1102120075S88D931T;S12.0X075-6K-S-30-08.8- SRUBA DIN931;;1102;Śruba z łbem 6-kątnym z gwintem na części S12.0X075-6K-S-30-08.8- SRUBA DIN931;st-stal-weglowa;6685;4;6629
1102120090B10D931K;S12.0X090-6K-B-30-10.9- SRUBA DIN913;;1102;Śruba z łbem 6-kątnym z gwintem na części S12.0X090-6K-B-30-10.9- SRUBA DIN913;st-stal-weglowa;6685;4;6629
1102120160R10D931S;S12.0X160-6K-R-10.9- SRUBA DIN931;;1102;Śruba z łbem 6-kątnym z gwintem na części S12.0X160-6K-R-10.9- SRUBA DIN931;st-stal-weglowa;6685;4;6629
1102120230B88D931S;S12.0X230-6K-B-49-08.8- SRUBA DIN931;;1102;Śruba z łbem 6-kątnym z gwintem na części S12.0X230-6K-B-49-08.8- SRUBA DIN931;st-stal-weglowa;6685;4;6629
1102120260G88D931T;S12.0X260-6K-G-50-08.8- SRUBA DIN931;;1102;Śruba z łbem 6-kątnym z gwintem na części S12.0X260-6K-G-50-08.8- SRUBA DIN931;st-stal-weglowa;6685;4;6629
1102140095B88D931T;S14.0X095-6K-B-34-08.8- ŚRUBA DIN931;;1102;Śruba z łbem 6-kątnym z gwintem na części S14.0X095-6K-B-34-08.8- ŚRUBA DIN931;st-stal-weglowa;6685;4;6629
1102140140S58D931K;S14.0X140-6K-S-40-05.8- SRUBA DIN931;;1102;Śruba z łbem 6-kątnym z gwintem na części S14.0X140-6K-S-40-05.8- SRUBA DIN931;st-stal-weglowa;6685;4;6629
1102140260S10D931S;S14.0X260-6K-S-40-10.9- SRUBA DIN931;;1102;Śruba z łbem 6-kątnym z gwintem na części S14.0X260-6K-S-40-10.9- SRUBA DIN931;st-stal-weglowa;6685;4;6629
1102160065S56IS;S16.0X065-6K-S-38-05.6-SRUBA ISO4014;;1102;Śruba z łbem 6-kątnym z gwintem na części S16.0X065-6K-S-38-05.6-SRUBA ISO4014;st-stal-weglowa;6685;4;6629
1102160100B10O20S;S16.0X100-6K-B-10.9 DIN931 OC 20MIK;;1102;Śruba z łbem 6-kątnym z gwintem na części S16.0X100-6K-B-10.9 DIN931 OC 20MIK;st-stal-weglowa;6685;4;6629
1102160100B88OC20S;S16.0X100-6K-B-08.8 DIN931 OC 20MIK;;1102;S16.0X100-6K-B-08.8 DIN931 OC 20MIK;;6685;4;6629
1102160140S88D931K;S16.0X140-6K-S-44-08.8- SRUBA DIN931;;1102;Śruba z łbem 6-kątnym z gwintem na części S16.0X140-6K-S-44-08.8- SRUBA DIN931;st-stal-weglowa;6685;4;6629
1102160150S56IS;S16.0X150-6K-S-44-05.6-SRUBA ISO4014;;1102;Śruba z łbem 6-kątnym z gwintem na części S16.0X150-6K-S-44-05.6-SRUBA ISO4014;st-stal-weglowa;6685;4;6629
1102160180S56I014S;S16.0X180-6K-S-44-05.6-SRUBA ISO4014;;1102;Śruba z łbem 6-kątnym z gwintem na części S16.0X180-6K-S-44-05.6-SRUBA ISO4014;st-stal-weglowa;6685;4;6629
1102160380B58D931S;S16.0X380-6K-B-60-05.8-SRUBA DIN931;;1102;Śruba z łbem 6-kątnym z gwintem na części S16.0X380-6K-B-60-05.8-SRUBA DIN931;st-stal-weglowa;6685;4;6629
1102180100R10D931S;S18.0X100-6K-R-42-10.9- SRUBA DIN931;;1102;Śruba z łbem 6-kątnym z gwintem na części S18.0X100-6K-R-42-10.9- SRUBA DIN931;st-stal-weglowa;6685;4;6629
1102200060B10O20S;S20.0X060-6K-B-10.9 DIN931 OC 20MIK;;1102;Śruba z łbem 6-kątnym z gwintem na części S20.0X060-6K-B-10.9 DIN931 OC 20MIK;st-stal-weglowa;6685;4;6629
1102200060B88OC20S;S20.0X060-6K-B-08.8 DIN931 OC 20MIK;;1102;S20.0X060-6K-B-08.8 DIN931 OC 20MIK;;6685;4;6629
1102200060S12D931S;S20.0X060-6K-S-46-12.9- SRUBA DIN931;;1102;Śruba z łbem 6-kątnym z gwintem na części S20.0X060-6K-S-46-12.9- SRUBA DIN931;st-stal-weglowa;6685;4;6629
1102200080B10I4014;S20.0X080-6K-B-46-10.9- SRUBA ISO4014;;1102;Śruba z łbem 6-kątnym z gwintem na części S20.0X080-6K-B-46-10.9- SRUBA ISO4014;st-stal-weglowa;6685;4;6629
1102200090S12D931S;S20.0X090-6K-S-46-12.9- SRUBA DIN931;;1102;Śruba z łbem 6-kątnym z gwintem na części S20.0X090-6K-S-46-12.9- SRUBA DIN931;st-stal-weglowa;6685;4;6629
1102200280S10D931S;S20.0X280-6K-S-65-10.9- SRUBA DIN931;;1102;Śruba z łbem 6-kątnym z gwintem na części S20.0X280-6K-S-65-10.9- SRUBA DIN931;st-stal-weglowa;6685;4;6629
1102200340B58D931S;S20.0X340-6K-B-52-05.8- SRUBA DIN931;;1102;Śruba z łbem 6-kątnym z gwintem na części S20.0X340-6K-B-52-05.8- SRUBA DIN931;st-stal-weglowa;6685;4;6629
1102240090S56IS;S24.0X090-6K-S-54-05.6- SRUSA ISO4014;;1102;Śruba z łbem 6-kątnym z gwintem na części S24.0X090-6K-S-54-05.6- SRUSA ISO4014;st-stal-weglowa;6685;4;6629
1102240110S12D931S;S24.0X110-6K-S-54-12.9- SRUBA DIN931;;1102;Śruba z łbem 6-kątnym z gwintem na części S24.0X110-6K-S-54-12.9- SRUBA DIN931;st-stal-weglowa;6685;4;6629
1102240130B58D931S;S24.0X130-6K-B-60-05.8- SRUBA DIN931;;1102;Śruba z łbem 6-kątnym z gwintem na części S24.0X130-6K-B-60-05.8- SRUBA DIN931;st-stal-weglowa;6685;4;6629
1102240150B88OC20K;S24.0X150-6K-B-60-08.8 DIN931 OC 20MIK;;1102;Śruba z łbem 6-kątnym z gwintem na części S24.0X150-6K-B-60-08.8 DIN931 OC 20MIK;st-stal-weglowa;6685;4;6629
1102240160S56IS;S24.0X160-6K-S-38-05.6-SRUBA ISO4014;;1102;Śruba z łbem 6-kątnym z gwintem na części S24.0X160-6K-S-38-05.6-SRUBA ISO4014;st-stal-weglowa;6685;4;6629
1102240190S56IS;S24.0X190-6K-S-38-05.6-SRUBA ISO4014;;1102;Śruba z łbem 6-kątnym z gwintem na części S24.0X190-6K-S-38-05.6-SRUBA ISO4014;st-stal-weglowa;6685;4;6629
1102240240R10D931S;S24.0X240-6K-R-60-10.9- SRUBA DIN931;;1102;Śruba z łbem 6-kątnym z gwintem na części S24.0X240-6K-R-60-10.9- SRUBA DIN931;st-stal-weglowa;6685;4;6629
1102270070B88D931S;S27.0X070-6K-B-60-08.8- SRUBA DIN931;;1102;Śruba z łbem 6-kątnym z gwintem na części S27.0X070-6K-B-60-08.8- SRUBA DIN931;st-stal-weglowa;6685;4;6629
1102270080S10D931S;S27.0X080-6K-S-60-10.9- SRUBA DIN931;;1102;Śruba z łbem 6-kątnym z gwintem na części S27.0X080-6K-S-60-10.9- SRUBA DIN931;st-stal-weglowa;6685;4;6629
1102270260S10D931S;S27.0X260-6K-S-79-10.9- SRUBA DIN931;;1102;Śruba z łbem 6-kątnym z gwintem na części S27.0X260-6K-S-79-10.9- SRUBA DIN931;st-stal-weglowa;6685;4;6629
1102270260S88D931S;S27.0X260-6K-S-79-08.8- SRUBA DIN931;;1102;Śruba z łbem 6-kątnym z gwintem na części S27.0X260-6K-S-79-08.8- SRUBA DIN931;st-stal-weglowa;6685;4;6629
1102300100B10D931S;S30.0X100-6K-B-10.9- SRUBA DIN931;;1102;Śruba z łbem 6-kątnym z gwintem na części S30.0X100-6K-B-10.9- SRUBA DIN931;st-stal-weglowa;6685;4;6629
1102300120S12D931S;S30.0X120-6K-S-72-12.9- SRUBA DIN931;;1102;Śruba z łbem 6-kątnym z gwintem na części S30.0X120-6K-S-72-12.9- SRUBA DIN931;st-stal-weglowa;6685;4;6629
1102300200S88D931S;S30.0X200-6K-S-80-08.8- SRUBA DIN931;;1102;Śruba z łbem 6-kątnym z gwintem na części S30.0X200-6K-S-80-08.8- SRUBA DIN931;st-stal-weglowa;6685;4;6629
1102300260B10D931S;S30.0X260-6K-B-80-10.9- SRUBA DIN931;;1102;Śruba z łbem 6-kątnym z gwintem na części S30.0X260-6K-B-80-10.9- SRUBA DIN931;st-stal-weglowa;6685;4;6629
1102300340B10D931S;S30.0X340-6K-B-85-10.9- SRUBA DIN931;;1102;Śruba z łbem 6-kątnym z gwintem na części S30.0X340-6K-B-85-10.9- SRUBA DIN931;st-stal-weglowa;6685;4;6629
1102300360B10D931S;S30.0X360-6K-B-85-10.9- SRUBA DIN931;;1102;Śruba z łbem 6-kątnym z gwintem na części S30.0X360-6K-B-85-10.9- SRUBA DIN931;st-stal-weglowa;6685;4;6629
1102300360S10D931S;S30.0X360-6K-S-85-10.9- SRUBA DIN931    ;;1102;Śruba z łbem 6-kątnym z gwintem na części S30.0X360-6K-S-85-10.9- SRUBA DIN931;st-stal-weglowa;6685;4;6629
1102330200B88D931S;S33.0X200-6K-B-08.8- SRUBA DIN931;;1102;Śruba z łbem 6-kątnym z gwintem na części S33.0X200-6K-B-08.8- SRUBA DIN931;st-stal-weglowa;6685;4;6629
1102330260B88D931S;S33.0X260-6K-B-91-08.8- SRUBA DIN931;;1102;Śruba z łbem 6-kątnym z gwintem na części S33.0X260-6K-B-91-08.8- SRUBA DIN931;st-stal-weglowa;6685;4;6629
1102420160B88D931S;S42.0X160-6K-B-96-08.8- SRUBA DIN931;;1102;Śruba z łbem 6-kątnym z gwintem na części S42.0X160-6K-B-96-08.8- SRUBA DIN931;st-stal-weglowa;6685;4;6629
1102480400S88D931S;S48.0X400-6K-S-121-08.8- SRUBA DIN931;;1102;Śruba z łbem 6-kątnym z gwintem na części S48.0X400-6K-S-121-08.8- SRUBA DIN931;st-stal-weglowa;6685;4;6629
1103050008B88D692T;S05.0X008-6P-B-08.8- SRUBA KOLN.DIN6921;;1103;Śruba z łbem 6-kątnym z podkładką z gwintem na całości S05.0X008-6P-B-08.8- SRUBA KOLN.DIN6921;st-stal-weglowa;269;2;237
1103050008S88D692T;S05.0X008-6P-S-08.8- SRUBA KOLN.DIN6921;;1103;Śruba z łbem 6-kątnym z podkładką z gwintem na całości S05.0X008-6P-S-08.8- SRUBA KOLN.DIN6921;st-stal-weglowa;269;2;237
1103050010B88D692T;S05.0X010-6P-B-08.8- SRUBA KOLN.DIN6921;;1103;Śruba z łbem 6-kątnym z podkładką z gwintem na całości S05.0X010-6P-B-08.8- SRUBA KOLN.DIN6921;st-stal-weglowa;269;2;237
1103050012B88D692T;S05.0X012-6P-B-08.8- SRUBA KOLN.DIN6921;;1103;Śruba z łbem 6-kątnym z podkładką z gwintem na całości S05.0X012-6P-B-08.8- SRUBA KOLN.DIN6921;st-stal-weglowa;269;2;237
1103050016B88D692T;S05.0X016-6P-B-08.8- SRUBA KOLN.DIN6921;;1103;Śruba z łbem 6-kątnym z podkładką z gwintem na całości S05.0X016-6P-B-08.8- SRUBA KOLN.DIN6921;st-stal-weglowa;269;2;237
1103050016R10T;S05.0X016-6P-R-10.9- SRUBA DIN6921;;1103;Śruba z łbem 6-kątnym z podkładką z gwintem na całości S05.0X016-6P-R-10.9- SRUBA DIN6921;st-stal-weglowa;269;2;237
1103050020B88D692T;S05.0X020-6P-B-08.8- SRUBA KOLN.DIN6921;;1103;Śruba z łbem 6-kątnym z podkładką z gwintem na całości S05.0X020-6P-B-08.8- SRUBA KOLN.DIN6921;st-stal-weglowa;269;2;237
1103060008B88D692T;S06.0X008-6P-B-08.8- SRUBA KOLN.DIN6921;;1103;Śruba z łbem 6-kątnym z podkładką z gwintem na całości S06.0X008-6P-B-08.8- SRUBA KOLN.DIN6921;st-stal-weglowa;269;2;237
1103060008S88D692T;S06.0X008-6P-S-08.8- SRUBA KOLN.DIN6921;;1103;Śruba z łbem 6-kątnym z podkładką z gwintem na całości S06.0X008-6P-S-08.8- SRUBA KOLN.DIN6921;st-stal-weglowa;269;2;237
1103060010B88D692T;S06.0X010-6P-B-08.8- SRUBA KOLN.DIN6921;;1103;Śruba z łbem 6-kątnym z podkładką z gwintem na całości S06.0X010-6P-B-08.8- SRUBA KOLN.DIN6921;st-stal-weglowa;269;2;237
1103060012B88D692T;S06.0X012-6P-B-08.8- SRUBA KOLN.DIN6921;;1103;Śruba z łbem 6-kątnym z podkładką z gwintem na całości S06.0X012-6P-B-08.8- SRUBA KOLN.DIN6921;st-stal-weglowa;269;2;237
1103060016B88D692T;S06.0X016-6P-B-08.8- SRUBA KOLN.DIN6921;;1103;Śruba z łbem 6-kątnym z podkładką z gwintem na całości S06.0X016-6P-B-08.8- SRUBA KOLN.DIN6921;st-stal-weglowa;269;2;237
1103060020B88D692T;S06.0X020-6P-B-08.8- SRUBA KOLN.DIN6921;;1103;Śruba z łbem 6-kątnym z podkładką z gwintem na całości S06.0X020-6P-B-08.8- SRUBA KOLN.DIN6921;st-stal-weglowa;269;2;237
1103060025B48T;S06.0X025-6P-B-04.8- SRUBA;;1103;Śruba z łbem 6-kątnym z podkładką z gwintem na całości S06.0X025-6P-B-04.8- SRUBA;st-stal-weglowa;269;2;237
1103060045B48T;S06.0X045-6P-B-04.8- SRUBA;;1103;Śruba z łbem 6-kątnym z podkładką z gwintem na całości S06.0X045-6P-B-04.8- SRUBA;st-stal-weglowa;269;2;237
11030620D10D692DLT;S06.0X20-6P-DP480H-10.9-S.KOLN.D6921 DL;;1103;Śruba z łbem 6-kątnym z podkładką z gwintem na całości S06.0X20-6P-DP480H-10.9-S.KOLN.D6921 DL;st-stal-weglowa;269;2;237
1103080016B88D692T;S08.0X016-6P-B-08.8- SRUBA KOLN.DIN6921;;1103;Śruba z łbem 6-kątnym z podkładką z gwintem na całości S08.0X016-6P-B-08.8- SRUBA KOLN.DIN6921;st-stal-weglowa;269;2;237
1103080016R88T;S08.0X016-6P-R-08.8- SRUBA;;1103;Śruba z łbem 6-kątnym z podkładką z gwintem na całości S08.0X016-6P-R-08.8- SRUBA;st-stal-weglowa;269;2;237
1103080020B88D692T;S08.0X020-6P-B-08.8- SRUBA KOLN.DIN6921;;1103;Śruba z łbem 6-kątnym z podkładką z gwintem na całości S08.0X020-6P-B-08.8- SRUBA KOLN.DIN6921;st-stal-weglowa;269;2;237
1103080030B88D692T;S08.0X030-6P-B-08.8- SRUBA KOLN.DIN6921;;1103;Śruba z łbem 6-kątnym z podkładką z gwintem na całości S08.0X030-6P-B-08.8- SRUBA KOLN.DIN6921;st-stal-weglowa;269;2;237
11030816D10D692DLT;S08.0X16-6P-DP480H-10.9-S.KOLN.D6921 DL;;1103;Śruba z łbem 6-kątnym z podkładką z gwintem na całości S08.0X16-6P-DP480H-10.9-S.KOLN.D6921 DL;st-stal-weglowa;269;2;237
11030820D10D692DLT;S08.0X20-6P-DP480H-10.9-S.KOLN.D6921 DL;;1103;Śruba z łbem 6-kątnym z podkładką z gwintem na całości S08.0X20-6P-DP480H-10.9-S.KOLN.D6921 DL;st-stal-weglowa;269;2;237
1103100016B88D692T;S10.0X016-6P-B-08.8- SRUBA KOLN.DIN6921;;1103;Śruba z łbem 6-kątnym z podkładką z gwintem na całości S10.0X016-6P-B-08.8- SRUBA KOLN.DIN6921;st-stal-weglowa;269;2;237
1103100020B88D692T;S10.0X020-6P-B-08.8- SRUBA KOLN.DIN6921;;1103;Śruba z łbem 6-kątnym z podkładką z gwintem na całości S10.0X020-6P-B-08.8- SRUBA KOLN.DIN6921;st-stal-weglowa;269;2;237
1103100030B88D692T;S10.0X030-6P-B-08.8- SRUBA KOLN.DIN6921;;1103;Śruba z łbem 6-kątnym z podkładką z gwintem na całości S10.0X030-6P-B-08.8- SRUBA KOLN.DIN6921;st-stal-weglowa;269;2;237
1103100035B88D692T;S10.0X035-6P-B-08.8- SRUBA KOLN.DIN6921;;1103;Śruba z łbem 6-kątnym z podkładką z gwintem na całości S10.0X035-6P-B-08.8- SRUBA KOLN.DIN6921;st-stal-weglowa;269;2;237
1103120030B88D692T;S12.0X030-6P-B-08.8- SRUBA KOLN.DIN6921;;1103;Śruba z łbem 6-kątnym z podkładką z gwintem na całości S12.0X030-6P-B-08.8- SRUBA KOLN.DIN6921;st-stal-weglowa;269;2;237
1103120035B88D692T;S12.0X035-6P-B-08.8- SRUBA KOLN.DIN6921;;1103;Śruba z łbem 6-kątnym z podkładką z gwintem na całości S12.0X035-6P-B-08.8- SRUBA KOLN.DIN6921;st-stal-weglowa;269;2;237
1103120040B88D692T;S12.0X040-6P-B-08.8- SRUBA KOLN.DIN6921;;1103;Śruba z łbem 6-kątnym z podkładką z gwintem na całości S12.0X040-6P-B-08.8- SRUBA KOLN.DIN6921;st-stal-weglowa;269;2;237
1103160035B88D692T;S16.0X035-6P-B-08.8- SRUBA KOLN.DIN6921;;1103;Śruba z łbem 6-kątnym z podkładką z gwintem na całości S16.0X035-6P-B-08.8- SRUBA KOLN.DIN6921;st-stal-weglowa;269;2;237
1103160040B88D692T;S16.0X040-6P-B-08.8- SRUBA KOLN.DIN6921;;1103;Śruba z łbem 6-kątnym z podkładką z gwintem na całości S16.0X040-6P-B-08.8- SRUBA KOLN.DIN6921;st-stal-weglowa;269;2;237
1103160050B88D692T;S16.0X050-6P-B-08.8- SRUBA KOLN.DIN6921;;1103;Śruba z łbem 6-kątnym z podkładką z gwintem na całości S16.0X050-6P-B-08.8- SRUBA KOLN.DIN6921;st-stal-weglowa;269;2;237
1104080016R10T ;S08.0X016-6P-R-22-10.9- SRUBA KOLN D6921;;1104;Śruba z łbem 6-kątnym z podkładką z gwintem na części S08.0X016-6P-R-22-10.9- SRUBA KOLN D6921;;179;2;178
1105030012B88T;S03.0X012-6PZ-B-08.8- SRUBA;;1105;Śruba z łbem 6-kątnym z podkładką z zabezpieczeniem S03.0X012-6PZ-B-08.8- SRUBA;st-stal-weglowa;228;3;181
1105050008B88D692T;S05.0X008-6PZ-B-08.8 SRUBA ~DIN6921;;1105;Śruba z łbem 6-kątnym z podkładką z zabezpieczeniem S05.0X008-6PZ-B-08.8 SRUBA ~DIN6921;st-stal-weglowa;228;3;181
1105050010B88D692T;S05.0X010-6PZ-B-08.8- SR KOLN ~DIN 6921;;1105;Śruba z łbem 6-kątnym z podkładką z zabezpieczeniem S05.0X010-6PZ-B-08.8- SR KOLN ~DIN 6921;st-stal-weglowa;228;3;181
1105050016B88D692T;S05.0X016-6PZ-B-08.8- SR KOLN ~DIN 6921;;1105;Śruba z łbem 6-kątnym z podkładką z zabezpieczeniem S05.0X016-6PZ-B-08.8- SR KOLN ~DIN 6921;st-stal-weglowa;228;3;181
1105050020B88D692T;S05.0X020-6PZ-B-08.8- SR KOLN ~DIN 6921;;1105;Śruba z łbem 6-kątnym z podkładką z zabezpieczeniem S05.0X020-6PZ-B-08.8- SR KOLN ~DIN 6921;st-stal-weglowa;228;3;181
1105050025B88D692T;S05.0X025-6PZ-B-16-08.8- SR KOLN ~D6921;;1105;Śruba z łbem 6-kątnym z podkładką z zabezpieczeniem S05.0X025-6PZ-B-16-08.8- SR KOLN ~D6921;st-stal-weglowa;228;3;181
1105050030B88D692T;S05.0X030-6PZ-B-16-08.8- SR KOLN ~D6921;;1105;Śruba z łbem 6-kątnym z podkładką z zabezpieczeniem S05.0X030-6PZ-B-16-08.8- SR KOLN ~D6921;st-stal-weglowa;228;3;181
1105060010B88D692T;S06.0X010-6PZ-B-08.8- SR KOLN ~DIN 6921;;1105;Śruba z łbem 6-kątnym z podkładką z zabezpieczeniem S06.0X010-6PZ-B-08.8- SR KOLN ~DIN 6921;st-stal-weglowa;228;3;181
1105060012B88D692T;S06.0X012-6PZ-B-08.8- SR KOLN ~DIN 6921;;1105;Śruba z łbem 6-kątnym z podkładką z zabezpieczeniem S06.0X012-6PZ-B-08.8- SR KOLN ~DIN 6921;st-stal-weglowa;228;3;181
1105060016B88D692T;S06.0X016-6PZ-B-08.8- SR KOLN ~DIN 6921;;1105;Śruba z łbem 6-kątnym z podkładką z zabezpieczeniem S06.0X016-6PZ-B-08.8- SR KOLN ~DIN 6921;st-stal-weglowa;228;3;181
1105060016B88D69T;S06.0X016-6PZ-B-08.8- SRUBA ~DIN 6921;;1105;Śruba z łbem 6-kątnym z podkładką z zabezpieczeniem S06.0X016-6PZ-B-08.8- SRUBA ~DIN 6921;st-stal-weglowa;228;3;181
1105060020B88D692T;S06.0X020-6PZ-B-08.8- SR KOLN ~DIN 6921;;1105;Śruba z łbem 6-kątnym z podkładką z zabezpieczeniem S06.0X020-6PZ-B-08.8- SR KOLN ~DIN 6921;st-stal-weglowa;228;3;181
1105060025B88D692T;S06.0X025-6PZ-B-18-08.8- SR KOLN ~D6921;;1105;Śruba z łbem 6-kątnym z podkładką z zabezpieczeniem S06.0X025-6PZ-B-18-08.8- SR KOLN ~D6921;st-stal-weglowa;228;3;181
1105060025R10D69T;S06.0X025-6PZ-R-10.9- SRUBA ~DIN 6921;;1105;Śruba z łbem 6-kątnym z podkładką z zabezpieczeniem S06.0X025-6PZ-R-10.9- SRUBA ~DIN 6921;st-stal-weglowa;228;3;181
1105060030B88D692T;S06.0X030-6PZ-B-18-08.8- SR KOLN ~D6921;;1105;Śruba z łbem 6-kątnym z podkładką z zabezpieczeniem S06.0X030-6PZ-B-18-08.8- SR KOLN ~D6921;st-stal-weglowa;228;3;181
1105060030BF07T;S06.0X030-6PZ-B-05.8 SRUBA F07;;1105;Śruba z łbem 6-kątnym z podkładką z zabezpieczeniem S06.0X030-6PZ-B-05.8 SRUBA F07;st-stal-weglowa;228;3;181
1105060035B88D692T;S06.0X035-6PZ-B-18-08.8- SR KOLN ~D6921;;1105;Śruba z łbem 6-kątnym z podkładką z zabezpieczeniem S06.0X035-6PZ-B-18-08.8- SR KOLN ~D6921;st-stal-weglowa;228;3;181
1105060035BF07T;S6PZM6X35B 5.8 F07;;1105;Śruba z łbem 6-kątnym z podkładką z zabezpieczeniem S6PZM6X35B 5.8 F07;st-stal-weglowa;228;3;181
1105060040B88D692T;S06.0X040-6PZ-B-18-08.8- SR KOLN ~D6921;;1105;Śruba z łbem 6-kątnym z podkładką z zabezpieczeniem S06.0X040-6PZ-B-18-08.8- SR KOLN ~D6921;st-stal-weglowa;228;3;181
1105060040BF07T;S06.0X040-6PZ-B-05.8 SRUBA F07;;1105;Śruba z łbem 6-kątnym z podkładką z zabezpieczeniem S06.0X040-6PZ-B-05.8 SRUBA F07;st-stal-weglowa;228;3;181
1105060045B58F07T;S06.0X045-6PZ-B-05.8 SRUBA F07;;1105;Śruba z łbem 6-kątnym z podkładką z zabezpieczeniem S06.0X045-6PZ-B-05.8 SRUBA F07;st-stal-weglowa;228;3;181
1105080012B88D692T;S08.0X012-6PZ-B-08.8- SR KOLN ~DIN 6921;;1105;Śruba z łbem 6-kątnym z podkładką z zabezpieczeniem S08.0X012-6PZ-B-08.8- SR KOLN ~DIN 6921;st-stal-weglowa;228;3;181
1105080012R10T;S08.0X012-6PZ-R-10.9 SRUBA;;1105;Śruba z łbem 6-kątnym z podkładką z zabezpieczeniem S08.0X012-6PZ-R-10.9 SRUBA;st-stal-weglowa;228;3;181
1105080016B88D692T;S08.0X016-6PZ-B-08.8- SR KOLN ~DIN 6921;;1105;Śruba z łbem 6-kątnym z podkładką z zabezpieczeniem S08.0X016-6PZ-B-08.8- SR KOLN ~DIN 6921;st-stal-weglowa;228;3;181
1105080020B88D692T;S08.0X020-6PZ-B-08.8- SR KOLN ~DIN 6921;;1105;Śruba z łbem 6-kątnym z podkładką z zabezpieczeniem S08.0X020-6PZ-B-08.8- SR KOLN ~DIN 6921;st-stal-weglowa;228;3;181
1105080020R10T;S08.0X020-6PZ-R-10.9 SRUBA;;1105;Śruba z łbem 6-kątnym z podkładką z zabezpieczeniem S08.0X020-6PZ-R-10.9 SRUBA;st-stal-weglowa;228;3;181
1105080025B88D692T;S08.0X025-6PZ-B-08.8- SR KOLN ~DIN 6921;;1105;Śruba z łbem 6-kątnym z podkładką z zabezpieczeniem S08.0X025-6PZ-B-08.8- SR KOLN ~DIN 6921;st-stal-weglowa;228;3;181
1105080030B88D692T;S08.0X030-6PZ-B-08.8- SR KOLN ~DIN 6921;;1105;Śruba z łbem 6-kątnym z podkładką z zabezpieczeniem S08.0X030-6PZ-B-08.8- SR KOLN ~DIN 6921;st-stal-weglowa;228;3;181
1105080035B88D692T;S08.0X035-6PZ-B-22-08.8- SR KOLN ~D6921;;1105;Śruba z łbem 6-kątnym z podkładką z zabezpieczeniem S08.0X035-6PZ-B-22-08.8- SR KOLN ~D6921;st-stal-weglowa;228;3;181
1105080040B88D692T;S08.0X040-6PZ-B-22-08.8- SR KOLN ~D6921;;1105;Śruba z łbem 6-kątnym z podkładką z zabezpieczeniem S08.0X040-6PZ-B-22-08.8- SR KOLN ~D6921;st-stal-weglowa;228;3;181
1105080040B88T;S08.0X040-6PZ-B-08.8 SRUBA;;1105;Śruba z łbem 6-kątnym z podkładką z zabezpieczeniem S08.0X040-6PZ-B-08.8 SRUBA;st-stal-weglowa;228;3;181
1105080065B88T;S08.0X065-6PZ-B-08.8 SRUBA;;1105;Śruba z łbem 6-kątnym z podkładką z zabezpieczeniem S08.0X065-6PZ-B-08.8 SRUBA;st-stal-weglowa;228;3;181
1105100016B88D692T;S10.0X016-6PZ-B-08.8- SR KOLN ~DIN 6921;;1105;Śruba z łbem 6-kątnym z podkładką z zabezpieczeniem S10.0X016-6PZ-B-08.8- SR KOLN ~DIN 6921;st-stal-weglowa;228;3;181
1105100020B88D692T;S10.0X020-6PZ-B-08.8- SR KOLN ~DIN 6921;;1105;Śruba z łbem 6-kątnym z podkładką z zabezpieczeniem S10.0X020-6PZ-B-08.8- SR KOLN ~DIN 6921;st-stal-weglowa;228;3;181
1105100025B88D692T;S10.0X025-6PZ-B-08.8- SR KOLN ~DIN 6921;;1105;Śruba z łbem 6-kątnym z podkładką z zabezpieczeniem S10.0X025-6PZ-B-08.8- SR KOLN ~DIN 6921;st-stal-weglowa;228;3;181
1105100030B88D692T;S10.0X030-6PZ-B-08.8- SR KOLN ~DIN 6921;;1105;Śruba z łbem 6-kątnym z podkładką z zabezpieczeniem S10.0X030-6PZ-B-08.8- SR KOLN ~DIN 6921;st-stal-weglowa;228;3;181
1105100035B88D692T;S10.0X035-6PZ-B-08.8- SR KOLN ~DIN 6921;;1105;Śruba z łbem 6-kątnym z podkładką z zabezpieczeniem S10.0X035-6PZ-B-08.8- SR KOLN ~DIN 6921;st-stal-weglowa;228;3;181
1105100035R10D69T;S10.0X035-6PZ-R-10.9- SRUBA ~DIN 6921;;1105;Śruba z łbem 6-kątnym z podkładką z zabezpieczeniem S10.0X035-6PZ-R-10.9- SRUBA ~DIN 6921;st-stal-weglowa;228;3;181
1105100040B88D692T;S10.0X040-6PZ-B-26-08.8- SR KOLN ~D6921;;1105;Śruba z łbem 6-kątnym z podkładką z zabezpieczeniem S10.0X040-6PZ-B-26-08.8- SR KOLN ~D6921;st-stal-weglowa;228;3;181
1105100045B88D692T;S10.0X045-6PZ-B-26-08.8- SR KOLN ~D6921;;1105;Śruba z łbem 6-kątnym z podkładką z zabezpieczeniem S10.0X045-6PZ-B-26-08.8- SR KOLN ~D6921;st-stal-weglowa;228;3;181
1105100050B88D692T;S10.0X050-6PZ-B-26-08.8- SR KOLN ~D6921;;1105;Śruba z łbem 6-kątnym z podkładką z zabezpieczeniem S10.0X050-6PZ-B-26-08.8- SR KOLN ~D6921;st-stal-weglowa;228;3;181
1105120025B88D692T;S12.0X025-6PZ-B-08.8- SR KOLN ~DIN 6921;;1105;Śruba z łbem 6-kątnym z podkładką z zabezpieczeniem S12.0X025-6PZ-B-08.8- SR KOLN ~DIN 6921;st-stal-weglowa;228;3;181
1105120030B88D692T;S12.0X030-6PZ-B-08.8- SR KOLN ~DIN 6921;;1105;Śruba z łbem 6-kątnym z podkładką z zabezpieczeniem S12.0X030-6PZ-B-08.8- SR KOLN ~DIN 6921;st-stal-weglowa;228;3;181
1105120035B88D692T;S12.0X035-6PZ-B-08.8- SR KOLN ~DIN 6921;;1105;Śruba z łbem 6-kątnym z podkładką z zabezpieczeniem S12.0X035-6PZ-B-08.8- SR KOLN ~DIN 6921;st-stal-weglowa;228;3;181
1105120040B88D692T;S12.0X040-6PZ-B-08.8- SR KOLN ~DIN 6921;;1105;Śruba z łbem 6-kątnym z podkładką z zabezpieczeniem S12.0X040-6PZ-B-08.8- SR KOLN ~DIN 6921;st-stal-weglowa;228;3;181
1105120045B88D692T;S12.0X045-6PZ-B-30-08.8- SR KOLN ~D6921;;1105;Śruba z łbem 6-kątnym z podkładką z zabezpieczeniem S12.0X045-6PZ-B-30-08.8- SR KOLN ~D6921;st-stal-weglowa;228;3;181
1105120050B88D692T;S12.0X050-6PZ-B-30-08.8- SR KOLN ~D6921;;1105;Śruba z łbem 6-kątnym z podkładką z zabezpieczeniem S12.0X050-6PZ-B-30-08.8- SR KOLN ~D6921;st-stal-weglowa;228;3;181
1108080030BK;S08.0X030-ZG-B- SR.ZAMK.GRZYBK.;;1108;Śruba zamkowa z łbem grzybkowym z gwintem na całości S08.0X030-ZG-B- SR.ZAMK.GRZYBK.;st-stal-weglowa;452;2;448
1108080055SD603K;S08.0X055-ZG-S- SR.ZAMK.GRZYBK.;;1108;Śruba zamkowa z łbem grzybkowym z gwintem na całości S08.0X055-ZG-S- SR.ZAMK.GRZYBK.;st-stal-weglowa;452;2;448
1108080060B88D603K;S08.0X060-ZG-B-08.8- SR.ZAMK.GRZYBK.;;1108;Śruba zamkowa z łbem grzybkowym z gwintem na całości S08.0X060-ZG-B-08.8- SR.ZAMK.GRZYBK.;st-stal-weglowa;452;2;448
1108120060B88D603K;S12.0X060-ZG-B-08.8- SR.ZAMK.GRZYBK.;;1108;Śruba zamkowa z łbem grzybkowym z gwintem na całości S12.0X060-ZG-B-08.8- SR.ZAMK.GRZYBK.;st-stal-weglowa;452;2;448
1109050080035BK;S05.0X080-ZG-B-35- SR.ZAMK.GRZYBK.;;1109;Śruba zamkowa z łbem grzybkowym z gwintem na części S05.0X080-ZG-B-35- SR.ZAMK.GRZYBK.;st-stal-weglowa;741;2;718
1109060035BDF07T;S06.0X035-ZG-B-18- SR.ZAMK.GRZYBK. F07;;1109;Śruba zamkowa z łbem grzybkowym z gwintem na części S06.0X035-ZG-B-18- SR.ZAMK.GRZYBK. F07;st-stal-weglowa;741;2;718
1109060040C88D603T;S06.0X040-ZG-C-18-08.8- SR.ZAMK.GRZYBK.;;1109;Śruba zamkowa z łbem grzybkowym z gwintem na części S06.0X040-ZG-C-18-08.8- SR.ZAMK.GRZYBK.;st-stal-weglowa;741;2;718
1109060060040BK;S06.0X060-ZG-B-40- SR.ZAMK.GRZYBK.;;1109;Śruba zamkowa z łbem grzybkowym z gwintem na części S06.0X060-ZG-B-40- SR.ZAMK.GRZYBK.;st-stal-weglowa;741;2;718
1109060060BF07T;S06.0X060-ZG-B-18- SR.ZAMK.GRZYBK. F07;;1109;Śruba zamkowa z łbem grzybkowym z gwintem na części S06.0X060-ZG-B-18- SR.ZAMK.GRZYBK. F07;st-stal-weglowa;741;2;718
1109080055BK;S08.0X055-ZG-B-40- SR.ZAMK.GRZYBK.;;1109;Śruba zamkowa z łbem grzybkowym z gwintem na części S08.0X055-ZG-B-40- SR.ZAMK.GRZYBK.;st-stal-weglowa;741;2;718
1109080055BT;S08.0X055-ZG-B-40- SR.ZAMK.GRZYBK.;;1109;Śruba zamkowa z łbem grzybkowym z gwintem na części S08.0X055-ZG-B-40- SR.ZAMK.GRZYBK.;st-stal-weglowa;741;2;718
1109080055CK;S08.0X055-ZG-C-40- SR.ZAMK.GRZYBK.;;1109;Śruba zamkowa z łbem grzybkowym z gwintem na części S08.0X055-ZG-C-40- SR.ZAMK.GRZYBK.;st-stal-weglowa;741;2;718
1109080055SK;S08.0X055-ZG-S-40- SR.ZAMK.GRZYBK.;;1109;Śruba zamkowa z łbem grzybkowym z gwintem na części S08.0X055-ZG-S-40- SR.ZAMK.GRZYBK.;st-stal-weglowa;741;2;718
1109080065BT;S08.0X065-ZG-B-28- SR.ZAMK.GRZYBK.;;1109;Śruba zamkowa z łbem grzybkowym z gwintem na części S08.0X065-ZG-B-28- SR.ZAMK.GRZYBK.;st-stal-weglowa;741;2;718
1109080070B881014T;S08.0X070-ZG-B-22-08.8- SR.ZAM.GR.R.1014;;1109;Śruba zamkowa z łbem grzybkowym z gwintem na części S08.0X070-ZG-B-22-08.8- SR.ZAM.GR.R.1014;st-stal-weglowa;741;2;718
1109080070B887016K;S08.0X070-ZG-B-22-08.8- ZAMK.GRZ.RAL7016;;1109;Śruba zamkowa z łbem grzybkowym z gwintem na części S08.0X070-ZG-B-22-08.8- ZAMK.GRZ.RAL7016;st-stal-weglowa;741;2;718
1109080085AD603K;S08.0X085-ZG-A-22- SR.ZAMK.GRZYBK.;;1109;Śruba zamkowa z łbem grzybkowym z gwintem na części S08.0X085-ZG-A-22- SR.ZAMK.GRZYBK.;st-stal-weglowa;741;2;718
1109080085BT;S08.0X085-ZG-B-26- SR.ZAMK.GRZYBK.;;1109;Śruba zamkowa z łbem grzybkowym z gwintem na części S08.0X085-ZG-B-26- SR.ZAMK.GRZYBK.;st-stal-weglowa;741;2;718
1109100055BK;S10.0X055-ZG-B-40- SR.ZAMK.GRZYBK.;;1109;Śruba zamkowa z łbem grzybkowym z gwintem na części S10.0X055-ZG-B-40- SR.ZAMK.GRZYBK.;st-stal-weglowa;741;2;718
1109100060CD603K;S10.0X060-ZG-C-26- SR.ZAMK.GRZYBK.;;1109;Śruba zamkowa z łbem grzybkowym z gwintem na części S10.0X060-ZG-C-26- SR.ZAMK.GRZYBK.;st-stal-weglowa;741;2;718
1109100080B88D603S;S10.0X080-ZG-B-26-08.8 SR.ZAMK.GRZYBK.;;1109;Śruba zamkowa z łbem grzybkowym z gwintem na części S10.0X080-ZG-B-26-08.8 SR.ZAMK.GRZYBK.;st-stal-weglowa;741;2;718
1109100090R88D603S;S10.0X090-ZG-R-26-08.8 SR.ZAMK.GRZYBK.;;1109;Śruba zamkowa z łbem grzybkowym z gwintem na części S10.0X090-ZG-R-26-08.8 SR.ZAMK.GRZYBK.;st-stal-weglowa;741;2;718
1109100260BD603S;S10.0X260-ZG-B-45- SR.ZAMK.GRZYBK.;;1109;Śruba zamkowa z łbem grzybkowym z gwintem na części S10.0X260-ZG-B-45- SR.ZAMK.GRZYBK.;st-stal-weglowa;741;2;718
1109120090B88D603S;S12.0X090-ZG-B-30-08.8 SR.ZAMK.GRZYBK.;;1109;Śruba zamkowa z łbem grzybkowym z gwintem na części S12.0X090-ZG-B-30-08.8 SR.ZAMK.GRZYBK.;st-stal-weglowa;741;2;718
1109120130B88D603S;S12.0X130-ZG-B-30-08.8- SR.ZAMK.GRZYBK.;;1109;Śruba zamkowa z łbem grzybkowym z gwintem na części S12.0X130-ZG-B-30-08.8- SR.ZAMK.GRZYBK.;st-stal-weglowa;741;2;718
1109120300B88D603S;S12.0X300-ZG-B-49-08.8- SR.ZAMK.GRZYBK.;;1109;Śruba zamkowa z łbem grzybkowym z gwintem na części S12.0X300-ZG-B-49-08.8- SR.ZAMK.GRZYBK.;st-stal-weglowa;741;2;718
1109160400BD603NP;S16.0X400-ZG-B-57- SR.ZAMK.GRZYBK.+NAK;;1109;Śruba zamkowa z łbem grzybkowym z gwintem na części S16.0X400-ZG-B-57- SR.ZAMK.GRZYBK.+NAK;st-stal-weglowa;741;2;718
1111100045S10D608T;S10.0X045-ZS-S-10.9- SR.ZAMK. DIN608;;1111;Śruba zamkowa z łbem stożkowym z gwintem na części S10.0X045-ZS-S-10.9- SR.ZAMK. DIN608;st-stal-weglowa;88;2;64
1111100045S88D608T;S10.0X045-ZS-S-08.8 SR.ZAMK. DIN608;;1111;Śruba zamkowa z łbem stożkowym z gwintem na części S10.0X045-ZS-S-08.8 SR.ZAMK. DIN608;st-stal-weglowa;88;2;64
1111100050S10D608T;S10.0X050-ZS-S-10.9 SR.ZAMK. DIN608;;1111;Śruba zamkowa z łbem stożkowym z gwintem na części S10.0X050-ZS-S-10.9 SR.ZAMK. DIN608;st-stal-weglowa;88;2;64
1111100060S10D608T;S10.0X060-ZS-S-10.9 SR.ZAMK. DIN608;;1111;Śruba zamkowa z łbem stożkowym z gwintem na części S10.0X060-ZS-S-10.9 SR.ZAMK. DIN608;st-stal-weglowa;88;2;64
1111100060S88D608T;S10.0X060-ZS-S-08.8 SR.ZAMK. DIN608;;1111;Śruba zamkowa z łbem stożkowym z gwintem na części S10.0X060-ZS-S-08.8 SR.ZAMK. DIN608;st-stal-weglowa;88;2;64
1111120055S88D608T;S12.0X055-ZS-S-08.8 SR.ZAMK. DIN608;;1111;Śruba zamkowa z łbem stożkowym z gwintem na części S12.0X055-ZS-S-08.8 SR.ZAMK. DIN608;st-stal-weglowa;88;2;64
1111120060S10D608T;S12.0X060-ZS-S-10.9- SR.ZAMK. DIN608;;1111;Śruba zamkowa z łbem stożkowym z gwintem na części S12.0X060-ZS-S-10.9- SR.ZAMK. DIN608;st-stal-weglowa;88;2;64
1111120060S88D608T;S12.0X060-ZS-S-08.8 SR.ZAMK. DIN608;;1111;Śruba zamkowa z łbem stożkowym z gwintem na części S12.0X060-ZS-S-08.8 SR.ZAMK. DIN608;st-stal-weglowa;88;2;64
1111120070S10D608T;S12.0X070-ZS-S-10.9 SR.ZAMK. DIN608;;1111;Śruba zamkowa z łbem stożkowym z gwintem na części S12.0X070-ZS-S-10.9 SR.ZAMK. DIN608;st-stal-weglowa;88;2;64
1111120070S88D608T;S12.0X070-ZS-S-08.8 SR.ZAMK. DIN608;;1111;Śruba zamkowa z łbem stożkowym z gwintem na części S12.0X070-ZS-S-08.8 SR.ZAMK. DIN608;st-stal-weglowa;88;2;64
1111120080S88D608T;S12.0X080-ZS-S-08.8 SR.ZAMK. DIN608;;1111;Śruba zamkowa z łbem stożkowym z gwintem na części S12.0X080-ZS-S-08.8 SR.ZAMK. DIN608;st-stal-weglowa;88;2;64
1111120090S10D608T;S12.0X090-ZS-S-10.9- SR.ZAMK. DIN608;;1111;Śruba zamkowa z łbem stożkowym z gwintem na części S12.0X090-ZS-S-10.9- SR.ZAMK. DIN608;st-stal-weglowa;88;2;64
1111120090S88D608T;S12.0X090-ZS-S-08.8 SR.ZAMK. DIN608;;1111;Śruba zamkowa z łbem stożkowym z gwintem na części S12.0X090-ZS-S-08.8 SR.ZAMK. DIN608;st-stal-weglowa;88;2;64
1111120100S10D608T;S12.0X100-ZS-S-10.9 SR.ZAMK. DIN608;;1111;Śruba zamkowa z łbem stożkowym z gwintem na części S12.0X100-ZS-S-10.9 SR.ZAMK. DIN608;st-stal-weglowa;88;2;64
1111120100S88D608T;S12.0X100-ZS-S-08.8 SR.ZAMK. DIN608;;1111;Śruba zamkowa z łbem stożkowym z gwintem na części S12.0X100-ZS-S-08.8 SR.ZAMK. DIN608;st-stal-weglowa;88;2;64
111112090B10OC08T;S12.0X090-ZS-B-10.9 SRUBA DIN608 OC.8MIK;;1111;Śruba zamkowa z łbem stożkowym z gwintem na części S12.0X090-ZS-B-10.9 SRUBA DIN608 OC.8MIK;st-stal-weglowa;88;2;64
1111160070S10T;S16.0X070-ZS-S-10.9 SR.ZAMK. ~DIN608;;1111;Śruba zamkowa z łbem stożkowym z gwintem na części S16.0X070-ZS-S-10.9 SR.ZAMK. ~DIN608;st-stal-weglowa;88;2;64
1111160070S88T;S16.0X070-ZS-S-08.8 SR.ZAMK. ~DIN608;;1111;Śruba zamkowa z łbem stożkowym z gwintem na części S16.0X070-ZS-S-08.8 SR.ZAMK. ~DIN608;st-stal-weglowa;88;2;64
1111160080S10T;S16.0X080-ZS-S-10.9 SR.ZAMK. ~DIN608;;1111;Śruba zamkowa z łbem stożkowym z gwintem na części S16.0X080-ZS-S-10.9 SR.ZAMK. ~DIN608;st-stal-weglowa;88;2;64
1111160080S88T;S16.0X080-ZS-S-08.8 SR.ZAMK. ~DIN608;;1111;Śruba zamkowa z łbem stożkowym z gwintem na części S16.0X080-ZS-S-08.8 SR.ZAMK. ~DIN608;st-stal-weglowa;88;2;64
1111160100S10T;S16.0X100-ZS-S-10.9 SR.ZAMK. ~DIN608;;1111;Śruba zamkowa z łbem stożkowym z gwintem na części S16.0X100-ZS-S-10.9 SR.ZAMK. ~DIN608;st-stal-weglowa;88;2;64
1111160110S88T;S16.0X110-ZS-S-08.8 SR.ZAMK. ~DIN608;;1111;Śruba zamkowa z łbem stożkowym z gwintem na części S16.0X110-ZS-S-08.8 SR.ZAMK. ~DIN608;st-stal-weglowa;88;2;64
1111200080S10T;S20.0X080-ZS-S-10.9 SR.ZAMK. ~DIN608;;1111;Śruba zamkowa z łbem stożkowym z gwintem na części S20.0X080-ZS-S-10.9 SR.ZAMK. ~DIN608;st-stal-weglowa;88;2;64
1111200100S88T;S20.0X100-ZS-S-08.8 SR.ZAMK. ~DIN608;;1111;Śruba zamkowa z łbem stożkowym z gwintem na części S20.0X100-ZS-S-08.8 SR.ZAMK. ~DIN608;st-stal-weglowa;88;2;64
1112080020S10100IT;S08.0X020-6K-S-1.00-10.9 SRUBA ISO8676;;1112;Śruba z łbem sześciokątnym z gwintem drobnozwojnym na całości S08.0X020-6K-S-1.00-10.9 SRUBA ISO8676;st-stal-weglowa;1310;2;1109
1112080025S10100IT;S08.0X025-6K-S-1.00-10.9 SRUBA ISO8676;;1112;Śruba z łbem sześciokątnym z gwintem drobnozwojnym na całości S08.0X025-6K-S-1.00-10.9 SRUBA ISO8676;st-stal-weglowa;1310;2;1109
1112080030S10100IT;S08.0X030-6K-S-1.00-10.9 SRUBA ISO8676;;1112;Śruba z łbem sześciokątnym z gwintem drobnozwojnym na całości S08.0X030-6K-S-1.00-10.9 SRUBA ISO8676;st-stal-weglowa;1310;2;1109
1112080035S10100IT;S08.0X035-6K-S-1.00-10.9 SRUBA ISO8676;;1112;Śruba z łbem sześciokątnym z gwintem drobnozwojnym na całości S08.0X035-6K-S-1.00-10.9 SRUBA ISO8676;st-stal-weglowa;1310;2;1109
1112080040S10100IT;S08.0X040-6K-S-1.00-10.9 SRUBA ISO8676;;1112;Śruba z łbem sześciokątnym z gwintem drobnozwojnym na całości S08.0X040-6K-S-1.00-10.9 SRUBA ISO8676;st-stal-weglowa;1310;2;1109
1112080045S10100IT;S08.0X045-6K-S-1.00-10.9 SRUBA ISO8676;;1112;Śruba z łbem sześciokątnym z gwintem drobnozwojnym na całości S08.0X045-6K-S-1.00-10.9 SRUBA ISO8676;st-stal-weglowa;1310;2;1109
1112080050S10100IT;S08.0X050-6K-S-1.00-10.9 SRUBA ISO8676;;1112;Śruba z łbem sześciokątnym z gwintem drobnozwojnym na całości S08.0X050-6K-S-1.00-10.9 SRUBA ISO8676;st-stal-weglowa;1310;2;1109
1112080060S10100IT;S08.0X060-6K-S-1.00-10.9 SRUBA ISO8676;;1112;Śruba z łbem sześciokątnym z gwintem drobnozwojnym na całości S08.0X060-6K-S-1.00-10.9 SRUBA ISO8676;st-stal-weglowa;1310;2;1109
1112080070S10100IT;S08.0X070-6K-S-1.00-10.9 SRUBA ISO8676;;1112;Śruba z łbem sześciokątnym z gwintem drobnozwojnym na całości S08.0X070-6K-S-1.00-10.9 SRUBA ISO8676;st-stal-weglowa;1310;2;1109
1112080080S10100IT;S08.0X080-6K-S-1.00-10.9 SRUBA ISO8676;;1112;Śruba z łbem sześciokątnym z gwintem drobnozwojnym na całości S08.0X080-6K-S-1.00-10.9 SRUBA ISO8676;st-stal-weglowa;1310;2;1109
1112100016S10100IT;S10.0X016-6K-S-1.00-10.9 SRUBA ISO8676;;1112;Śruba z łbem sześciokątnym z gwintem drobnozwojnym na całości S10.0X016-6K-S-1.00-10.9 SRUBA ISO8676;st-stal-weglowa;1310;2;1109
1112100016S10125IT;S10.0X016-6K-S-1.25-10.9 SRUBA ISO8676;;1112;Śruba z łbem sześciokątnym z gwintem drobnozwojnym na całości S10.0X016-6K-S-1.25-10.9 SRUBA ISO8676;st-stal-weglowa;1310;2;1109
1112100020S10100IT;S10.0X020-6K-S-1.00-10.9 SRUBA ISO8676;;1112;Śruba z łbem sześciokątnym z gwintem drobnozwojnym na całości S10.0X020-6K-S-1.00-10.9 SRUBA ISO8676;st-stal-weglowa;1310;2;1109
1112100020S10125IT;S10.0X020-6K-S-1.25-10.9 SRUBA ISO8676;;1112;Śruba z łbem sześciokątnym z gwintem drobnozwojnym na całości S10.0X020-6K-S-1.25-10.9 SRUBA ISO8676;st-stal-weglowa;1310;2;1109
1112100025S10100IT;S10.0X025-6K-S-1.00-10.9 SRUBA ISO8676;;1112;Śruba z łbem sześciokątnym z gwintem drobnozwojnym na całości S10.0X025-6K-S-1.00-10.9 SRUBA ISO8676;st-stal-weglowa;1310;2;1109
1112100025S10125IT;S10.0X025-6K-S-1.25-10.9 SRUBA ISO8676;;1112;Śruba z łbem sześciokątnym z gwintem drobnozwojnym na całości S10.0X025-6K-S-1.25-10.9 SRUBA ISO8676;st-stal-weglowa;1310;2;1109
1112100030S10100IT;S10.0X030-6K-S-1.00-10.9 SRUBA ISO8676;;1112;Śruba z łbem sześciokątnym z gwintem drobnozwojnym na całości S10.0X030-6K-S-1.00-10.9 SRUBA ISO8676;st-stal-weglowa;1310;2;1109
1112100030S10125IT;S10.0X030-6K-S-1.25-10.9 SRUBA ISO8676;;1112;Śruba z łbem sześciokątnym z gwintem drobnozwojnym na całości S10.0X030-6K-S-1.25-10.9 SRUBA ISO8676;st-stal-weglowa;1310;2;1109
1112100035S10100IT;S10.0X035-6K-S-1.00-10.9 SRUBA ISO8676;;1112;Śruba z łbem sześciokątnym z gwintem drobnozwojnym na całości S10.0X035-6K-S-1.00-10.9 SRUBA ISO8676;st-stal-weglowa;1310;2;1109
1112100035S10125IT;S10.0X035-6K-S-1.25-10.9 SRUBA ISO8676;;1112;Śruba z łbem sześciokątnym z gwintem drobnozwojnym na całości S10.0X035-6K-S-1.25-10.9 SRUBA ISO8676;st-stal-weglowa;1310;2;1109
1112100040S10100IT;S10.0X040-6K-S-1.00-10.9 SRUBA ISO8676;;1112;Śruba z łbem sześciokątnym z gwintem drobnozwojnym na całości S10.0X040-6K-S-1.00-10.9 SRUBA ISO8676;st-stal-weglowa;1310;2;1109
1112100040S10125IT;S10.0X040-6K-S-1.25-10.9 SRUBA ISO8676;;1112;Śruba z łbem sześciokątnym z gwintem drobnozwojnym na całości S10.0X040-6K-S-1.25-10.9 SRUBA ISO8676;st-stal-weglowa;1310;2;1109
1112100045S10100IT;S10.0X045-6K-S-1.00-10.9 SRUBA ISO8676;;1112;Śruba z łbem sześciokątnym z gwintem drobnozwojnym na całości S10.0X045-6K-S-1.00-10.9 SRUBA ISO8676;st-stal-weglowa;1310;2;1109
1112100045S10125IT;S10.0X045-6K-S-1.25-10.9 SRUBA ISO8676;;1112;Śruba z łbem sześciokątnym z gwintem drobnozwojnym na całości S10.0X045-6K-S-1.25-10.9 SRUBA ISO8676;st-stal-weglowa;1310;2;1109
1112100050S10100IT;S10.0X050-6K-S-1.00-10.9 SRUBA ISO8676;;1112;Śruba z łbem sześciokątnym z gwintem drobnozwojnym na całości S10.0X050-6K-S-1.00-10.9 SRUBA ISO8676;st-stal-weglowa;1310;2;1109
1112100050S10125IT;S10.0X050-6K-S-1.25-10.9 SRUBA ISO8676;;1112;Śruba z łbem sześciokątnym z gwintem drobnozwojnym na całości S10.0X050-6K-S-1.25-10.9 SRUBA ISO8676;st-stal-weglowa;1310;2;1109
1112100055S10125IT;S10.0X055-6K-S-1.25-10.9 SRUBA ISO8676;;1112;Śruba z łbem sześciokątnym z gwintem drobnozwojnym na całości S10.0X055-6K-S-1.25-10.9 SRUBA ISO8676;st-stal-weglowa;1310;2;1109
1112100060S10100IT;S10.0X060-6K-S-1.00-10.9 SRUBA ISO8676;;1112;Śruba z łbem sześciokątnym z gwintem drobnozwojnym na całości S10.0X060-6K-S-1.00-10.9 SRUBA ISO8676;st-stal-weglowa;1310;2;1109
1112100060S10125IT;S10.0X060-6K-S-1.25-10.9 SRUBA ISO8676;;1112;Śruba z łbem sześciokątnym z gwintem drobnozwojnym na całości S10.0X060-6K-S-1.25-10.9 SRUBA ISO8676;st-stal-weglowa;1310;2;1109
1112100070S10100IT;S10.0X070-6K-S-1.00-10.9 SRUBA ISO8676;;1112;Śruba z łbem sześciokątnym z gwintem drobnozwojnym na całości S10.0X070-6K-S-1.00-10.9 SRUBA ISO8676;st-stal-weglowa;1310;2;1109
1112100070S10125IT;S10.0X070-6K-S-1.25-10.9 SRUBA ISO8676;;1112;Śruba z łbem sześciokątnym z gwintem drobnozwojnym na całości S10.0X070-6K-S-1.25-10.9 SRUBA ISO8676;st-stal-weglowa;1310;2;1109
1112100080S10100IT;S10.0X080-6K-S-1.00-10.9 SRUBA ISO8676;;1112;Śruba z łbem sześciokątnym z gwintem drobnozwojnym na całości S10.0X080-6K-S-1.00-10.9 SRUBA ISO8676;st-stal-weglowa;1310;2;1109
1112100080S10125IT;S10.0X080-6K-S-1.25-10.9 SRUBA ISO8676;;1112;Śruba z łbem sześciokątnym z gwintem drobnozwojnym na całości S10.0X080-6K-S-1.25-10.9 SRUBA ISO8676;st-stal-weglowa;1310;2;1109
1112100090S10100IT;S10.0X090-6K-S-1.00-10.9 SRUBA ISO8676;;1112;Śruba z łbem sześciokątnym z gwintem drobnozwojnym na całości S10.0X090-6K-S-1.00-10.9 SRUBA ISO8676;st-stal-weglowa;1310;2;1109
1112100090S10125IT;S10.0X090-6K-S-1.25-10.9 SRUBA ISO8676;;1112;Śruba z łbem sześciokątnym z gwintem drobnozwojnym na całości S10.0X090-6K-S-1.25-10.9 SRUBA ISO8676;st-stal-weglowa;1310;2;1109
1112100100S10100IT;S10.0X100-6K-S-1.00-10.9 SRUBA ISO8676;;1112;Śruba z łbem sześciokątnym z gwintem drobnozwojnym na całości S10.0X100-6K-S-1.00-10.9 SRUBA ISO8676;st-stal-weglowa;1310;2;1109
1112100100S10125IT;S10.0X100-6K-S-1.25-10.9 SRUBA ISO8676;;1112;Śruba z łbem sześciokątnym z gwintem drobnozwojnym na całości S10.0X100-6K-S-1.25-10.9 SRUBA ISO8676;st-stal-weglowa;1310;2;1109
1112120020B10OC08K;S12.0X020-6K-B-1.25-10.9 DIN961 8MIK;;1112;Śruba z łbem sześciokątnym z gwintem drobnozwojnym na całości S12.0X020-6K-B-1.25-10.9 DIN961 8MIK;st-stal-weglowa;1310;2;1109
1112120020S10125IT;S12.0X020-6K-S-1.25-10.9 SRUBA ISO8676;;1112;Śruba z łbem sześciokątnym z gwintem drobnozwojnym na całości S12.0X020-6K-S-1.25-10.9 SRUBA ISO8676;st-stal-weglowa;1310;2;1109
1112120020S10150IT;S12.0X020-6K-S-1.50-10.9 SRUBA ISO8676;;1112;Śruba z łbem sześciokątnym z gwintem drobnozwojnym na całości S12.0X020-6K-S-1.50-10.9 SRUBA ISO8676;st-stal-weglowa;1310;2;1109
1112120025S10125IT;S12.0X025-6K-S-1.25-10.9 SRUBA ISO8676;;1112;Śruba z łbem sześciokątnym z gwintem drobnozwojnym na całości S12.0X025-6K-S-1.25-10.9 SRUBA ISO8676;st-stal-weglowa;1310;2;1109
1112120025S10150IT;S12.0X025-6K-S-1.50-10.9 SRUBA ISO8676;;1112;Śruba z łbem sześciokątnym z gwintem drobnozwojnym na całości S12.0X025-6K-S-1.50-10.9 SRUBA ISO8676;st-stal-weglowa;1310;2;1109
1112120030S10125IT;S12.0X030-6K-S-1.25-10.9 SRUBA ISO8676;;1112;Śruba z łbem sześciokątnym z gwintem drobnozwojnym na całości S12.0X030-6K-S-1.25-10.9 SRUBA ISO8676;st-stal-weglowa;1310;2;1109
1112120030S10150IT;S12.0X030-6K-S-1.50-10.9 SRUBA ISO8676;;1112;Śruba z łbem sześciokątnym z gwintem drobnozwojnym na całości S12.0X030-6K-S-1.50-10.9 SRUBA ISO8676;st-stal-weglowa;1310;2;1109
1112120035S10125IT;S12.0X035-6K-S-1.25-10.9 SRUBA ISO8676;;1112;Śruba z łbem sześciokątnym z gwintem drobnozwojnym na całości S12.0X035-6K-S-1.25-10.9 SRUBA ISO8676;st-stal-weglowa;1310;2;1109
1112120035S10150IT;S12.0X035-6K-S-1.50-10.9 SRUBA ISO8676;;1112;Śruba z łbem sześciokątnym z gwintem drobnozwojnym na całości S12.0X035-6K-S-1.50-10.9 SRUBA ISO8676;st-stal-weglowa;1310;2;1109
1112120040S10125IT;S12.0X040-6K-S-1.25-10.9 SRUBA ISO8676;;1112;Śruba z łbem sześciokątnym z gwintem drobnozwojnym na całości S12.0X040-6K-S-1.25-10.9 SRUBA ISO8676;st-stal-weglowa;1310;2;1109
1112120040S10150IT;S12.0X040-6K-S-1.50-10.9 SRUBA ISO8676;;1112;Śruba z łbem sześciokątnym z gwintem drobnozwojnym na całości S12.0X040-6K-S-1.50-10.9 SRUBA ISO8676;st-stal-weglowa;1310;2;1109
1112120045S10125IT;S12.0X045-6K-S-1.25-10.9 SRUBA ISO8676;;1112;Śruba z łbem sześciokątnym z gwintem drobnozwojnym na całości S12.0X045-6K-S-1.25-10.9 SRUBA ISO8676;st-stal-weglowa;1310;2;1109
1112120045S10150IT;S12.0X045-6K-S-1.50-10.9 SRUBA ISO8676;;1112;Śruba z łbem sześciokątnym z gwintem drobnozwojnym na całości S12.0X045-6K-S-1.50-10.9 SRUBA ISO8676;st-stal-weglowa;1310;2;1109
1112120050S10125IT;S12.0X050-6K-S-1.25-10.9 SRUBA ISO8676;;1112;Śruba z łbem sześciokątnym z gwintem drobnozwojnym na całości S12.0X050-6K-S-1.25-10.9 SRUBA ISO8676;st-stal-weglowa;1310;2;1109
1112120050S10150IT;S12.0X050-6K-S-1.50-10.9 SRUBA ISO8676;;1112;Śruba z łbem sześciokątnym z gwintem drobnozwojnym na całości S12.0X050-6K-S-1.50-10.9 SRUBA ISO8676;st-stal-weglowa;1310;2;1109
1112120055S10150IT;S12.0X055-6K-S-1.50-10.9 SRUBA ISO8676;;1112;Śruba z łbem sześciokątnym z gwintem drobnozwojnym na całości S12.0X055-6K-S-1.50-10.9 SRUBA ISO8676;st-stal-weglowa;1310;2;1109
1112120060S10125IT;S12.0X060-6K-S-1.25-10.9 SRUBA ISO8676;;1112;Śruba z łbem sześciokątnym z gwintem drobnozwojnym na całości S12.0X060-6K-S-1.25-10.9 SRUBA ISO8676;st-stal-weglowa;1310;2;1109
1112120060S10150IT;S12.0X060-6K-S-1.50-10.9 SRUBA ISO8676;;1112;Śruba z łbem sześciokątnym z gwintem drobnozwojnym na całości S12.0X060-6K-S-1.50-10.9 SRUBA ISO8676;st-stal-weglowa;1310;2;1109
1112120065S10125IT;S12.0X065-6K-S-1.25-10.9 SRUBA ISO8676;;1112;Śruba z łbem sześciokątnym z gwintem drobnozwojnym na całości S12.0X065-6K-S-1.25-10.9 SRUBA ISO8676;st-stal-weglowa;1310;2;1109
1112120065S10150IT;S12.0X065-6K-S-1.50-10.9 SRUBA ISO8676;;1112;Śruba z łbem sześciokątnym z gwintem drobnozwojnym na całości S12.0X065-6K-S-1.50-10.9 SRUBA ISO8676;st-stal-weglowa;1310;2;1109
1112120070S10125IT;S12.0X070-6K-S-1.25-10.9 SRUBA ISO8676;;1112;Śruba z łbem sześciokątnym z gwintem drobnozwojnym na całości S12.0X070-6K-S-1.25-10.9 SRUBA ISO8676;st-stal-weglowa;1310;2;1109
1112120070S10150IT;S12.0X070-6K-S-1.50-10.9 SRUBA ISO8676;;1112;Śruba z łbem sześciokątnym z gwintem drobnozwojnym na całości S12.0X070-6K-S-1.50-10.9 SRUBA ISO8676;st-stal-weglowa;1310;2;1109
1112120075S10150IT;S12.0X075-6K-S-1.50-10.9 SRUBA ISO8676;;1112;Śruba z łbem sześciokątnym z gwintem drobnozwojnym na całości S12.0X075-6K-S-1.50-10.9 SRUBA ISO8676;st-stal-weglowa;1310;2;1109
1112120080S10125IT;S12.0X080-6K-S-1.25-10.9 SRUBA ISO8676;;1112;Śruba z łbem sześciokątnym z gwintem drobnozwojnym na całości S12.0X080-6K-S-1.25-10.9 SRUBA ISO8676;st-stal-weglowa;1310;2;1109
1112120080S10150IT;S12.0X080-6K-S-1.50-10.9 SRUBA ISO8676;;1112;Śruba z łbem sześciokątnym z gwintem drobnozwojnym na całości S12.0X080-6K-S-1.50-10.9 SRUBA ISO8676;st-stal-weglowa;1310;2;1109
1112120090S10125IT;S12.0X090-6K-S-1.25-10.9 SRUBA ISO8676;;1112;Śruba z łbem sześciokątnym z gwintem drobnozwojnym na całości S12.0X090-6K-S-1.25-10.9 SRUBA ISO8676;st-stal-weglowa;1310;2;1109
1112120090S10150IT;S12.0X090-6K-S-1.50-10.9 SRUBA ISO8676;;1112;Śruba z łbem sześciokątnym z gwintem drobnozwojnym na całości S12.0X090-6K-S-1.50-10.9 SRUBA ISO8676;st-stal-weglowa;1310;2;1109
1112120100S10125IT;S12.0X100-6K-S-1.25-10.9 SRUBA ISO8676;;1112;Śruba z łbem sześciokątnym z gwintem drobnozwojnym na całości S12.0X100-6K-S-1.25-10.9 SRUBA ISO8676;st-stal-weglowa;1310;2;1109
1112120100S10150IT;S12.0X100-6K-S-1.50-10.9 SRUBA ISO8676;;1112;Śruba z łbem sześciokątnym z gwintem drobnozwojnym na całości S12.0X100-6K-S-1.50-10.9 SRUBA ISO8676;st-stal-weglowa;1310;2;1109
1112120110S10125IT;S12.0X110-6K-S-1.25-10.9 SRUBA ISO8676;;1112;Śruba z łbem sześciokątnym z gwintem drobnozwojnym na całości S12.0X110-6K-S-1.25-10.9 SRUBA ISO8676;st-stal-weglowa;1310;2;1109
1112120110S10150IT;S12.0X110-6K-S-1.50-10.9 SRUBA ISO8676;;1112;Śruba z łbem sześciokątnym z gwintem drobnozwojnym na całości S12.0X110-6K-S-1.50-10.9 SRUBA ISO8676;st-stal-weglowa;1310;2;1109
1112120120S10125IT;S12.0X120-6K-S-1.25-10.9 SRUBA ISO8676;;1112;Śruba z łbem sześciokątnym z gwintem drobnozwojnym na całości S12.0X120-6K-S-1.25-10.9 SRUBA ISO8676;st-stal-weglowa;1310;2;1109
1112120120S10150IT;S12.0X120-6K-S-1.50-10.9 SRUBA ISO8676;;1112;Śruba z łbem sześciokątnym z gwintem drobnozwojnym na całości S12.0X120-6K-S-1.50-10.9 SRUBA ISO8676;st-stal-weglowa;1310;2;1109
1112120130S10125IT;S12.0X130-6K-S-1.25-10.9 SRUBA ISO8676;;1112;Śruba z łbem sześciokątnym z gwintem drobnozwojnym na całości S12.0X130-6K-S-1.25-10.9 SRUBA ISO8676;st-stal-weglowa;1310;2;1109
1112120130S10150IT;S12.0X130-6K-S-1.50-10.9 SRUBA ISO8676;;1112;Śruba z łbem sześciokątnym z gwintem drobnozwojnym na całości S12.0X130-6K-S-1.50-10.9 SRUBA ISO8676;st-stal-weglowa;1310;2;1109
1112120140S10150IT;S12.0X140-6K-S-1.50-10.9 SRUBA ISO8676;;1112;Śruba z łbem sześciokątnym z gwintem drobnozwojnym na całości S12.0X140-6K-S-1.50-10.9 SRUBA ISO8676;st-stal-weglowa;1310;2;1109
1112140025S10150IT;S14.0X025-6K-S-1.50-10.9 SRUBA ISO8676;;1112;Śruba z łbem sześciokątnym z gwintem drobnozwojnym na całości S14.0X025-6K-S-1.50-10.9 SRUBA ISO8676;st-stal-weglowa;1310;2;1109
1112140030S10150IT;S14.0X030-6K-S-1.50-10.9 SRUBA ISO8676;;1112;Śruba z łbem sześciokątnym z gwintem drobnozwojnym na całości S14.0X030-6K-S-1.50-10.9 SRUBA ISO8676;st-stal-weglowa;1310;2;1109
1112140035S10150IT;S14.0X035-6K-S-1.50-10.9 SRUBA ISO8676;;1112;Śruba z łbem sześciokątnym z gwintem drobnozwojnym na całości S14.0X035-6K-S-1.50-10.9 SRUBA ISO8676;st-stal-weglowa;1310;2;1109
1112140040S10150IT;S14.0X040-6K-S-1.50-10.9 SRUBA ISO8676;;1112;Śruba z łbem sześciokątnym z gwintem drobnozwojnym na całości S14.0X040-6K-S-1.50-10.9 SRUBA ISO8676;st-stal-weglowa;1310;2;1109
1112140045S10150IT;S14.0X045-6K-S-1.50-10.9 SRUBA ISO8676;;1112;Śruba z łbem sześciokątnym z gwintem drobnozwojnym na całości S14.0X045-6K-S-1.50-10.9 SRUBA ISO8676;st-stal-weglowa;1310;2;1109
1112140045S10150S;S14.0X045-6K-S-1.50-10.9- SRUBA DIN961;;1112;Śruba z łbem sześciokątnym z gwintem drobnozwojnym na całości S14.0X045-6K-S-1.50-10.9- SRUBA DIN961;st-stal-weglowa;1310;2;1109
1112140050S10150IT;S14.0X050-6K-S-1.50-10.9 SRUBA ISO8676;;1112;Śruba z łbem sześciokątnym z gwintem drobnozwojnym na całości S14.0X050-6K-S-1.50-10.9 SRUBA ISO8676;st-stal-weglowa;1310;2;1109
1112140055S10150IT;S14.0X055-6K-S-1.50-10.9 SRUBA ISO8676;;1112;Śruba z łbem sześciokątnym z gwintem drobnozwojnym na całości S14.0X055-6K-S-1.50-10.9 SRUBA ISO8676;st-stal-weglowa;1310;2;1109
1112140060S10150IT;S14.0X060-6K-S-1.50-10.9 SRUBA ISO8676;;1112;Śruba z łbem sześciokątnym z gwintem drobnozwojnym na całości S14.0X060-6K-S-1.50-10.9 SRUBA ISO8676;st-stal-weglowa;1310;2;1109
1112140065S10150IT;S14.0X065-6K-S-1.50-10.9 SRUBA ISO8676;;1112;Śruba z łbem sześciokątnym z gwintem drobnozwojnym na całości S14.0X065-6K-S-1.50-10.9 SRUBA ISO8676;st-stal-weglowa;1310;2;1109
1112140070S10150IT;S14.0X070-6K-S-1.50-10.9 SRUBA ISO8676;;1112;Śruba z łbem sześciokątnym z gwintem drobnozwojnym na całości S14.0X070-6K-S-1.50-10.9 SRUBA ISO8676;st-stal-weglowa;1310;2;1109
1112140075S10150IT;S14.0X075-6K-S-1.50-10.9 SRUBA ISO8676;;1112;Śruba z łbem sześciokątnym z gwintem drobnozwojnym na całości S14.0X075-6K-S-1.50-10.9 SRUBA ISO8676;st-stal-weglowa;1310;2;1109
1112140080S10150IT;S14.0X080-6K-S-1.50-10.9 SRUBA ISO8676;;1112;Śruba z łbem sześciokątnym z gwintem drobnozwojnym na całości S14.0X080-6K-S-1.50-10.9 SRUBA ISO8676;st-stal-weglowa;1310;2;1109
1112140090S10150IT;S14.0X090-6K-S-1.50-10.9 SRUBA ISO8676;;1112;Śruba z łbem sześciokątnym z gwintem drobnozwojnym na całości S14.0X090-6K-S-1.50-10.9 SRUBA ISO8676;st-stal-weglowa;1310;2;1109
1112140100S10150IT;S14.0X100-6K-S-1.50-10.9 SRUBA ISO8676;;1112;Śruba z łbem sześciokątnym z gwintem drobnozwojnym na całości S14.0X100-6K-S-1.50-10.9 SRUBA ISO8676;st-stal-weglowa;1310;2;1109
1112140110S10150IT;S14.0X110-6K-S-1.50-10.9 SRUBA ISO8676;;1112;Śruba z łbem sześciokątnym z gwintem drobnozwojnym na całości S14.0X110-6K-S-1.50-10.9 SRUBA ISO8676;st-stal-weglowa;1310;2;1109
1112140120S10150IT;S14.0X120-6K-S-1.50-10.9 SRUBA ISO8676;;1112;Śruba z łbem sześciokątnym z gwintem drobnozwojnym na całości S14.0X120-6K-S-1.50-10.9 SRUBA ISO8676;st-stal-weglowa;1310;2;1109
1112140130S10150IT;S14.0X130-6K-S-1.50-10.9 SRUBA ISO8676;;1112;Śruba z łbem sześciokątnym z gwintem drobnozwojnym na całości S14.0X130-6K-S-1.50-10.9 SRUBA ISO8676;st-stal-weglowa;1310;2;1109
1112140140S10150IT;S14.0X140-6K-S-1.50-10.9 SRUBA ISO8676;;1112;Śruba z łbem sześciokątnym z gwintem drobnozwojnym na całości S14.0X140-6K-S-1.50-10.9 SRUBA ISO8676;st-stal-weglowa;1310;2;1109
1112160025S10150IT;S16.0X025-6K-S-1.50-10.9 SRUBA ISO8676;;1112;Śruba z łbem sześciokątnym z gwintem drobnozwojnym na całości S16.0X025-6K-S-1.50-10.9 SRUBA ISO8676;st-stal-weglowa;1310;2;1109
1112160030S10150IT;S16.0X030-6K-S-1.50-10.9 SRUBA ISO8676;;1112;Śruba z łbem sześciokątnym z gwintem drobnozwojnym na całości S16.0X030-6K-S-1.50-10.9 SRUBA ISO8676;st-stal-weglowa;1310;2;1109
1112160035S10150IT;S16.0X035-6K-S-1.50-10.9 SRUBA ISO8676;;1112;Śruba z łbem sześciokątnym z gwintem drobnozwojnym na całości S16.0X035-6K-S-1.50-10.9 SRUBA ISO8676;st-stal-weglowa;1310;2;1109
1112160040S10150IT;S16.0X040-6K-S-1.50-10.9 SRUBA ISO8676;;1112;Śruba z łbem sześciokątnym z gwintem drobnozwojnym na całości S16.0X040-6K-S-1.50-10.9 SRUBA ISO8676;st-stal-weglowa;1310;2;1109
1112160045S10150IT;S16.0X045-6K-S-1.50-10.9 SRUBA ISO8676;;1112;Śruba z łbem sześciokątnym z gwintem drobnozwojnym na całości S16.0X045-6K-S-1.50-10.9 SRUBA ISO8676;st-stal-weglowa;1310;2;1109
1112160050S10150IT;S16.0X050-6K-S-1.50-10.9 SRUBA ISO8676;;1112;Śruba z łbem sześciokątnym z gwintem drobnozwojnym na całości S16.0X050-6K-S-1.50-10.9 SRUBA ISO8676;st-stal-weglowa;1310;2;1109
1112160055S10150IT;S16.0X055-6K-S-1.50-10.9 SRUBA ISO8676;;1112;Śruba z łbem sześciokątnym z gwintem drobnozwojnym na całości S16.0X055-6K-S-1.50-10.9 SRUBA ISO8676;st-stal-weglowa;1310;2;1109
1112160060S10150IT;S16.0X060-6K-S-1.50-10.9 SRUBA ISO8676;;1112;Śruba z łbem sześciokątnym z gwintem drobnozwojnym na całości S16.0X060-6K-S-1.50-10.9 SRUBA ISO8676;st-stal-weglowa;1310;2;1109
1112160065S10150IT;S16.0X065-6K-S-1.50-10.9 SRUBA ISO8676;;1112;Śruba z łbem sześciokątnym z gwintem drobnozwojnym na całości S16.0X065-6K-S-1.50-10.9 SRUBA ISO8676;st-stal-weglowa;1310;2;1109
1112160070S10150IT;S16.0X070-6K-S-1.50-10.9 SRUBA ISO8676;;1112;Śruba z łbem sześciokątnym z gwintem drobnozwojnym na całości S16.0X070-6K-S-1.50-10.9 SRUBA ISO8676;st-stal-weglowa;1310;2;1109
1112160075S10150IT;S16.0X075-6K-S-1.50-10.9 SRUBA ISO8676;;1112;Śruba z łbem sześciokątnym z gwintem drobnozwojnym na całości S16.0X075-6K-S-1.50-10.9 SRUBA ISO8676;st-stal-weglowa;1310;2;1109
1112160080S10150IT;S16.0X080-6K-S-1.50-10.9 SRUBA ISO8676;;1112;Śruba z łbem sześciokątnym z gwintem drobnozwojnym na całości S16.0X080-6K-S-1.50-10.9 SRUBA ISO8676;st-stal-weglowa;1310;2;1109
1112160085S10150IT;S16.0X085-6K-S-1.50-10.9 SRUBA ISO8676;;1112;Śruba z łbem sześciokątnym z gwintem drobnozwojnym na całości S16.0X085-6K-S-1.50-10.9 SRUBA ISO8676;st-stal-weglowa;1310;2;1109
1112160090S10150IT;S16.0X090-6K-S-1.50-10.9 SRUBA ISO8676;;1112;Śruba z łbem sześciokątnym z gwintem drobnozwojnym na całości S16.0X090-6K-S-1.50-10.9 SRUBA ISO8676;st-stal-weglowa;1310;2;1109
1112160100B88150S;S16.0X100-6K-B-1.50-08.8- SRUBA DIN961;;1112;Śruba z łbem sześciokątnym z gwintem drobnozwojnym na całości S16.0X100-6K-B-1.50-08.8- SRUBA DIN961;st-stal-weglowa;1310;2;1109
1112160100S10150IT;S16.0X100-6K-S-1.50-10.9 SRUBA ISO8676;;1112;Śruba z łbem sześciokątnym z gwintem drobnozwojnym na całości S16.0X100-6K-S-1.50-10.9 SRUBA ISO8676;st-stal-weglowa;1310;2;1109
1112160110S10150IT;S16.0X110-6K-S-1.50-10.9 SRUBA ISO8676;;1112;Śruba z łbem sześciokątnym z gwintem drobnozwojnym na całości S16.0X110-6K-S-1.50-10.9 SRUBA ISO8676;st-stal-weglowa;1310;2;1109
1112160120S10150IT;S16.0X120-6K-S-1.50-10.9 SRUBA ISO8676;;1112;Śruba z łbem sześciokątnym z gwintem drobnozwojnym na całości S16.0X120-6K-S-1.50-10.9 SRUBA ISO8676;st-stal-weglowa;1310;2;1109
1112160130S10150IT;S16.0X130-6K-S-1.50-10.9 SRUBA ISO8676;;1112;Śruba z łbem sześciokątnym z gwintem drobnozwojnym na całości S16.0X130-6K-S-1.50-10.9 SRUBA ISO8676;st-stal-weglowa;1310;2;1109
1112160140S10150IT;S16.0X140-6K-S-1.50-10.9 SRUBA ISO8676;;1112;Śruba z łbem sześciokątnym z gwintem drobnozwojnym na całości S16.0X140-6K-S-1.50-10.9 SRUBA ISO8676;st-stal-weglowa;1310;2;1109
1112160150S10150IT;S16.0X150-6K-S-1.50-10.9 SRUBA ISO8676;;1112;Śruba z łbem sześciokątnym z gwintem drobnozwojnym na całości S16.0X150-6K-S-1.50-10.9 SRUBA ISO8676;st-stal-weglowa;1310;2;1109
1112180030S10150IT;S18.0X030-6K-S-1.50-10.9 SRUBA ISO8676;;1112;Śruba z łbem sześciokątnym z gwintem drobnozwojnym na całości S18.0X030-6K-S-1.50-10.9 SRUBA ISO8676;st-stal-weglowa;1310;2;1109
1112180035S10150IT;S18.0X035-6K-S-1.50-10.9 SRUBA ISO8676;;1112;Śruba z łbem sześciokątnym z gwintem drobnozwojnym na całości S18.0X035-6K-S-1.50-10.9 SRUBA ISO8676;st-stal-weglowa;1310;2;1109
1112180040S10150IT;S18.0X040-6K-S-1.50-10.9 SRUBA ISO8676;;1112;Śruba z łbem sześciokątnym z gwintem drobnozwojnym na całości S18.0X040-6K-S-1.50-10.9 SRUBA ISO8676;st-stal-weglowa;1310;2;1109
1112180045S10150IT;S18.0X045-6K-S-1.50-10.9 SRUBA ISO8676;;1112;Śruba z łbem sześciokątnym z gwintem drobnozwojnym na całości S18.0X045-6K-S-1.50-10.9 SRUBA ISO8676;st-stal-weglowa;1310;2;1109
1112180050S10150IT;S18.0X050-6K-S-1.50-10.9 SRUBA ISO8676;;1112;Śruba z łbem sześciokątnym z gwintem drobnozwojnym na całości S18.0X050-6K-S-1.50-10.9 SRUBA ISO8676;st-stal-weglowa;1310;2;1109
1112180055S10150IT;S18.0X055-6K-S-1.50-10.9 SRUBA ISO8676;;1112;Śruba z łbem sześciokątnym z gwintem drobnozwojnym na całości S18.0X055-6K-S-1.50-10.9 SRUBA ISO8676;st-stal-weglowa;1310;2;1109
1112180060S10150IT;S18.0X060-6K-S-1.50-10.9 SRUBA ISO8676;;1112;Śruba z łbem sześciokątnym z gwintem drobnozwojnym na całości S18.0X060-6K-S-1.50-10.9 SRUBA ISO8676;st-stal-weglowa;1310;2;1109
1112180065S10150IT;S18.0X065-6K-S-1.50-10.9 SRUBA ISO8676;;1112;Śruba z łbem sześciokątnym z gwintem drobnozwojnym na całości S18.0X065-6K-S-1.50-10.9 SRUBA ISO8676;st-stal-weglowa;1310;2;1109
1112180070S10150IT;S18.0X070-6K-S-1.50-10.9 SRUBA ISO8676;;1112;Śruba z łbem sześciokątnym z gwintem drobnozwojnym na całości S18.0X070-6K-S-1.50-10.9 SRUBA ISO8676;st-stal-weglowa;1310;2;1109
1112180075S10150IT;S18.0X075-6K-S-1.50-10.9 SRUBA ISO8676;;1112;Śruba z łbem sześciokątnym z gwintem drobnozwojnym na całości S18.0X075-6K-S-1.50-10.9 SRUBA ISO8676;st-stal-weglowa;1310;2;1109
1112180080S10150IT;S18.0X080-6K-S-1.50-10.9 SRUBA ISO8676;;1112;Śruba z łbem sześciokątnym z gwintem drobnozwojnym na całości S18.0X080-6K-S-1.50-10.9 SRUBA ISO8676;st-stal-weglowa;1310;2;1109
1112180090S10150IT;S18.0X090-6K-S-1.50-10.9 SRUBA ISO8676;;1112;Śruba z łbem sześciokątnym z gwintem drobnozwojnym na całości S18.0X090-6K-S-1.50-10.9 SRUBA ISO8676;st-stal-weglowa;1310;2;1109
1112180100S10150IT;S18.0X100-6K-S-1.50-10.9 SRUBA ISO8676;;1112;Śruba z łbem sześciokątnym z gwintem drobnozwojnym na całości S18.0X100-6K-S-1.50-10.9 SRUBA ISO8676;st-stal-weglowa;1310;2;1109
1112180120S10150IT;S18.0X120-6K-S-1.50-10.9 SRUBA ISO8676;;1112;Śruba z łbem sześciokątnym z gwintem drobnozwojnym na całości S18.0X120-6K-S-1.50-10.9 SRUBA ISO8676;st-stal-weglowa;1310;2;1109
1112180140S10150IT;S18.0X140-6K-S-1.50-10.9 SRUBA ISO8676;;1112;Śruba z łbem sześciokątnym z gwintem drobnozwojnym na całości S18.0X140-6K-S-1.50-10.9 SRUBA ISO8676;st-stal-weglowa;1310;2;1109
1112180150S10150IT;S18.0X150-6K-S-1.50-10.9 SRUBA ISO8676;;1112;Śruba z łbem sześciokątnym z gwintem drobnozwojnym na całości S18.0X150-6K-S-1.50-10.9 SRUBA ISO8676;st-stal-weglowa;1310;2;1109
1112200030S10150IT;S20.0X030-6K-S-1.50-10.9 SRUBA ISO8676;;1112;Śruba z łbem sześciokątnym z gwintem drobnozwojnym na całości S20.0X030-6K-S-1.50-10.9 SRUBA ISO8676;st-stal-weglowa;1310;2;1109
1112200035S10150IT;S20.0X035-6K-S-1.50-10.9 SRUBA ISO8676;;1112;Śruba z łbem sześciokątnym z gwintem drobnozwojnym na całości S20.0X035-6K-S-1.50-10.9 SRUBA ISO8676;st-stal-weglowa;1310;2;1109
1112200040S10150IT;S20.0X040-6K-S-1.50-10.9 SRUBA ISO8676;;1112;Śruba z łbem sześciokątnym z gwintem drobnozwojnym na całości S20.0X040-6K-S-1.50-10.9 SRUBA ISO8676;st-stal-weglowa;1310;2;1109
1112200045S10150IT;S20.0X045-6K-S-1.50-10.9 SRUBA ISO8676;;1112;Śruba z łbem sześciokątnym z gwintem drobnozwojnym na całości S20.0X045-6K-S-1.50-10.9 SRUBA ISO8676;st-stal-weglowa;1310;2;1109
1112200050S10150IT;S20.0X050-6K-S-1.50-10.9 SRUBA ISO8676;;1112;Śruba z łbem sześciokątnym z gwintem drobnozwojnym na całości S20.0X050-6K-S-1.50-10.9 SRUBA ISO8676;st-stal-weglowa;1310;2;1109
1112200050S10200IT;S20.0X050-6K-S-2.00-10.9 SRUBA ISO8676;;1112;Śruba z łbem sześciokątnym z gwintem drobnozwojnym na całości S20.0X050-6K-S-2.00-10.9 SRUBA ISO8676;st-stal-weglowa;1310;2;1109
1112200055S10150IT;S20.0X055-6K-S-1.50-10.9 SRUBA ISO8676;;1112;Śruba z łbem sześciokątnym z gwintem drobnozwojnym na całości S20.0X055-6K-S-1.50-10.9 SRUBA ISO8676;st-stal-weglowa;1310;2;1109
1112200055S10200IT;S20.0X055-6K-S-2.00-10.9 SRUBA ISO8676;;1112;Śruba z łbem sześciokątnym z gwintem drobnozwojnym na całości S20.0X055-6K-S-2.00-10.9 SRUBA ISO8676;st-stal-weglowa;1310;2;1109
1112200060S10150IT;S20.0X060-6K-S-1.50-10.9 SRUBA ISO8676;;1112;Śruba z łbem sześciokątnym z gwintem drobnozwojnym na całości S20.0X060-6K-S-1.50-10.9 SRUBA ISO8676;st-stal-weglowa;1310;2;1109
1112200060S10200IT;S20.0X060-6K-S-2.00-10.9 SRUBA ISO8676;;1112;Śruba z łbem sześciokątnym z gwintem drobnozwojnym na całości S20.0X060-6K-S-2.00-10.9 SRUBA ISO8676;st-stal-weglowa;1310;2;1109
1112200065S10150IT;S20.0X065-6K-S-1.50-10.9 SRUBA ISO8676;;1112;Śruba z łbem sześciokątnym z gwintem drobnozwojnym na całości S20.0X065-6K-S-1.50-10.9 SRUBA ISO8676;st-stal-weglowa;1310;2;1109
1112200065S10200IT;S20.0X065-6K-S-2.00-10.9 SRUBA ISO8676;;1112;Śruba z łbem sześciokątnym z gwintem drobnozwojnym na całości S20.0X065-6K-S-2.00-10.9 SRUBA ISO8676;st-stal-weglowa;1310;2;1109
1112200070S10150IT;S20.0X070-6K-S-1.50-10.9 SRUBA ISO8676;;1112;Śruba z łbem sześciokątnym z gwintem drobnozwojnym na całości S20.0X070-6K-S-1.50-10.9 SRUBA ISO8676;st-stal-weglowa;1310;2;1109
1112200070S10200IT;S20.0X070-6K-S-2.00-10.9 SRUBA ISO8676;;1112;Śruba z łbem sześciokątnym z gwintem drobnozwojnym na całości S20.0X070-6K-S-2.00-10.9 SRUBA ISO8676;st-stal-weglowa;1310;2;1109
1112200075S10150IT;S20.0X075-6K-S-1.50-10.9 SRUBA ISO8676;;1112;Śruba z łbem sześciokątnym z gwintem drobnozwojnym na całości S20.0X075-6K-S-1.50-10.9 SRUBA ISO8676;st-stal-weglowa;1310;2;1109
1112200080S10150IT;S20.0X080-6K-S-1.50-10.9 SRUBA ISO8676;;1112;Śruba z łbem sześciokątnym z gwintem drobnozwojnym na całości S20.0X080-6K-S-1.50-10.9 SRUBA ISO8676;st-stal-weglowa;1310;2;1109
1112200080S10200IT;S20.0X080-6K-S-2.00-10.9 SRUBA ISO8676;;1112;Śruba z łbem sześciokątnym z gwintem drobnozwojnym na całości S20.0X080-6K-S-2.00-10.9 SRUBA ISO8676;st-stal-weglowa;1310;2;1109
1112200085S10150IT;S20.0X085-6K-S-1.50-10.9 SRUBA ISO8676;;1112;Śruba z łbem sześciokątnym z gwintem drobnozwojnym na całości S20.0X085-6K-S-1.50-10.9 SRUBA ISO8676;st-stal-weglowa;1310;2;1109
1112200090S10150IT;S20.0X090-6K-S-1.50-10.9 SRUBA ISO8676;;1112;Śruba z łbem sześciokątnym z gwintem drobnozwojnym na całości S20.0X090-6K-S-1.50-10.9 SRUBA ISO8676;st-stal-weglowa;1310;2;1109
1112200100S10150IT;S20.0X100-6K-S-1.50-10.9 SRUBA ISO8676;;1112;Śruba z łbem sześciokątnym z gwintem drobnozwojnym na całości S20.0X100-6K-S-1.50-10.9 SRUBA ISO8676;st-stal-weglowa;1310;2;1109
1112200100S10200IT;S20.0X100-6K-S-2.00-10.9 SRUBA ISO8676;;1112;Śruba z łbem sześciokątnym z gwintem drobnozwojnym na całości S20.0X100-6K-S-2.00-10.9 SRUBA ISO8676;st-stal-weglowa;1310;2;1109
1112200110S10150IT;S20.0X110-6K-S-1.50-10.9 SRUBA ISO8676;;1112;Śruba z łbem sześciokątnym z gwintem drobnozwojnym na całości S20.0X110-6K-S-1.50-10.9 SRUBA ISO8676;st-stal-weglowa;1310;2;1109
1112200120S10150IT;S20.0X120-6K-S-1.50-10.9 SRUBA ISO8676;;1112;Śruba z łbem sześciokątnym z gwintem drobnozwojnym na całości S20.0X120-6K-S-1.50-10.9 SRUBA ISO8676;st-stal-weglowa;1310;2;1109
1112200120S10200IT;S20.0X120-6K-S-2.00-10.9 SRUBA ISO8676;;1112;Śruba z łbem sześciokątnym z gwintem drobnozwojnym na całości S20.0X120-6K-S-2.00-10.9 SRUBA ISO8676;st-stal-weglowa;1310;2;1109
1112200130S10150IT;S20.0X130-6K-S-1.50-10.9 SRUBA ISO8676;;1112;Śruba z łbem sześciokątnym z gwintem drobnozwojnym na całości S20.0X130-6K-S-1.50-10.9 SRUBA ISO8676;st-stal-weglowa;1310;2;1109
1112200140S10150IT;S20.0X140-6K-S-1.50-10.9 SRUBA ISO8676;;1112;Śruba z łbem sześciokątnym z gwintem drobnozwojnym na całości S20.0X140-6K-S-1.50-10.9 SRUBA ISO8676;st-stal-weglowa;1310;2;1109
1112200150S10150IT;S20.0X150-6K-S-1.50-10.9 SRUBA ISO8676;;1112;Śruba z łbem sześciokątnym z gwintem drobnozwojnym na całości S20.0X150-6K-S-1.50-10.9 SRUBA ISO8676;st-stal-weglowa;1310;2;1109
1112240050S10150IT;S24.0X050-6K-S-1.50-10.9 SRUBA ISO8676;;1112;Śruba z łbem sześciokątnym z gwintem drobnozwojnym na całości S24.0X050-6K-S-1.50-10.9 SRUBA ISO8676;st-stal-weglowa;1310;2;1109
1112240050S10200IT;S24.0X050-6K-S-2.00-10.9 SRUBA ISO8676;;1112;Śruba z łbem sześciokątnym z gwintem drobnozwojnym na całości S24.0X050-6K-S-2.00-10.9 SRUBA ISO8676;st-stal-weglowa;1310;2;1109
1112240055S10150IT;S24.0X055-6K-S-1.50-10.9 SRUBA ISO8676;;1112;Śruba z łbem sześciokątnym z gwintem drobnozwojnym na całości S24.0X055-6K-S-1.50-10.9 SRUBA ISO8676;st-stal-weglowa;1310;2;1109
1112240060S10150IT;S24.0X060-6K-S-1.50-10.9 SRUBA ISO8676;;1112;Śruba z łbem sześciokątnym z gwintem drobnozwojnym na całości S24.0X060-6K-S-1.50-10.9 SRUBA ISO8676;st-stal-weglowa;1310;2;1109
1112240060S10200IT;S24.0X060-6K-S-2.00-10.9 SRUBA ISO8676;;1112;Śruba z łbem sześciokątnym z gwintem drobnozwojnym na całości S24.0X060-6K-S-2.00-10.9 SRUBA ISO8676;st-stal-weglowa;1310;2;1109
1112240070S10150IT;S24.0X070-6K-S-1.50-10.9 SRUBA ISO8676;;1112;Śruba z łbem sześciokątnym z gwintem drobnozwojnym na całości S24.0X070-6K-S-1.50-10.9 SRUBA ISO8676;st-stal-weglowa;1310;2;1109
1112240070S10200IT;S24.0X070-6K-S-2.00-10.9 SRUBA ISO8676;;1112;Śruba z łbem sześciokątnym z gwintem drobnozwojnym na całości S24.0X070-6K-S-2.00-10.9 SRUBA ISO8676;st-stal-weglowa;1310;2;1109
1112240080S10150IT;S24.0X080-6K-S-1.50-10.9 SRUBA ISO8676;;1112;Śruba z łbem sześciokątnym z gwintem drobnozwojnym na całości S24.0X080-6K-S-1.50-10.9 SRUBA ISO8676;st-stal-weglowa;1310;2;1109
1112240080S10200IT;S24.0X080-6K-S-2.00-10.9 SRUBA ISO8676;;1112;Śruba z łbem sześciokątnym z gwintem drobnozwojnym na całości S24.0X080-6K-S-2.00-10.9 SRUBA ISO8676;st-stal-weglowa;1310;2;1109
1112240090S10150IT;S24.0X090-6K-S-1.50-10.9 SRUBA ISO8676;;1112;Śruba z łbem sześciokątnym z gwintem drobnozwojnym na całości S24.0X090-6K-S-1.50-10.9 SRUBA ISO8676;st-stal-weglowa;1310;2;1109
1112240090S10200IT;S24.0X090-6K-S-2.00-10.9 SRUBA ISO8676;;1112;Śruba z łbem sześciokątnym z gwintem drobnozwojnym na całości S24.0X090-6K-S-2.00-10.9 SRUBA ISO8676;st-stal-weglowa;1310;2;1109
1112240100S10150IT;S24.0X100-6K-S-1.50-10.9 SRUBA ISO8676;;1112;Śruba z łbem sześciokątnym z gwintem drobnozwojnym na całości S24.0X100-6K-S-1.50-10.9 SRUBA ISO8676;st-stal-weglowa;1310;2;1109
1112240100S10200IT;S24.0X100-6K-S-2.00-10.9 SRUBA ISO8676;;1112;Śruba z łbem sześciokątnym z gwintem drobnozwojnym na całości S24.0X100-6K-S-2.00-10.9 SRUBA ISO8676;st-stal-weglowa;1310;2;1109
1112240110S10150IT;S24.0X110-6K-S-1.50-10.9 SRUBA ISO8676;;1112;Śruba z łbem sześciokątnym z gwintem drobnozwojnym na całości S24.0X110-6K-S-1.50-10.9 SRUBA ISO8676;st-stal-weglowa;1310;2;1109
1112240110S10200IT;S24.0X110-6K-S-2.00-10.9 SRUBA ISO8676;;1112;Śruba z łbem sześciokątnym z gwintem drobnozwojnym na całości S24.0X110-6K-S-2.00-10.9 SRUBA ISO8676;st-stal-weglowa;1310;2;1109
1112240120S10150IT;S24.0X120-6K-S-1.50-10.9 SRUBA ISO8676;;1112;Śruba z łbem sześciokątnym z gwintem drobnozwojnym na całości S24.0X120-6K-S-1.50-10.9 SRUBA ISO8676;st-stal-weglowa;1310;2;1109
1112240120S10200IT;S24.0X120-6K-S-2.00-10.9 SRUBA ISO8676;;1112;Śruba z łbem sześciokątnym z gwintem drobnozwojnym na całości S24.0X120-6K-S-2.00-10.9 SRUBA ISO8676;st-stal-weglowa;1310;2;1109
1112240130S10150IT;S24.0X130-6K-S-1.50-10.9 SRUBA ISO8676;;1112;Śruba z łbem sześciokątnym z gwintem drobnozwojnym na całości S24.0X130-6K-S-1.50-10.9 SRUBA ISO8676;st-stal-weglowa;1310;2;1109
1112240130S10200IT;S24.0X130-6K-S-2.00-10.9 SRUBA ISO8676;;1112;Śruba z łbem sześciokątnym z gwintem drobnozwojnym na całości S24.0X130-6K-S-2.00-10.9 SRUBA ISO8676;st-stal-weglowa;1310;2;1109
1112240140S10150IT;S24.0X140-6K-S-1.50-10.9 SRUBA ISO8676;;1112;Śruba z łbem sześciokątnym z gwintem drobnozwojnym na całości S24.0X140-6K-S-1.50-10.9 SRUBA ISO8676;st-stal-weglowa;1310;2;1109
1112240150S10200IT;S24.0X150-6K-S-2.00-10.9 SRUBA ISO8676;;1112;Śruba z łbem sześciokątnym z gwintem drobnozwojnym na całości S24.0X150-6K-S-2.00-10.9 SRUBA ISO8676;st-stal-weglowa;1310;2;1109
1112300060S10200IT;S30.0X060-6K-S-2.00-10.9 SRUBA ISO8676;;1112;Śruba z łbem sześciokątnym z gwintem drobnozwojnym na całości S30.0X060-6K-S-2.00-10.9 SRUBA ISO8676;st-stal-weglowa;1310;2;1109
1112300070S10200IT;S30.0X070-6K-S-2.00-10.9 SRUBA ISO8676;;1112;Śruba z łbem sześciokątnym z gwintem drobnozwojnym na całości S30.0X070-6K-S-2.00-10.9 SRUBA ISO8676;st-stal-weglowa;1310;2;1109
1112300080S10200IT;S30.0X080-6K-S-2.00-10.9 SRUBA ISO8676;;1112;Śruba z łbem sześciokątnym z gwintem drobnozwojnym na całości S30.0X080-6K-S-2.00-10.9 SRUBA ISO8676;st-stal-weglowa;1310;2;1109
1112300090S10200IT;S30.0X090-6K-S-2.00-10.9 SRUBA ISO8676;;1112;Śruba z łbem sześciokątnym z gwintem drobnozwojnym na całości S30.0X090-6K-S-2.00-10.9 SRUBA ISO8676;st-stal-weglowa;1310;2;1109
1112300100S10200IT;S30.0X100-6K-S-2.00-10.9 SRUBA ISO8676;;1112;Śruba z łbem sześciokątnym z gwintem drobnozwojnym na całości S30.0X100-6K-S-2.00-10.9 SRUBA ISO8676;st-stal-weglowa;1310;2;1109
1112300110S10200IT;S30.0X110-6K-S-2.00-10.9 SRUBA ISO8676;;1112;Śruba z łbem sześciokątnym z gwintem drobnozwojnym na całości S30.0X110-6K-S-2.00-10.9 SRUBA ISO8676;st-stal-weglowa;1310;2;1109
1112300120S10200IT;S30.0X120-6K-S-2.00-10.9 SRUBA ISO8676;;1112;Śruba z łbem sześciokątnym z gwintem drobnozwojnym na całości S30.0X120-6K-S-2.00-10.9 SRUBA ISO8676;st-stal-weglowa;1310;2;1109
1112300130S10200IT;S30.0X130-6K-S-2.00-10.9 SRUBA ISO8676;;1112;Śruba z łbem sześciokątnym z gwintem drobnozwojnym na całości S30.0X130-6K-S-2.00-10.9 SRUBA ISO8676;st-stal-weglowa;1310;2;1109
1112300140S10200IT;S30.0X140-6K-S-2.00-10.9 SRUBA ISO8676;;1112;Śruba z łbem sześciokątnym z gwintem drobnozwojnym na całości S30.0X140-6K-S-2.00-10.9 SRUBA ISO8676;st-stal-weglowa;1310;2;1109
1112300150S10200IT;S30.0X150-6K-S-2.00-10.9 SRUBA ISO8676;;1112;Śruba z łbem sześciokątnym z gwintem drobnozwojnym na całości S30.0X150-6K-S-2.00-10.9 SRUBA ISO8676;st-stal-weglowa;1310;2;1109
1112300160S10200IT;S30.0X160-6K-S-2.00-10.9 SRUBA ISO8676;;1112;Śruba z łbem sześciokątnym z gwintem drobnozwojnym na całości S30.0X160-6K-S-2.00-10.9 SRUBA ISO8676;st-stal-weglowa;1310;2;1109
1112360080S10300IT;S36.0X080-6K-S-3.00-10.9 SRUBA ISO8676;;1112;Śruba z łbem sześciokątnym z gwintem drobnozwojnym na całości S36.0X080-6K-S-3.00-10.9 SRUBA ISO8676;st-stal-weglowa;1310;2;1109
1112360090S10300IT;S36.0X090-6K-S-3.00-10.9 SRUBA ISO8676;;1112;Śruba z łbem sześciokątnym z gwintem drobnozwojnym na całości S36.0X090-6K-S-3.00-10.9 SRUBA ISO8676;st-stal-weglowa;1310;2;1109
1112360100S10300IT;S36.0X100-6K-S-3.00-10.9 SRUBA ISO8676;;1112;Śruba z łbem sześciokątnym z gwintem drobnozwojnym na całości S36.0X100-6K-S-3.00-10.9 SRUBA ISO8676;st-stal-weglowa;1310;2;1109
1112360110S10300IT;S36.0X110-6K-S-3.00-10.9 SRUBA ISO8676;;1112;Śruba z łbem sześciokątnym z gwintem drobnozwojnym na całości S36.0X110-6K-S-3.00-10.9 SRUBA ISO8676;st-stal-weglowa;1310;2;1109
1112360120S10300IT;S36.0X120-6K-S-3.00-10.9 SRUBA ISO8676;;1112;Śruba z łbem sześciokątnym z gwintem drobnozwojnym na całości S36.0X120-6K-S-3.00-10.9 SRUBA ISO8676;st-stal-weglowa;1310;2;1109
1112360130S10300IT;S36.0X130-6K-S-3.00-10.9 SRUBA ISO8676;;1112;Śruba z łbem sześciokątnym z gwintem drobnozwojnym na całości S36.0X130-6K-S-3.00-10.9 SRUBA ISO8676;st-stal-weglowa;1310;2;1109
1112360140S10300IT;S36.0X140-6K-S-3.00-10.9 SRUBA ISO8676;;1112;Śruba z łbem sześciokątnym z gwintem drobnozwojnym na całości S36.0X140-6K-S-3.00-10.9 SRUBA ISO8676;st-stal-weglowa;1310;2;1109
1112360150S10300IT;S36.0X150-6K-S-3.00-10.9 SRUBA ISO8676;;1112;Śruba z łbem sześciokątnym z gwintem drobnozwojnym na całości S36.0X150-6K-S-3.00-10.9 SRUBA ISO8676;st-stal-weglowa;1310;2;1109
1112360160S10300IT;S36.0X160-6K-S-3.00-10.9 SRUBA ISO8676;;1112;Śruba z łbem sześciokątnym z gwintem drobnozwojnym na całości S36.0X160-6K-S-3.00-10.9 SRUBA ISO8676;st-stal-weglowa;1310;2;1109
1112420140S10300IT;S42.0X140-6K-S-3.00-10.9 SRUBA ISO8676;;1112;Śruba z łbem sześciokątnym z gwintem drobnozwojnym na całości S42.0X140-6K-S-3.00-10.9 SRUBA ISO8676;st-stal-weglowa;1310;2;1109
1112420160S10300IT;S42.0X160-6K-S-3.00-10.9 SRUBA ISO8676;;1112;Śruba z łbem sześciokątnym z gwintem drobnozwojnym na całości S42.0X160-6K-S-3.00-10.9 SRUBA ISO8676;st-stal-weglowa;1310;2;1109
1112420180S10300IT;S42.0X180-6K-S-3.00-10.9 SRUBA ISO8676;;1112;Śruba z łbem sześciokątnym z gwintem drobnozwojnym na całości S42.0X180-6K-S-3.00-10.9 SRUBA ISO8676;st-stal-weglowa;1310;2;1109
1112420200S10300IT;S42.0X200-6K-S-3.00-10.9 SRUBA ISO8676;;1112;Śruba z łbem sześciokątnym z gwintem drobnozwojnym na całości S42.0X200-6K-S-3.00-10.9 SRUBA ISO8676;st-stal-weglowa;1310;2;1109
1118120150B88D444T;S12.0X150-SO-B-08.8 SRUBA OCZKOWA D444;;1118;S12.0X150-SO-B-08.8 SRUBA OCZKOWA D444;st-stal-weglowa;114;2;100
1118160065B46D444S;S16.0X065-SO-4.6-B- SRUBA OCZKOWA DIN444;;1118;S16.0X065-SO-4.6-B- SRUBA OCZKOWA DIN444;st-stal-weglowa;114;2;100
1118160150BD444T;S16.0X150-SO-B- SRUBA OCZKOWA D444;;1118;S16.0X150-SO-B- SRUBA OCZKOWA D444;st-stal-weglowa;114;2;100
1118160200BD444T;S16.0X200-SO-B- SRUBA OCZKOWA D444;;1118;S16.0X200-SO-B- SRUBA OCZKOWA D444;st-stal-weglowa;114;2;100
1118200150BD444T;S20.0X150-SO-B- SRUBA OCZKOWA D444;;1118;S20.0X150-SO-B- SRUBA OCZKOWA D444;st-stal-weglowa;114;2;100
1118200160R88D444T;S20.0X160-SO-R-08.8 SRUBA OCZKOWA D444;;1118;S20.0X160-SO-R-08.8 SRUBA OCZKOWA D444;st-stal-weglowa;114;2;100
1118240080BD444T;S24.0X080-SO-B- SRUBA OCZKOWA D444;;1118;S24.0X080-SO-B- SRUBA OCZKOWA D444;st-stal-weglowa;114;2;100
1118240090BD444T;S24.0X090-SO-B- SRUBA OCZKOWA D444;;1118;S24.0X090-SO-B- SRUBA OCZKOWA D444;st-stal-weglowa;114;2;100
1118240110BD444T;S24.0X110-SO-B- SRUBA OCZKOWA D444;;1118;S24.0X110-SO-B- SRUBA OCZKOWA D444;st-stal-weglowa;114;2;100
1118240130BD444T;S24.0X130-SO-B- SRUBA OCZKOWA D444;;1118;S24.0X130-SO-B- SRUBA OCZKOWA D444;st-stal-weglowa;114;2;100
1118240150BD444T;S24.0X150-SO-B- SRUBA OCZKOWA D444;;1118;S24.0X150-SO-B- SRUBA OCZKOWA D444;st-stal-weglowa;114;2;100
1118240170BD444T;S24.0X170-SO-B- SRUBA OCZKOWA D444;;1118;S24.0X170-SO-B- SRUBA OCZKOWA D444;st-stal-weglowa;114;2;100
1118240180BD444T;S24.0X180-SO-B- SRUBA OCZKOWA D444;;1118;S24.0X180-SO-B- SRUBA OCZKOWA D444;st-stal-weglowa;114;2;100
1118240200BD444T;S24.0X200-SO-B- SRUBA OCZKOWA D444;;1118;S24.0X200-SO-B- SRUBA OCZKOWA D444;st-stal-weglowa;114;2;100
1199050040S127379T;S05.0X040/6-12.9-S SR.PASOWANA ISO7379;;1199;Śruby - inne S05.0X040/6-12.9-S SR.PASOWANA ISO7379;st-stal-weglowa;318;5;272
1199060006TXC10T;S6.0X006 -T30-ZNNI C-10.9 MIN.8QM720HRS;;1199;Śruby - inne S6.0X006 -T30-ZNNI C-10.9 MIN.8QM720HRS;st-stal-weglowa;318;5;272
1199060010B58D404T;S06.0X010-B-05.8 DIN404 SRUBA DO PLOMB;;1199;Śruby - inne S06.0X010-B-05.8 DIN404 SRUBA DO PLOMB;st-stal-weglowa;318;5;272
1199060012B58D404T;S06.0X012-B-05.8 DIN404 SRUBA DO PLOMB;;1199;Śruby - inne S06.0X012-B-05.8 DIN404 SRUBA DO PLOMB;st-stal-weglowa;318;5;272
1199060016B888678T;S06.0X016-ZG-B-08.8- ZAMK.GRZYBK.ISO8678;;1199;Śruby - inne S06.0X016-ZG-B-08.8- ZAMK.GRZYBK.ISO8678;st-stal-weglowa;318;5;272
1199060016S58D404T;S06.0X016-S-05.8 DIN404 SRUBA DO PLOMB;;1199;Śruby - inne S06.0X016-S-05.8 DIN404 SRUBA DO PLOMB;st-stal-weglowa;318;5;272
1199060020PAD34810;S6K M6X20 POLIAMID ŚRUBA  DIN34810;;1199;Śruby - inne S6K M6X20 POLIAMID ŚRUBA  DIN34810;st-stal-weglowa;318;5;272
1199060050BD444T;S06.0X050-SO-B- SRUBA OCZKOWA DIN444;;1199;Śruby - inne S06.0X050-SO-B- SRUBA OCZKOWA DIN444;st-stal-weglowa;318;5;272
1199080012O10BN06T;S08.0X012-IM-O-10.9- BN1206;;1199;Śruby - inne S08.0X012-IM-O-10.9- BN1206;st-stal-weglowa;318;5;272
1199080016S10BN06T;S08.0X016-IM-S-10.9- BN1206  ;;1199;Śruby - inne S08.0X016-IM-S-10.9- BN1206;st-stal-weglowa;318;5;272
1199080025B88T;S08.0X025-ZG-B-08.8- ZAMK.GRZYBK.ISO8678;;1199;Śruby - inne S08.0X025-ZG-B-08.8- ZAMK.GRZYBK.ISO8678;st-stal-weglowa;318;5;272
1199080040B88T;S08.0X040-ZG-B-08.8- ZAMK.GRZYBK.ISO8678;;1199;Śruby - inne S08.0X040-ZG-B-08.8- ZAMK.GRZYBK.ISO8678;st-stal-weglowa;318;5;272
1199080045S127379T;S08.0X045/10-12.9-S SR.PASOWANA ISO7379;;1199;Śruby - inne S08.0X045/10-12.9-S SR.PASOWANA ISO7379;st-stal-weglowa;318;5;272
1199080055S127379T;S08.0X055/10-12.9-S SR.PASOWANA ISO7379;;1199;Śruby - inne S08.0X055/10-12.9-S SR.PASOWANA ISO7379;st-stal-weglowa;318;5;272
1199080060B88D444T;S08.0X060-SO-B-08.8 SRUBA OCZKOWA DIN444;;1199;Śruby - inne S08.0X060-SO-B-08.8 SRUBA OCZKOWA DIN444;st-stal-weglowa;318;5;272
1199080100B88D444T;S08.0X100-SO-B-08.8 SRUBA OCZKOWA DIN444;;1199;Śruby - inne S08.0X100-SO-B-08.8 SRUBA OCZKOWA DIN444;st-stal-weglowa;318;5;272
1199100025B88561BT;S10.0X025-B-V-8.8 SRUBA DIN561B;;1199;Śruby - inne S10.0X025-B-V-8.8 SRUBA DIN561B;st-stal-weglowa;318;5;272
1199100025BSZWT;SZWM10X.25B-RYS.185-2008;;1199;Śruby - inne SZWM10X.25B-RYS.185-2008;st-stal-weglowa;318;5;272
1199100040S127379S;S10.0X040/12-12.9-S SR.PASOWANA ISO7379 ;;1199;Śruby - inne S10.0X040/12-12.9-S SR.PASOWANA ISO7379;st-stal-weglowa;318;5;272
1199100080B1288D4T;S10.0X080-SO-B-08.8 S.OCZKO.OC.12 DIN444;;1199;Śruby - inne S10.0X080-SO-B-08.8 S.OCZKO.OC.12 DIN444;st-stal-weglowa;318;5;272
1199100080B88D444T;S10.0X080-SO-B-08.8 SRUBA OCZKOWA DIN444;;1199;Śruby - inne S10.0X080-SO-B-08.8 SRUBA OCZKOWA DIN444;st-stal-weglowa;318;5;272
1199100140B88D444S;S10.0X140-SO-B-08.8 SRUBA OCZKOWA DIN444;;1199;Śruby - inne S10.0X140-SO-B-08.8 SRUBA OCZKOWA DIN444;st-stal-weglowa;318;5;272
1199120025R888678T;S12.0X025-ZG-R-08.8- ZAMK.GRZYBK.ISO8678;;1199;Śruby - inne S12.0X025-ZG-R-08.8- ZAMK.GRZYBK.ISO8678;st-stal-weglowa;318;5;272
1199120035G46D799S;S12.0X35-6K-G-04.6- SRUBA DIN7990   ;;1199;Śruby - inne S12.0X35-6K-G-04.6- SRUBA DIN7990;st-stal-weglowa;318;5;272
1199120085B88ZG5K;S12.0X085-ZG-B-50-08.8 F=5;;1199;Śruby - inne S12.0X085-ZG-B-50-08.8 F=5;st-stal-weglowa;318;5;272
1199120100B88D444T;S12.0X100-SO-B-08.8 SRUBA OCZKOWA DIN444;;1199;Śruby - inne S12.0X100-SO-B-08.8 SRUBA OCZKOWA DIN444;st-stal-weglowa;318;5;272
1199160045G46D799S;S16.0X45-6K-G-04.6- SRUBA DIN7990   ;;1199;Śruby - inne S16.0X45-6K-G-04.6- SRUBA DIN7990;st-stal-weglowa;318;5;272
1199160055G46D799S;S16.0X55-6K-G-04.6- SRUBA DIN7990   ;;1199;Śruby - inne S16.0X55-6K-G-04.6- SRUBA DIN7990;st-stal-weglowa;318;5;272
1199160060G46D799S;S16.0X60-6K-G-04.6- SRUBA DIN7990   ;;1199;Śruby - inne S16.0X60-6K-G-04.6- SRUBA DIN7990;st-stal-weglowa;318;5;272
1199160065GD7990S;S16.0X65-6K-G-04.6- SRUBA DIN7990   ;;1199;Śruby - inne S16.0X65-6K-G-04.6- SRUBA DIN7990;st-stal-weglowa;318;5;272
1199160080G88D444S;S16.0X080-SO-8.8-G- SRUBA OCZKOWA DIN444;;1199;Śruby - inne S16.0X080-SO-8.8-G- SRUBA OCZKOWA DIN444;st-stal-weglowa;318;5;272
1199160080S88D787T;S16.0X080-ML-S-08.8- SRUBA MLOTK DIN787;;1199;Śruby - inne S16.0X080-ML-S-08.8- SRUBA MLOTK DIN787;st-stal-weglowa;318;5;272
1199160100MD444S;S16.0X100-SO-M- SRUBA OCZKOWA DIN444;;1199;Śruby - inne S16.0X100-SO-M- SRUBA OCZKOWA DIN444;st-stal-weglowa;318;5;272
1199160120G88D444S;S16.0X120-SO-8.8-G- SRUBA OCZKOWA DIN444;;1199;Śruby - inne S16.0X120-SO-8.8-G- SRUBA OCZKOWA DIN444;st-stal-weglowa;318;5;272
1199200100B46D444S;S20.0X100-SO-B-04.6 SRUBA OCZKOWA DIN444;;1199;Śruby - inne S20.0X100-SO-B-04.6 SRUBA OCZKOWA DIN444;st-stal-weglowa;318;5;272
1199200120B88D444T;S20.0X120-SO-B-08.8 SRUBA OCZKOWA DIN444;;1199;Śruby - inne S20.0X120-SO-B-08.8 SRUBA OCZKOWA DIN444;st-stal-weglowa;318;5;272
1199240120B88D444T;S24.0X120-SO-B-08.8 SRUBA OCZKOWA DIN444;;1199;Śruby - inne S24.0X120-SO-B-08.8 SRUBA OCZKOWA DIN444;st-stal-weglowa;318;5;272
1199360160S88D787S;S36.0X160-ML-S-8.8- SRUBA MLOTK DIN787;;1199;Śruby - inne S36.0X160-ML-S-8.8- SRUBA MLOTK DIN787;st-stal-weglowa;318;5;272
1199360600B10S;SRUBA DW M36x600 10.9 B WG RYS.;;1199;Śruby - inne SRUBA DW M36x600 10.9 B WG RYS.;st-stal-weglowa;318;5;272
1199360600B10WGS;SRUBA DW M36x600 10.9 B  WG RYS.;;1199;Śruby - inne SRUBA DW M36x600 10.9 B  WG RYS.;st-stal-weglowa;318;5;272
1199360665B10WGS;SRUBA DW M45x655 10.9 B  WG RYS.;;1199;SRUBA DW M45x655 10.9 B  WG RYS.;;318;5;272
1199360685B10WGS;SRUBA DW M52x685 10.9 B  WG RYS.;;1199;SRUBA DW M52x685 10.9 B  WG RYS.;;318;5;272
1199450655B10S;SRUBA DW M45x655 10.9 B WG RYS.;;1199;Śruby - inne SRUBA DW M45x655 10.9 B WG RYS.;st-stal-weglowa;318;5;272
1199450665B10WGS;SRUBA DW M45x655 10.9 B  WG RYS.;;1199;Śruby - inne SRUBA DW M45x655 10.9 B  WG RYS.;st-stal-weglowa;318;5;272
1199520685B10S;SRUBA DW M52x685 10.9 B WG RYS.;;1199;Śruby - inne SRUBA DW M52x685 10.9 B WG RYS.;st-stal-weglowa;318;5;272
1199520685B10WGS;SRUBA DW M52x685 10.9 B  WG RYS.;;1199;Śruby - inne SRUBA DW M52x685 10.9 B  WG RYS.;st-stal-weglowa;318;5;272
1202160016IMS914T;V16.0X016-VD-IM-S-DIN 914 WK.DOCI.45H;;1202;Wkręt dociskowy z końcem stożkowym V16.0X016-VD-IM-S-DIN914 WK.DOCI.45H;;475;2;474
1205030004ZWS4766T;V03.0X004-VD-ZW-S-ISO4766 WK.DOCI.14H;;1205;Wkręty dociskowe DIN551 V03.0X004-VD-ZW-S-ISO4766 WK.DOCI.14H;;348;4;303
1205030006ZWM4766T;V03.0X006-VD-ZW-M-ISO4766 WK.DOCI.;;1205;Wkręty dociskowe DIN551 V03.0X006-VD-ZW-M-ISO4766 WK.DOCI.;;348;4;303
1205030006ZWS4766T;V03.0X006-VD-ZW-S-ISO4766 WK.DOCI.14H;;1205;Wkręty dociskowe DIN551 V03.0X006-VD-ZW-S-ISO4766 WK.DOCI.14H;;348;4;303
1205040006ZWPA551T;V04.0X006-VD-ZW-PA-DIN551 WK.DOCI.;;1205;Wkręty dociskowe DIN551 V04.0X006-VD-ZW-PA-DIN551 WK.DOCI.;;348;4;303
1205040008ZWPA551T;V04.0X008-VD-ZW-PA-DIN551 WK.DOCI.;;1205;Wkręty dociskowe DIN551 V04.0X008-VD-ZW-PA-DIN551 WK.DOCI.;;348;4;303
1205040010ZWPA551T;V04.0X010-VD-ZW-PA-DIN551 WK.DOCI.;;1205;Wkręty dociskowe DIN551 V04.0X010-VD-ZW-PA-DIN551 WK.DOCI.;;348;4;303
1205040012ZWB4766T;V04.0X012-VD-ZW-B-ISO4766 WK.DOCI.14H;;1205;Wkręty dociskowe DIN551 V04.0X012-VD-ZW-B-ISO4766 WK.DOCI.14H;;348;4;303
1205040012ZWPA551T;V04.0X012-VD-ZW-PA-DIN551 WK.DOCI.;;1205;Wkręty dociskowe DIN551 V04.0X012-VD-ZW-PA-DIN551 WK.DOCI.;;348;4;303
1205040016ZWB4766T;V04.0X016-VD-ZW-B-ISO4766 WK.DOCI.14H;;1205;Wkręty dociskowe DIN551 V04.0X016-VD-ZW-B-ISO4766 WK.DOCI.14H;;348;4;303
1205040016ZWPA551T;V04.0X016-VD-ZW-PA-DIN551 WK.DOCI.;;1205;Wkręty dociskowe DIN551 V04.0X016-VD-ZW-PA-DIN551 WK.DOCI.;;348;4;303
1205040020ZWPA551T;V04.0X020-VD-ZW-PA-DIN551 WK.DOCI.;;1205;Wkręty dociskowe DIN551 V04.0X020-VD-ZW-PA-DIN551 WK.DOCI.;;348;4;303
1205040025ZWPA551T;V04.0X025-VD-ZW-PA-DIN551 WK.DOCI.;;1205;Wkręty dociskowe DIN551 V04.0X025-VD-ZW-PA-DIN551 WK.DOCI.;;348;4;303
1205040030ZWS551T;V04.0X030-VD-ZW-S-DIN551 WK.DOCI.;;1205;Wkręty dociskowe DIN551 V04.0X030-VD-ZW-S-DIN551 WK.DOCI.;;348;4;303
1205050006ZWPA551T;V05.0X006-VD-ZW-PA-DIN551 WK.DOCI.;;1205;Wkręty dociskowe DIN551 V05.0X006-VD-ZW-PA-DIN551 WK.DOCI.;;348;4;303
1205050008ZWB4766T;V05.0X008-VD-ZW-B-ISO4766 WK.DOCI.14H;;1205;Wkręty dociskowe DIN551 V05.0X008-VD-ZW-B-ISO4766 WK.DOCI.14H;;348;4;303
1205050008ZWPA551T;V05.0X008-VD-ZW-PA-DIN551 WK.DOCI.;;1205;Wkręty dociskowe DIN551 V05.0X008-VD-ZW-PA-DIN551 WK.DOCI.;;348;4;303
1205050010ZWPA551T;V05.0X010-VD-ZW-PA-DIN551 WK.DOCI.;;1205;Wkręty dociskowe DIN551 V05.0X010-VD-ZW-PA-DIN551 WK.DOCI.;;348;4;303
1205050012ZWB4766T;V05.0X012-VD-ZW-B-ISO4766 WK.DOCI.14H;;1205;Wkręty dociskowe DIN551 V05.0X012-VD-ZW-B-ISO4766 WK.DOCI.14H;;348;4;303
1205050012ZWB551T;V05.0X012-VD-ZW-B-DIN551 WK.DOCI.14H;;1205;Wkręty dociskowe DIN551 V05.0X012-VD-ZW-B-DIN551 WK.DOCI.14H;;348;4;303
1205050012ZWPA551T;V05.0X012-VD-ZW-PA-DIN551 WK.DOCI.;;1205;Wkręty dociskowe DIN551 V05.0X012-VD-ZW-PA-DIN551 WK.DOCI.;;348;4;303
1205050016ZWPA551T;V05.0X016-VD-ZW-PA-DIN551 WK.DOCI.;;1205;Wkręty dociskowe DIN551 V05.0X016-VD-ZW-PA-DIN551 WK.DOCI.;;348;4;303
1205050020ZWB4766T;V05.0X020-VD-ZW-B-ISO4766 WK.DOCI.14H;;1205;Wkręty dociskowe DIN551 V05.0X020-VD-ZW-B-ISO4766 WK.DOCI.14H;;348;4;303
1205050050ZWB551T;V05.0X050-VD-ZW-B-DIN551 WK.DOCI.;;1205;Wkręty dociskowe DIN551 V05.0X050-VD-ZW-B-DIN551 WK.DOCI.;;348;4;303
1205060008ZWPA551T;V06.0X008-VD-ZW-PA-DIN551 WK.DOCI.;;1205;Wkręty dociskowe DIN551 V06.0X008-VD-ZW-PA-DIN551 WK.DOCI.;;348;4;303
1205060010ZWPA551T;V06.0X010-VD-ZW-PA-DIN551 WK.DOCI.;;1205;Wkręty dociskowe DIN551 V06.0X010-VD-ZW-PA-DIN551 WK.DOCI.;;348;4;303
1205060012ZWB551T;V06.0X012-VD-ZW-B-DIN551 WK.DOCI.14H;;1205;Wkręty dociskowe DIN551 V06.0X012-VD-ZW-B-DIN551 WK.DOCI.14H;;348;4;303
1205060012ZWPA551T;V06.0X012-VD-ZW-PA-DIN551 WK.DOCI.;;1205;Wkręty dociskowe DIN551 V06.0X012-VD-ZW-PA-DIN551 WK.DOCI.;;348;4;303
1205060016ZWPA551T;V06.0X016-VD-ZW-PA-DIN551 WK.DOCI.;;1205;Wkręty dociskowe DIN551 V06.0X016-VD-ZW-PA-DIN551 WK.DOCI.;;348;4;303
1205060016ZWS551T;V06.0X016-VD-ZW-S-DIN551 WK.DOCI.14H;;1205;Wkręty dociskowe DIN551 V06.0X016-VD-ZW-S-DIN551 WK.DOCI.14H;;348;4;303
1205060020ZWB551T;V06.0X020-VD-ZW-B-DIN551 WK.DOCI.14H;;1205;Wkręty dociskowe DIN551 V06.0X020-VD-ZW-B-DIN551 WK.DOCI.14H;;348;4;303
1205060020ZWPA551T;V06.0X020-VD-ZW-PA-DIN551 WK.DOCI.;;1205;Wkręty dociskowe DIN551 V06.0X020-VD-ZW-PA-DIN551 WK.DOCI.;;348;4;303
1205080008ZWPA551T;V08.0X008-VD-ZW-PA-DIN551 WK.DOCI.;;1205;Wkręty dociskowe DIN551 V08.0X008-VD-ZW-PA-DIN551 WK.DOCI.;;348;4;303
1205080010ZWPA551T;V08.0X010-VD-ZW-PA-DIN551 WK.DOCI.;;1205;Wkręty dociskowe DIN551 V08.0X010-VD-ZW-PA-DIN551 WK.DOCI.;;348;4;303
1205080012ZWM4766T;V08.0X012-VD-ZW-M-ISO4766 WK.DOCI.;;1205;Wkręty dociskowe DIN551 V08.0X012-VD-ZW-M-ISO4766 WK.DOCI.;;348;4;303
1205080012ZWPA551T;V08.0X012-VD-ZW-PA-DIN551 WK.DOCI.;;1205;Wkręty dociskowe DIN551 V08.0X012-VD-ZW-PA-DIN551 WK.DOCI.;;348;4;303
1205080016ZWB551T;V08.0X016-VD-ZW-B-DIN551 WK.DOCI.14H;;1205;Wkręty dociskowe DIN551 V08.0X016-VD-ZW-B-DIN551 WK.DOCI.14H;;348;4;303
1205080016ZWPA551T;V08.0X016-VD-ZW-PA-DIN551 WK.DOCI.;;1205;Wkręty dociskowe DIN551 V08.0X016-VD-ZW-PA-DIN551 WK.DOCI.;;348;4;303
1205080020ZWB551T;V08.0X020-VD-ZW-B-DIN551 WK.DOCI.14H;;1205;Wkręty dociskowe DIN551 V08.0X020-VD-ZW-B-DIN551 WK.DOCI.14H;;348;4;303
1205080035ZWS551T;V08.0X035-VD-ZW-S-DIN551 WK.DOCI.;;1205;Wkręty dociskowe DIN551 V08.0X035-VD-ZW-S-DIN551 WK.DOCI.;;348;4;303
1205100016ZWPA551T;V10.0X016-VD-ZW-PA-DIN551 WK.DOCI.;;1205;Wkręty dociskowe DIN551 V10.0X016-VD-ZW-PA-DIN551 WK.DOCI.;;348;4;303
1205100018ZWB4766T;V10.0X018-VD-ZW-B-ISO4766 WK.DOCI.14H;;1205;Wkręty dociskowe DIN551 V10.0X018-VD-ZW-B-ISO4766 WK.DOCI.14H;;348;4;303
1205100020ZWPA551T;V10.0X020-VD-ZW-PA-DIN551 WK.DOCI.;;1205;Wkręty dociskowe DIN551 V10.0X020-VD-ZW-PA-DIN551 WK.DOCI.;;348;4;303
1205100030ZWPA551T;V10.0X030-VD-ZW-PA-DIN551 WK.DOCI.;;1205;Wkręty dociskowe DIN551 V10.0X030-VD-ZW-PA-DIN551 WK.DOCI.;;348;4;303
1205100040ZWPA551T;V10.0X040-VD-ZW-PA-DIN551 WK.DOCI.;;1205;Wkręty dociskowe DIN551 V10.0X040-VD-ZW-PA-DIN551 WK.DOCI.;;348;4;303
1205120025ZWB4766T;V12.0X025-VD-ZW-B-ISO4766 WK.DOCI.14H;;1205;Wkręty dociskowe DIN551 V12.0X025-VD-ZW-B-ISO4766 WK.DOCI.14H;;348;4;303
1206030005ZWM7434T;V03.0X005-VD-ZW-M-ISO7434 WK.DOCI.;;1206;Wkręty dociskowe DIN553 V03.0X005-VD-ZW-M-ISO7434 WK.DOCI.;;125;3;109
1206040006ZWM7434T;V04.0X006-VD-ZW-M-ISO7434 WK.DOCI.;;1206;Wkręty dociskowe DIN553 V04.0X006-VD-ZW-M-ISO7434 WK.DOCI.;;125;3;109
1206040012ZWS7434T;V04.0X012-VD-ZW-S-ISO7434 WK.DOCI.14H;;1206;Wkręty dociskowe DIN553 V04.0X012-VD-ZW-S-ISO7434 WK.DOCI.14H;;125;3;109
1206040016ZWS7434T;V04.0X016-VD-ZW-S-ISO7434 WK.DOCI.14H;;1206;Wkręty dociskowe DIN553 V04.0X016-VD-ZW-S-ISO7434 WK.DOCI.14H;;125;3;109
1206050008ZWB7434T;V05.0X008-VD-ZW-B-ISO7434 WK.DOCI.14H;;1206;Wkręty dociskowe DIN553 V05.0X008-VD-ZW-B-ISO7434 WK.DOCI.14H;;125;3;109
1206050010ZWB7434T;V05.0X010-VD-ZW-B-ISO7434 WK.DOCI.14H;;1206;Wkręty dociskowe DIN553 V05.0X010-VD-ZW-B-ISO7434 WK.DOCI.14H;;125;3;109
1206050012ZWB7434T;V05.0X012-VD-ZW-B-ISO7434 WK.DOCI.14H;;1206;Wkręty dociskowe DIN553 V05.0X012-VD-ZW-B-ISO7434 WK.DOCI.14H;;125;3;109
1206050014ZWB7434T;V05.0X014-VD-ZW-B-ISO7434 WK.DOCI.14H;;1206;Wkręty dociskowe DIN553 V05.0X014-VD-ZW-B-ISO7434 WK.DOCI.14H;;125;3;109
1206050016ZWB7434T;V05.0X016-VD-ZW-B-ISO7434 WK.DOCI.14H;;1206;Wkręty dociskowe DIN553 V05.0X016-VD-ZW-B-ISO7434 WK.DOCI.14H;;125;3;109
1206050020ZWB7434T;V05.0X020-VD-ZW-B-ISO7434 WK.DOCI.14H;;1206;Wkręty dociskowe DIN553 V05.0X020-VD-ZW-B-ISO7434 WK.DOCI.14H;;125;3;109
1206050025ZWB7434T;V05.0X025-VD-ZW-B-ISO7434 WK.DOCI.14H;;1206;Wkręty dociskowe DIN553 V05.0X025-VD-ZW-B-ISO7434 WK.DOCI.14H;;125;3;109
1206060016ZWB7434T;V06.0X016-VD-ZW-B-ISO7434 WK.DOCI.14H;;1206;Wkręty dociskowe DIN553 V06.0X016-VD-ZW-B-ISO7434 WK.DOCI.14H;;125;3;109
1206060025ZWB7434T;V06.0X025-VD-ZW-B-ISO7434 WK.DOCI.14H;;1206;Wkręty dociskowe DIN553 V06.0X025-VD-ZW-B-ISO7434 WK.DOCI.14H;;125;3;109
1206080016ZWB7434T;V08.0X016-VD-ZW-B-ISO7434 WK.DOCI.14H;;1206;Wkręty dociskowe DIN553 V08.0X016-VD-ZW-B-ISO7434 WK.DOCI.14H;;125;3;109
1206080016ZWM7434T;V08.0X016-VD-ZW-M-ISO7434 WK.DOCI.;;1206;Wkręty dociskowe DIN553 V08.0X016-VD-ZW-M-ISO7434 WK.DOCI.;;125;3;109
1206120020ZWB7434T;V12.0X020-VD-ZW-B-ISO7434 WK.DOCI.14H;;1206;Wkręty dociskowe DIN553 V12.0X020-VD-ZW-B-ISO7434 WK.DOCI.14H;;125;3;109
12990600085NDPF11T;V06.0X0085-VD-IM-N-DP RYS.193-13 F11;;1299;Wkręty dociskowe - inne V06.0X0085-VD-IM-N-DP RYS.193-13 F11;;10;2;5
12990600085NSGF11T;V06.0X0085-VD-IM-N-SG F11;;1299;Wkręty dociskowe - inne V06.0X0085-VD-IM-N-SG F11;;10;2;5
1299060085IMNT;V06.0X0085-VD-IM-N-WK.DOC.45H RYS.193-13;;1299;Wkręty dociskowe - inne V06.0X0085-VD-IM-N-WK.DOC.45H RYS.193-13;;10;2;5
1299060085IMST;V06.0X0085-VD-IM-S-WK.DOC.45H RYS.193/13;;1299;Wkręty dociskowe - inne V06.0X0085-VD-IM-S-WK.DOC.45H RYS.193/13;;10;2;5
129906008IMNT;V06.0X008-VD-B- WK.DOC.45H din 916;;1299;Wkręty dociskowe - inne V06.0X008-VD-B- WK.DOC.45H din 916;;10;2;5
1301060012IM5BT;W06.0X012-WK-IM-B-04.8  KULI. MRP;;1301;Wkręt metryczny z łbem kulistym, wgłębieniem imbusowym, z wprowadzeniem z gwintem na całości W06.0X012-WK-IM-B-04.8  KULI. MRP;st-stal-weglowa;364;2;355
1301060020IM5BVT;W06.0X020-WK-IM-B-V-04.8 KULI. MRP;;1301;Wkręt metryczny z łbem kulistym, wgłębieniem imbusowym, z wprowadzeniem z gwintem na całości W06.0X020-WK-IM-B-V-04.8 KULI. MRP;st-stal-weglowa;364;2;355
1301060020IM5CDLT;W06.0X020-WK-IM-C-04.8 D-L KULI. MRP;;1301;Wkręt metryczny z łbem kulistym, wgłębieniem imbusowym, z wprowadzeniem z gwintem na całości W06.0X020-WK-IM-C-04.8 D-L KULI. MRP;st-stal-weglowa;364;2;355
1301060040IM4BT;W06.0X040-WK IM4-B-4.8 NIE UZYWAC;;1301;Wkręt metryczny z łbem kulistym, wgłębieniem imbusowym, z wprowadzeniem z gwintem na całości W06.0X040-WK IM4-B-4.8 NIE UZYWAC;st-stal-weglowa;364;2;355
1301060045IM4BT;W06.0X045-WK IM4-B-4.8 NIE UZYWAC;;1301;Wkręt metryczny z łbem kulistym, wgłębieniem imbusowym, z wprowadzeniem z gwintem na całości W06.0X045-WK IM4-B-4.8 NIE UZYWAC;st-stal-weglowa;364;2;355
1301080030IM5BF07T;W08.0X030-WK-IM-B-04.8  KULI. MRP F07;;1301;Wkręt metryczny z łbem kulistym, wgłębieniem imbusowym, z wprowadzeniem z gwintem na całości W08.0X030-WK-IM-B-04.8  KULI. MRP F07;st-stal-weglowa;364;2;355
1301080040IM5BK;W08.0X040-WK IM5-B-4.8  KULI. MRP;;1301;Wkręt metryczny z łbem kulistym, wgłębieniem imbusowym, z wprowadzeniem z gwintem na całości W08.0X040-WK IM5-B-4.8  KULI. MRP;st-stal-weglowa;364;2;355
1301080085IM5CT;W08.0X85-WK-IM-C-04.8 KULI. MRP;;1301;Wkręt metryczny z łbem kulistym, wgłębieniem imbusowym, z wprowadzeniem z gwintem na całości W08.0X85-WK-IM-C-04.8 KULI. MRP;st-stal-weglowa;364;2;355
1301NAWAGEK;WKRETY METRYCZNE NA WAGE;;1301;Wkręt metryczny z łbem kulistym, wgłębieniem imbusowym, z wprowadzeniem z gwintem na całości WKRETY METRYCZNE NA WAGE;;364;2;355
1303040010PKP3RT;W04.0X010-WP-PK-P3R METR.PODK.+USZCZEL;;1303;Wkręt metryczny z łbem z podkładką z gwintem na całości W04.0X010-WP-PK-P3R METR.PODK.+USZCZEL;st-stal-weglowa;491;2;477
1303040012PKP3RT;W04.0X012-WP-PK-P3R METR.PODK.+USZCZEL.;;1303;Wkręt metryczny z łbem z podkładką z gwintem na całości W04.0X012-WP-PK-P3R METR.PODK.+USZCZEL.;st-stal-weglowa;491;2;477
1303040014PKB9003T;W04.0X014-WP-PK-B METR.PODK. RAL9003;;1303;Wkręt metryczny z łbem z podkładką z gwintem na całości W04.0X014-WP-PK-B METR.PODK. RAL9003;st-stal-weglowa;491;2;477
1303040014PKP3RT;W04.0X014-WP-PK-P3R METR.PODK.+USZCZEL.;;1303;Wkręt metryczny z łbem z podkładką z gwintem na całości W04.0X014-WP-PK-P3R METR.PODK.+USZCZEL.;st-stal-weglowa;491;2;477
1303040016PKP3RT;W04.0X016-WP-PK-P3R METR.PODK.+USZCZEL.;;1303;Wkręt metryczny z łbem z podkładką z gwintem na całości W04.0X016-WP-PK-P3R METR.PODK.+USZCZEL.;st-stal-weglowa;491;2;477
1303040020PKP3RT;W04.0X020-WP-PK-P3R METR.PODK.+USZCZEL.;;1303;Wkręt metryczny z łbem z podkładką z gwintem na całości W04.0X020-WP-PK-P3R METR.PODK.+USZCZEL.;st-stal-weglowa;491;2;477
1303040052PKBT;W04.0X052-WP-PK-B        METR.PODK.;;1303;Wkręt metryczny z łbem z podkładką z gwintem na całości W04.0X052-WP-PK-B        METR.PODK.;st-stal-weglowa;491;2;477
1303050010PCBT;W05.0X010-WP-PC-B        METR.PODK.;;1303;Wkręt metryczny z łbem z podkładką z gwintem na całości W05.0X010-WP-PC-B        METR.PODK.;st-stal-weglowa;491;2;477
1303050020PHB88T;W05.0X020-WP-PH-B-08.8     METR.PODK.;;1303;Wkręt metryczny z łbem z podkładką z gwintem na całości W05.0X020-WP-PH-B-08.8     METR.PODK.;st-stal-weglowa;491;2;477
1303060014PKCELT;W06.0X014-WP-PK-C    METR.PODK. ESLOK;;1303;Wkręt metryczny z łbem z podkładką z gwintem na całości W06.0X014-WP-PK-C    METR.PODK. ESLOK;st-stal-weglowa;491;2;477
1303060026IMOIT;W06.0X026-WP-IM-O    METR.PODK.ISO7380-2;;1303;Wkręt metryczny z łbem z podkładką z gwintem na całości W06.0X026-WP-IM-O    METR.PODK.ISO7380-2;st-stal-weglowa;491;2;477
1303060035IMB10DLT;W06.0X035-WP-IM-B M.POD.10.9 D-L ISO7380;;1303;Wkręt metryczny z łbem z podkładką z gwintem na całości W06.0X035-WP-IM-B M.POD.10.9 D-L ISO7380;st-stal-weglowa;491;2;477
1303080030PKBK;W08.0X030-WP-PK-B METR.PODK.;;1303;Wkręt metryczny z łbem z podkładką z gwintem na całości W08.0X030-WP-PK-B METR.PODK.;st-stal-weglowa;491;2;477
1303100045IMB10IT;W10.0X045-WP-IM-B  M.PODK.10.9 ISO7380-2;;1303;Wkręt metryczny z łbem z podkładką z gwintem na całości W10.0X045-WP-IM-B  M.PODK.10.9 ISO7380-2;st-stal-weglowa;491;2;477
1304050060PKB88T;W05.0X065-WP-PK-B-45  KL8.8   METR.PODK.;;1304;W05.0X065-WP-PK-B-45  KL8.8   METR.PODK.;;43;2;40
1304050065PKB88T;W05.0X065-WP-PK-B-45  KL8.8   METR.PODK.;;1304;Wkręt metryczny z łbem z podkładką z gwintem na części W05.0X065-WP-PK-B-45  KL8.8   METR.PODK.;st-stal-weglowa;43;2;40
1304080105048PKBT;W08.0X105-WP-PK-B-48     METR.PODK.;;1304;Wkręt metryczny z łbem z podkładką z gwintem na części W08.0X105-WP-PK-B-48     METR.PODK.;st-stal-weglowa;43;2;40
1306030006PHBT ;W03.0X006-WS-PH-B        METR.STOZ;;1306;Wkręt metryczny z łbem stożkowym z gwintem na całości W03.0X006-WS-PH-B        METR.STOZ;;1104;2;1060
1306040006TXBT;W04.0X006-WS-TX-B METR.STOZ.;;1306;Wkręt metryczny z łbem stożkowym z gwintem na całości W04.0X006-WS-TX-B METR.STOZ.;st-stal-weglowa;1104;2;1060
1306040008PHAT;W04.0X008-WS-PH-A        METR.STOZ.;;1306;Wkręt metryczny z łbem stożkowym z gwintem na całości W04.0X008-WS-PH-A        METR.STOZ.;st-stal-weglowa;1104;2;1060
1306040008PZAT;W04.0X008-WS-PZ-A        METR.STOZ.;;1306;Wkręt metryczny z łbem stożkowym z gwintem na całości W04.0X008-WS-PZ-A        METR.STOZ.;st-stal-weglowa;1104;2;1060
1306040008PZP3RT;W04.0X008-WS-PZ-P3R METR.STOZ.+USZCZEL.;;1306;Wkręt metryczny z łbem stożkowym z gwintem na całości W04.0X008-WS-PZ-P3R METR.STOZ.+USZCZEL.;st-stal-weglowa;1104;2;1060
1306040008TXB48IT;W04.0X08-WS-TX-B-04.8 M.STOZ.ISO14581;;1306;Wkręt metryczny z łbem stożkowym z gwintem na całości W04.0X08-WS-TX-B-04.8 M.STOZ.ISO14581;st-stal-weglowa;1104;2;1060
1306040008TXBT;W04.0X008-WS-TX-B METR.STOZ.;;1306;Wkręt metryczny z łbem stożkowym z gwintem na całości W04.0X008-WS-TX-B METR.STOZ.;st-stal-weglowa;1104;2;1060
1306040010TXB88T;W04.0X010-WS-TX-B-08.8  M.STOZ.WYC.79448;;1306;Wkręt metryczny z łbem stożkowym z gwintem na całości W04.0X010-WS-TX-B-08.8  M.STOZ.WYC.79448;st-stal-weglowa;1104;2;1060
1306040012PZP3RT;W04.0X012-WS-PZ-P3R METR.STOZ.+USZCZEL.;;1306;Wkręt metryczny z łbem stożkowym z gwintem na całości W04.0X012-WS-PZ-P3R METR.STOZ.+USZCZEL.;st-stal-weglowa;1104;2;1060
1306040012TXB88T;W04.0X012-WS-TX-B-08.8  METR.STOZ.;;1306;Wkręt metryczny z łbem stożkowym z gwintem na całości W04.0X012-WS-TX-B-08.8  METR.STOZ.;st-stal-weglowa;1104;2;1060
1306040014PHP3RT;W04.0X014-WS-PH-P3R METR.STOZ.+USZCZEL.;;1306;Wkręt metryczny z łbem stożkowym z gwintem na całości W04.0X014-WS-PH-P3R METR.STOZ.+USZCZEL.;st-stal-weglowa;1104;2;1060
1306040014PZBKT;W04.0X014-WS-PZ-B METR.STOZ. KARWALA;;1306;Wkręt metryczny z łbem stożkowym z gwintem na całości W04.0X014-WS-PZ-B METR.STOZ. KARWALA;st-stal-weglowa;1104;2;1060
1306040016PZBF07T;W04.0X016-WS-PZ-B        METR.STOZ. F07;;1306;Wkręt metryczny z łbem stożkowym z gwintem na całości W04.0X016-WS-PZ-B        METR.STOZ. F07;st-stal-weglowa;1104;2;1060
1306040016PZP3RT;W04.0X016-WS-PZ-P3R METR.STOZ.+USZCZEL.;;1306;Wkręt metryczny z łbem stożkowym z gwintem na całości W04.0X016-WS-PZ-P3R METR.STOZ.+USZCZEL.;st-stal-weglowa;1104;2;1060
1306040016TXS88IT;W04.0X014-WS-TX-S-08.8  M.STOZ.ISO14581;;1306;W04.0X014-WS-TX-S-08.8  M.STOZ.ISO14581;;1104;2;1060
1306040020PZBF07T;W04.0X020-WS-PZ-B        METR.STOZ.  F07;;1306;Wkręt metryczny z łbem stożkowym z gwintem na całości W04.0X020-WS-PZ-B        METR.STOZ.  F07;st-stal-weglowa;1104;2;1060
1306040025PZP3RT;W04.0X025-WS-PZ-P3R METR.STOZ.+USZCZEL;;1306;Wkręt metryczny z łbem stożkowym z gwintem na całości W04.0X025-WS-PZ-P3R METR.STOZ.+USZCZEL;st-stal-weglowa;1104;2;1060
1306040028PZBK;W04.0X028-WS-PZ-B       METR.STOZ.;;1306;Wkręt metryczny z łbem stożkowym z gwintem na całości W04.0X028-WS-PZ-B       METR.STOZ.;st-stal-weglowa;1104;2;1060
1306040030PZB9005T;W04.0X030-WS-PZ-B METR.STOZ. RAL9005;;1306;Wkręt metryczny z łbem stożkowym z gwintem na całości W04.0X030-WS-PZ-B METR.STOZ. RAL9005;st-stal-weglowa;1104;2;1060
1306040030PZB9016T;W04.0X030-WS-PZ-B METR.STOZ. RAL9016;;1306;Wkręt metryczny z łbem stożkowym z gwintem na całości W04.0X030-WS-PZ-B METR.STOZ. RAL9016;st-stal-weglowa;1104;2;1060
1306050016PZBF07T;W05.0X016-WS-PZ-B        METR.STOZ.  F07;;1306;Wkręt metryczny z łbem stożkowym z gwintem na całości W05.0X016-WS-PZ-B        METR.STOZ.  F07;st-stal-weglowa;1104;2;1060
1306050020PHBDLT;W05.0X020-WS-PH-B METR. STOZ. D-L;;1306;Wkręt metryczny z łbem stożkowym z gwintem na całości W05.0X020-WS-PH-B METR. STOZ. D-L;st-stal-weglowa;1104;2;1060
1306050022PZBK;W05.0X022-WS-PZ-B        METR.STOZ.;;1306;Wkręt metryczny z łbem stożkowym z gwintem na całości W05.0X022-WS-PZ-B        METR.STOZ.;st-stal-weglowa;1104;2;1060
1306050025TXB88T;W05.0X025-WS-TX-B-08.8 M.STOZ.~ISO14581;;1306;Wkręt metryczny z łbem stożkowym z gwintem na całości W05.0X025-WS-TX-B-08.8 M.STOZ.~ISO14581;st-stal-weglowa;1104;2;1060
1306050035PHBELT;W05.0X035-WS-PH-B METR.STOZ. ES-LOCK;;1306;Wkręt metryczny z łbem stożkowym z gwintem na całości W05.0X035-WS-PH-B METR.STOZ. ES-LOCK;st-stal-weglowa;1104;2;1060
1306050040PZCT;W05.0X040-WS-PZ-C        METR.STOZ.;;1306;Wkręt metryczny z łbem stożkowym z gwintem na całości W05.0X040-WS-PZ-C        METR.STOZ.;st-stal-weglowa;1104;2;1060
1306050043PZBT;W05.0X043-WS-PZ-B        METR.STOZ.;;1306;Wkręt metryczny z łbem stożkowym z gwintem na całości W05.0X043-WS-PZ-B        METR.STOZ.;st-stal-weglowa;1104;2;1060
13060500715PHB58T;W05.0X071.5-WS-PH-B-05.8  METR.STOZ;;1306;Wkręt metryczny z łbem stożkowym z gwintem na całości W05.0X071.5-WS-PH-B-05.8  METR.STOZ;st-stal-weglowa;1104;2;1060
1306060012TXBIT;W06.0X012-WS-TX-B M.STOZ.ISO14581;;1306;Wkręt metryczny z łbem stożkowym z gwintem na całości W06.0X012-WS-TX-B M.STOZ.ISO14581;st-stal-weglowa;1104;2;1060
1306060016PHCT;W06.0X016-WS-PH-C        METR.STOZ.;;1306;Wkręt metryczny z łbem stożkowym z gwintem na całości W06.0X016-WS-PH-C        METR.STOZ.;st-stal-weglowa;1104;2;1060
1306060016PZBF07T;W06.0X016-WS-PZ-B        METR.STOZ.  F07;;1306;Wkręt metryczny z łbem stożkowym z gwintem na całości W06.0X016-WS-PZ-B        METR.STOZ.  F07;st-stal-weglowa;1104;2;1060
1306060020PZBF07T;W06.0X020-WS-PZ-B        METR.STOZ.  F07;;1306;Wkręt metryczny z łbem stożkowym z gwintem na całości W06.0X020-WS-PZ-B        METR.STOZ.  F07;st-stal-weglowa;1104;2;1060
1306060025PZBF07T;W06.0X025-WS-PZ-B        METR.STOZ.  F07;;1306;Wkręt metryczny z łbem stożkowym z gwintem na całości W06.0X025-WS-PZ-B        METR.STOZ.  F07;st-stal-weglowa;1104;2;1060
1306060025PZP2RT;W06.0X025-WS-PZ-P2R      METR.STOZ.;;1306;Wkręt metryczny z łbem stożkowym z gwintem na całości W06.0X025-WS-PZ-P2R      METR.STOZ.;st-stal-weglowa;1104;2;1060
1306060030PZBF07T;W06.0X030-WS-PZ-B        METR.STOZ. F07;;1306;Wkręt metryczny z łbem stożkowym z gwintem na całości W06.0X030-WS-PZ-B        METR.STOZ. F07;st-stal-weglowa;1104;2;1060
1306060035PZBF07T;W06.0X035-WS-PZ-B        METR.STOZ.  F07;;1306;Wkręt metryczny z łbem stożkowym z gwintem na całości W06.0X035-WS-PZ-B        METR.STOZ.  F07;st-stal-weglowa;1104;2;1060
1306060040PZBF07T;W06.0X040-WS-PZ-B        METR.STOZ.  F07;;1306;Wkręt metryczny z łbem stożkowym z gwintem na całości W06.0X040-WS-PZ-B        METR.STOZ.  F07;st-stal-weglowa;1104;2;1060
1306060045PZBF07T;W06.0X045-WS-PZ-B        METR.STOZ.  F07;;1306;Wkręt metryczny z łbem stożkowym z gwintem na całości W06.0X045-WS-PZ-B        METR.STOZ.  F07;st-stal-weglowa;1104;2;1060
1306060050PZBF07T;W06.0X050-WS-PZ-B        METR.STOZ.  F07;;1306;Wkręt metryczny z łbem stożkowym z gwintem na całości W06.0X050-WS-PZ-B        METR.STOZ.  F07;st-stal-weglowa;1104;2;1060
1306060060PZBF07T;W06.0X060-WS-PZ-B        METR.STOZ. F07;;1306;Wkręt metryczny z łbem stożkowym z gwintem na całości W06.0X060-WS-PZ-B        METR.STOZ. F07;st-stal-weglowa;1104;2;1060
1306080020PZST;W08.0X020-WS-PZ-S        METR.STOZ.;;1306;Wkręt metryczny z łbem stożkowym z gwintem na całości W08.0X020-WS-PZ-S        METR.STOZ.;st-stal-weglowa;1104;2;1060
1306080060PZBT;W08.0X060-WS-PZ-B METR.STOZ.;;1306;Wkręt metryczny z łbem stożkowym z gwintem na całości W08.0X060-WS-PZ-B METR.STOZ.;st-stal-weglowa;1104;2;1060
1306080070PZBT;W08.0X070-WS-PZ-B METR.STOZ.;;1306;Wkręt metryczny z łbem stożkowym z gwintem na całości W08.0X070-WS-PZ-B METR.STOZ.;st-stal-weglowa;1104;2;1060
1306100055PZBK;W10.0X055-WS-PZ-B        METR.STOZ.;;1306;Wkręt metryczny z łbem stożkowym z gwintem na całości W10.0X055-WS-PZ-B        METR.STOZ.;st-stal-weglowa;1104;2;1060
1308050008IMC1288T;W05.0X008-WS-IM-C-08.8   METR.STOZ.12MIK;;1308;Wkręt metryczny z łbem stożkowym, wgłębieniem imbusowym z gwintem na całości W05.0X008-WS-IM-C-08.8   METR.STOZ.12MIK;st-stal-weglowa;707;2;684
1308050012IMC10T;W05.0X012-WS-IM-C-10.9 STOŻ.DIN 7991;;1308;Wkręt metryczny z łbem stożkowym, wgłębieniem imbusowym z gwintem na całości W05.0X012-WS-IM-C-10.9 STOŻ.DIN 7991;st-stal-weglowa;707;2;684
1308060010IMB10DLT;W06.0X010-WS-IM-B-10.9 D-L STOZ.MRP;;1308;Wkręt metryczny z łbem stożkowym, wgłębieniem imbusowym z gwintem na całości W06.0X010-WS-IM-B-10.9 D-L STOZ.MRP;st-stal-weglowa;707;2;684
1308060020IMBF07T;W06.0X020-WS-IM-B-04.8 STOZ.MRP F07;;1308;Wkręt metryczny z łbem stożkowym, wgłębieniem imbusowym z gwintem na całości W06.0X020-WS-IM-B-04.8 STOZ.MRP F07;st-stal-weglowa;707;2;684
1308060020IMC1288T;W06.0X020-WS-IM-C-OC12MIK 8.8 STOZ.;;1308;Wkręt metryczny z łbem stożkowym, wgłębieniem imbusowym z gwintem na całości W06.0X020-WS-IM-C-OC12MIK 8.8 STOZ.;st-stal-weglowa;707;2;684
1308060025IMBF07T;W06.0X025-WS-IM-B-04.8 STOZ.MRP F07;;1308;Wkręt metryczny z łbem stożkowym, wgłębieniem imbusowym z gwintem na całości W06.0X025-WS-IM-B-04.8 STOZ.MRP F07;st-stal-weglowa;707;2;684
1308060025IMC1288T;W06.0X025-WS-IM-C-08.8 STOZ.MRP;;1308;Wkręt metryczny z łbem stożkowym, wgłębieniem imbusowym z gwintem na całości W06.0X025-WS-IM-C-08.8 STOZ.MRP;st-stal-weglowa;707;2;684
1308060025IMS1042T;W06.0X025-WS-IM-S-10.9 STOZ.MRP;;1308;Wkręt metryczny z łbem stożkowym, wgłębieniem imbusowym z gwintem na całości W06.0X025-WS-IM-S-10.9 STOZ.MRP;st-stal-weglowa;707;2;684
1308060030IMAT;W06.0X030-WS-IM-A-04.8   METR.STOZ.;;1308;Wkręt metryczny z łbem stożkowym, wgłębieniem imbusowym z gwintem na całości W06.0X030-WS-IM-A-04.8   METR.STOZ.;st-stal-weglowa;707;2;684
1308060030IMB8842T;W06.0X030-WS-IM-B-08.8 STOZ.MRP;;1308;Wkręt metryczny z łbem stożkowym, wgłębieniem imbusowym z gwintem na całości W06.0X030-WS-IM-B-08.8 STOZ.MRP;st-stal-weglowa;707;2;684
1308060035IMBF07T;W06.0X035-WS-IM-B-04.8 STOZ.MRP F07;;1308;Wkręt metryczny z łbem stożkowym, wgłębieniem imbusowym z gwintem na całości W06.0X035-WS-IM-B-04.8 STOZ.MRP F07;st-stal-weglowa;707;2;684
1308060035IMO10K;W06.0X035-WS-IM-O-10.9 STOZ.MRP;;1308;Wkręt metryczny z łbem stożkowym, wgłębieniem imbusowym z gwintem na całości W06.0X035-WS-IM-O-10.9 STOZ.MRP;st-stal-weglowa;707;2;684
1308060050IMBF07T;W06.0X050-WS-IM-B-04.8 STOZ.MRP F07;;1308;Wkręt metryczny z łbem stożkowym, wgłębieniem imbusowym z gwintem na całości W06.0X050-WS-IM-B-04.8 STOZ.MRP F07;st-stal-weglowa;707;2;684
1308060055IMF07T;W06.0X055-WS-IM-B-08.8 STOZ.MRP  F07;;1308;Wkręt metryczny z łbem stożkowym, wgłębieniem imbusowym z gwintem na całości W06.0X055-WS-IM-B-08.8 STOZ.MRP  F07;st-stal-weglowa;707;2;684
1308060060IMBF07T;W06.0X060-WS-IM-B-10.9 STOZ.DIN7991 F07;;1308;Wkręt metryczny z łbem stożkowym, wgłębieniem imbusowym z gwintem na całości W06.0X060-WS-IM-B-10.9 STOZ.DIN7991 F07;st-stal-weglowa;707;2;684
1308080030IMBF07T;W08.0X030-WS-IM-B-04.8 STOZ.MRP F07;;1308;Wkręt metryczny z łbem stożkowym, wgłębieniem imbusowym z gwintem na całości W08.0X030-WS-IM-B-04.8 STOZ.MRP F07;st-stal-weglowa;707;2;684
1308080050IMBF07T;W08.0X050-WS-IM-B-04.8 STOZ.MRP F07;;1308;Wkręt metryczny z łbem stożkowym, wgłębieniem imbusowym z gwintem na całości W08.0X050-WS-IM-B-04.8 STOZ.MRP F07;st-stal-weglowa;707;2;684
1308120100IMB10T;W12.0X100-WS-IM-B-10.9 STOZ.;;1308;Wkręt metryczny z łbem stożkowym, wgłębieniem imbusowym z gwintem na całości W12.0X100-WS-IM-B-10.9 STOZ.;st-stal-weglowa;707;2;684
1308140060IMB10S;W14.0X060-WS-IM-B-10.9 STOZ.NIE UZYWAC;;1308;Wkręt metryczny z łbem stożkowym, wgłębieniem imbusowym z gwintem na całości W14.0X060-WS-IM-B-10.9 STOZ.NIE UZYWAC;st-stal-weglowa;707;2;684
1308140080IMB10S;W14.0X080-WS-IM-B-10.9 STOZ.NIE UZYWAC;;1308;Wkręt metryczny z łbem stożkowym, wgłębieniem imbusowym z gwintem na całości W14.0X080-WS-IM-B-10.9 STOZ.NIE UZYWAC;st-stal-weglowa;707;2;684
1308140090IMB10S;W14.0X090-WS-IM-B-10.9 STOZ.NIE UZYWAC;;1308;Wkręt metryczny z łbem stożkowym, wgłębieniem imbusowym z gwintem na całości W14.0X090-WS-IM-B-10.9 STOZ.NIE UZYWAC;st-stal-weglowa;707;2;684
1308200050IMB10S;W20.0X050-WS-IM-B-10.9 STOZ.NIE UZYWAC;;1308;Wkręt metryczny z łbem stożkowym, wgłębieniem imbusowym z gwintem na całości W20.0X050-WS-IM-B-10.9 STOZ.NIE UZYWAC;st-stal-weglowa;707;2;684
1308200070IMB88S;W20.0X070-WS-IM-B-08.8 STOZ.NIE UZYWAC;;1308;Wkręt metryczny z łbem stożkowym, wgłębieniem imbusowym z gwintem na całości W20.0X070-WS-IM-B-08.8 STOZ.NIE UZYWAC;st-stal-weglowa;707;2;684
1314030018PZBPN$8T;W03.0X018-WW-PZ-B METR.WALC.PN82202 SORT;;1314;Wkręt metryczny z łbem walcowym z gwintem na całości W03.0X018-WW-PZ-B METR.WALC.PN82202 SORT;st-stal-weglowa;952;2;934
1314030038PHBT;W03.0X038-WW-PH-B        METR.WALC.;;1314;Wkręt metryczny z łbem walcowym z gwintem na całości W03.0X038-WW-PH-B        METR.WALC.;st-stal-weglowa;952;2;934
1314035005PZBT;W03.5X005-WW-PZ-B        METR.WALC.;;1314;Wkręt metryczny z łbem walcowym z gwintem na całości W03.5X005-WW-PZ-B        METR.WALC.;st-stal-weglowa;952;2;934
1314035006PCBT;W03.5X006-WW-PC-BMETR.WALC.;;1314;Wkręt metryczny z łbem walcowym z gwintem na całości W03.5X006-WW-PC-BMETR.WALC.;st-stal-weglowa;952;2;934
1314040080PHBT;W04.0X080-WW-PH-B METR.WALC.;;1314;Wkręt metryczny z łbem walcowym z gwintem na całości W04.0X080-WW-PH-B METR.WALC.;st-stal-weglowa;952;2;934
1314050010PHP2RT;W05.0X010-WW-PH-P2R        METR.WALC.;;1314;Wkręt metryczny z łbem walcowym z gwintem na całości W05.0X010-WW-PH-P2R        METR.WALC.;st-stal-weglowa;952;2;934
1314050012PZBDLT;W05.0X012-WW-PZ-B     M.WALC. D-L;;1314;Wkręt metryczny z łbem walcowym z gwintem na całości W05.0X012-WW-PZ-B     M.WALC. D-L;st-stal-weglowa;952;2;934
1314050014PZBF07T;W05.0X014-WW-PZ-B        METR.WALC. F07;;1314;Wkręt metryczny z łbem walcowym z gwintem na całości W05.0X014-WW-PZ-B        METR.WALC. F07;st-stal-weglowa;952;2;934
1314050084PKBG588T;W05.0X084-WW-PK-B GB5 -08.8 METR.WALC.;;1314;Wkręt metryczny z łbem walcowym z gwintem na całości W05.0X084-WW-PK-B GB5 -08.8 METR.WALC.;st-stal-weglowa;952;2;934
1314050085PKBG588T;W05.0X085-WW-PK-B GB5 -08.8 METR.WALC.;;1314;Wkręt metryczny z łbem walcowym z gwintem na całości W05.0X085-WW-PK-B GB5 -08.8 METR.WALC.;st-stal-weglowa;952;2;934
1314060014PZCT;W06.0X014-WW-PZ-C        METR.WALC;;1314;Wkręt metryczny z łbem walcowym z gwintem na całości W06.0X014-WW-PZ-C        METR.WALC;st-stal-weglowa;952;2;934
1314060020PZBF07T;W06.0X020-WW-PZ-B        METR.WALC. F07;;1314;Wkręt metryczny z łbem walcowym z gwintem na całości W06.0X020-WW-PZ-B        METR.WALC. F07;st-stal-weglowa;952;2;934
1314060035PZBF07T;W06.0X035-WW-PZ-B        METR.WALC. F07;;1314;Wkręt metryczny z łbem walcowym z gwintem na całości W06.0X035-WW-PZ-B        METR.WALC. F07;st-stal-weglowa;952;2;934
1314060055PHBT;W06.0X055-WW-PH-B METR.WALC.;;1314;Wkręt metryczny z łbem walcowym z gwintem na całości W06.0X055-WW-PH-B METR.WALC.;st-stal-weglowa;952;2;934
1314080020PZCT;W08.0X020-WW-PZ-C        METR.WALC.;;1314;Wkręt metryczny z łbem walcowym z gwintem na całości W08.0X020-WW-PZ-C        METR.WALC.;st-stal-weglowa;952;2;934
1314080030PZCT;W08.0X030-WW-PZ-C        METR.WALC.;;1314;Wkręt metryczny z łbem walcowym z gwintem na całości W08.0X030-WW-PZ-C        METR.WALC.;st-stal-weglowa;952;2;934
1314080045PZCK;W08.0X045-WWM-PZ-C METR.WALC.kg~0,05tys;;1314;Wkręt metryczny z łbem walcowym z gwintem na całości W08.0X045-WWM-PZ-C METR.WALC.kg~0,05tys;st-stal-weglowa;952;2;934
1314080050PZCT;W08.0X050-WW-PZ-C        METR.WALC.;;1314;Wkręt metryczny z łbem walcowym z gwintem na całości W08.0X050-WW-PZ-C        METR.WALC.;st-stal-weglowa;952;2;934
1319100012ZWSI207T;W10.0X012-WC-ZW-S METR.CYL.ISO1207;;1319;Wkręt metryczny z łbem cylindrycznym W10.0X012-WC-ZW-S METR.CYL.ISO1207;st-stal-weglowa;464;2;463
1322030006ZWPIT;W03.0X006-WW-ZW-PA METR.WAL.ISO1580;;1322;W03.0X006-WW-ZW-PA METR.WAL.ISO1580;st-stal-weglowa;116;2;95
1322030008ZWPIT;W03.0X008-WW-ZW-PA METR.WAL.ISO1580;;1322;W03.0X008-WW-ZW-PA METR.WAL.ISO1580;st-stal-weglowa;116;2;95
1322030010ZWPIT;W03.0X010-WW-ZW-PA METR.WAL.ISO1580;;1322;W03.0X010-WW-ZW-PA METR.WAL.ISO1580;st-stal-weglowa;116;2;95
1322030012ZWPIT;W03.0X012-WW-ZW-PA METR.WAL.ISO1580;;1322;W03.0X012-WW-ZW-PA METR.WAL.ISO1580;st-stal-weglowa;116;2;95
1322040005ZWPIT;W04.0X005-WW-ZW-PA METR.WAL.ISO1580;;1322;W04.0X005-WW-ZW-PA METR.WAL.ISO1580;st-stal-weglowa;116;2;95
1322040006ZWPIT;W04.0X006-WW-ZW-PA METR.WAL.ISO1580;;1322;W04.0X006-WW-ZW-PA METR.WAL.ISO1580;st-stal-weglowa;116;2;95
1322040008ZWPIT;W04.0X008-WW-ZW-PA METR.WAL.ISO1580;;1322;W04.0X008-WW-ZW-PA METR.WAL.ISO1580;st-stal-weglowa;116;2;95
1322040010ZWPIT;W04.0X010-WW-ZW-PA METR.WAL.ISO1580;;1322;W04.0X010-WW-ZW-PA METR.WAL.ISO1580;st-stal-weglowa;116;2;95
1322040012ZWPIT;W04.0X012-WW-ZW-PA METR.WAL.ISO1580;;1322;W04.0X012-WW-ZW-PA METR.WAL.ISO1580;st-stal-weglowa;116;2;95
1322040016ZWPIT;W04.0X016-WW-ZW-PA METR.WAL.ISO1580;;1322;W04.0X016-WW-ZW-PA METR.WAL.ISO1580;st-stal-weglowa;116;2;95
1322040020ZWPIT;W04.0X020-WW-ZW-PA METR.WAL.ISO1580;;1322;W04.0X020-WW-ZW-PA METR.WAL.ISO1580;st-stal-weglowa;116;2;95
1322050008ZWPIT;W05.0X008-WW-ZW-PA METR.WAL.ISO1580;;1322;W05.0X008-WW-ZW-PA METR.WAL.ISO1580;st-stal-weglowa;116;2;95
1322050010ZWPIT;W05.0X010-WW-ZW-PA METR.WAL.ISO1580;;1322;W05.0X010-WW-ZW-PA METR.WAL.ISO1580;st-stal-weglowa;116;2;95
1322050012ZWPIT;W05.0X012-WW-ZW-PA METR.WAL.ISO1580;;1322;W05.0X012-WW-ZW-PA METR.WAL.ISO1580;st-stal-weglowa;116;2;95
1322050016ZWPIT;W05.0X016-WW-ZW-PA METR.WAL.ISO1580;;1322;W05.0X016-WW-ZW-PA METR.WAL.ISO1580;st-stal-weglowa;116;2;95
1322050020ZWPIT;W05.0X020-WW-ZW-PA METR.WAL.ISO1580;;1322;W05.0X020-WW-ZW-PA METR.WAL.ISO1580;st-stal-weglowa;116;2;95
1322060010ZWPIT;W06.0X010-WW-ZW-PA METR.WAL.ISO1580;;1322;W06.0X010-WW-ZW-PA METR.WAL.ISO1580;st-stal-weglowa;116;2;95
1322060016ZWPIT;W06.0X016-WW-ZW-PA METR.WAL.ISO1580;;1322;W06.0X016-WW-ZW-PA METR.WAL.ISO1580;st-stal-weglowa;116;2;95
1322060020ZWPIT;W06.0X020-WW-ZW-PA METR.WAL.ISO1580;;1322;W06.0X020-WW-ZW-PA METR.WAL.ISO1580;st-stal-weglowa;116;2;95
1322060025ZWPIT;W06.0X025-WW-ZW-PA METR.WAL.ISO1580;;1322;W06.0X025-WW-ZW-PA METR.WAL.ISO1580;st-stal-weglowa;116;2;95
1322060030ZWPIT;W06.0X030-WW-ZW-PA METR.WAL.ISO1580;;1322;W06.0X030-WW-ZW-PA METR.WAL.ISO1580;st-stal-weglowa;116;2;95
1333004010TZNNI10T;W04.0X010-WP-T20-ZNNI8-10.9 ISO7380-2;;1333;W04.0X010-WP-T20-ZNNI8-10.9 ISO7380-2;st-stal-weglowa;327;3;171
1333030006TXB10T;W03.0X006-WP-TX-B M.PODK.10.9 ~ISO7380-2;;1333;W03.0X006-WP-TX-B M.PODK.10.9 ~ISO7380-2;st-stal-weglowa;327;3;171
1333030008TXB10T;W03.0X008-WP-TX-B M.PODK.10.9 ~ISO7380-2;;1333;W03.0X008-WP-TX-B M.PODK.10.9 ~ISO7380-2;st-stal-weglowa;327;3;171
1333030012TXB10T;W03.0X012-WP-TX-B M.PODK.10.9 ~ISO7380-2;;1333;W03.0X012-WP-TX-B M.PODK.10.9 ~ISO7380-2;st-stal-weglowa;327;3;171
1333030020TXB10T;W03.0X020-WP-TX-B M.PODK.10.9 ~ISO7380-2;;1333;W03.0X020-WP-TX-B M.PODK.10.9 ~ISO7380-2;st-stal-weglowa;327;3;171
1333040006IMB10PRT;W04.0X006-WP-IM-B 10.9 ISO7380-2 PRECO10;;1333;W04.0X006-WP-IM-B 10.9 ISO7380-2 PRECO10;st-stal-weglowa;327;3;171
1333040006TXB10T;W04.0X006-WP-TX-B M.PODK.10.9 ~ISO7380-2;;1333;W04.0X006-WP-TX-B M.PODK.10.9 ~ISO7380-2;st-stal-weglowa;327;3;171
1333040008IMB10IT;W04.0X008-WP-IM-B M.POD.10.9 ISO7380-2;;1333;W04.0X008-WP-IM-B M.POD.10.9 ISO7380-2;st-stal-weglowa;327;3;171
1333040008TXB10T;W04.0X008-WP-TX-B M.PODK.10.9 ~ISO7380-2;;1333;W04.0X008-WP-TX-B M.PODK.10.9 ~ISO7380-2;st-stal-weglowa;327;3;171
1333040010TXB10T;W04.0X010-WP-TX-B M.PODK.10.9 ~ISO7380-2;;1333;W04.0X010-WP-TX-B M.PODK.10.9 ~ISO7380-2;st-stal-weglowa;327;3;171
1333040012IMB10IT;W04.0X012-WP-IM-B M.POD.10.9 ISO7380-2;;1333;W04.0X012-WP-IM-B M.POD.10.9 ISO7380-2;st-stal-weglowa;327;3;171
1333040012TXB10T;W04.0X012-WP-TX-B M.PODK.10.9 ~ISO7380-2;;1333;W04.0X012-WP-TX-B M.PODK.10.9 ~ISO7380-2;st-stal-weglowa;327;3;171
1333040016TXB10T;W04.0X016-WP-TX-B M.PODK.10.9 ~ISO7380-2;;1333;W04.0X016-WP-TX-B M.PODK.10.9 ~ISO7380-2;st-stal-weglowa;327;3;171
1333040020TXB10T;W04.0X020-WP-TX-B M.PODK.10.9 ~ISO7380-2;;1333;W04.0X020-WP-TX-B M.PODK.10.9 ~ISO7380-2;st-stal-weglowa;327;3;171
1333040025IMS10IT;W04.0X025-WP-IM-S M.POD.10.9 ISO7380-2;;1333;W04.0X025-WP-IM-S M.POD.10.9 ISO7380-2;st-stal-weglowa;327;3;171
1333040030IMS10IT;W04.0X030-WP-IM-S M.POD.10.9 ISO7380-2;;1333;W04.0X030-WP-IM-S M.POD.10.9 ISO7380-2;st-stal-weglowa;327;3;171
1333040030TXB10T;W04.0X030-WP-TX-B M.PODK.10.9 ~ISO7380-2;;1333;W04.0X030-WP-TX-B M.PODK.10.9 ~ISO7380-2;st-stal-weglowa;327;3;171
1333050006IMB10IT;W05.0X006-WP-IM-B M.POD.10.9 ISO7380-2;;1333;W05.0X006-WP-IM-B M.POD.10.9 ISO7380-2;st-stal-weglowa;327;3;171
1333050006TXB10T;W05.0X006-WP-TX-B M.PODK.10.9 ~ISO7380-2;;1333;W05.0X006-WP-TX-B M.PODK.10.9 ~ISO7380-2;st-stal-weglowa;327;3;171
1333050008IMRC10IT;W05.0X008-WP-IM-RC M.POD.10.9 ISO7380-2;;1333;W05.0X008-WP-IM-RC M.POD.10.9 ISO7380-2;st-stal-weglowa;327;3;171
1333050008TXB10T;W05.0X008-WP-TX-B M.PODK.10.9 ~ISO7380-2;;1333;W05.0X008-WP-TX-B M.PODK.10.9 ~ISO7380-2;st-stal-weglowa;327;3;171
1333050010IMB10IT;W05.0X010-WP-IM-B M.POD.10.9 ISO7380-2;;1333;W05.0X010-WP-IM-B M.POD.10.9 ISO7380-2;st-stal-weglowa;327;3;171
1333050010IMRC10IT;W05.0X010-WP-IM-RC M.POD.10.9 ISO7380-2;;1333;W05.0X010-WP-IM-RC M.POD.10.9 ISO7380-2;st-stal-weglowa;327;3;171
1333050010TXB10T;W05.0X010-WP-TX-B M.PODK.10.9 ~ISO7380-2;;1333;W05.0X010-WP-TX-B M.PODK.10.9 ~ISO7380-2;st-stal-weglowa;327;3;171
1333050012IMB10DLT;W05.0X012-WP-IM-B  M.PODK.10.9 DRI LOCK;;1333;W05.0X012-WP-IM-B  M.PODK.10.9 DRI LOCK;st-stal-weglowa;327;3;171
1333050012IMB10IT;W05.0X012-WP-IM-B M.POD.10.9 ISO7380-2;;1333;W05.0X012-WP-IM-B M.POD.10.9 ISO7380-2;st-stal-weglowa;327;3;171
1333050012IMRC10IT;W05.0X012-WP-IM-RC M.POD.10.9 ISO7380-2;;1333;W05.0X012-WP-IM-RC M.POD.10.9 ISO7380-2;st-stal-weglowa;327;3;171
1333050012TXB10T;W05.0X012-WP-TX-B M.PODK.10.9 ~ISO7380-2;;1333;W05.0X012-WP-TX-B M.PODK.10.9 ~ISO7380-2;st-stal-weglowa;327;3;171
1333050016IMB10IT;W05.0X016-WP-IM-B M.POD.10.9 ISO7380-2;;1333;W05.0X016-WP-IM-B M.POD.10.9 ISO7380-2;st-stal-weglowa;327;3;171
1333050016IMB9002T;W05.0X016-WP-IM-B-10.9 ISO7380-2 RAL9002;;1333;W05.0X016-WP-IM-B-10.9 ISO7380-2 RAL9002;st-stal-weglowa;327;3;171
1333050016IMRC10IT;W05.0X016-WP-IM-RC M.POD.10.9 ISO7380-2;;1333;W05.0X016-WP-IM-RC M.POD.10.9 ISO7380-2;st-stal-weglowa;327;3;171
1333050020IMB10IT;W05.0X020-WP-IM-B M.POD.10.9 ISO7380-2;;1333;W05.0X020-WP-IM-B M.POD.10.9 ISO7380-2;st-stal-weglowa;327;3;171
1333050020IMRC10IT;W05.0X020-WP-IM-RC M.POD.10.9 ISO7380-2;;1333;W05.0X020-WP-IM-RC M.POD.10.9 ISO7380-2;st-stal-weglowa;327;3;171
1333050025TXB10T;W05.0X025-WP-TX-B M.PODK.10.9 ~ISO7380-2;;1333;W05.0X025-WP-TX-B M.PODK.10.9 ~ISO7380-2;st-stal-weglowa;327;3;171
1333050030IMB10IT;W05.0X030-WP-IM-B M.POD.10.9 ISO7380-2;;1333;W05.0X030-WP-IM-B M.POD.10.9 ISO7380-2;st-stal-weglowa;327;3;171
1333050030IMRC10IT;W05.0X030-WP-IM-RC M.POD.10.9 ISO7380-2;;1333;W05.0X030-WP-IM-RC M.POD.10.9 ISO7380-2;st-stal-weglowa;327;3;171
1333050030IMS10IT;W05.0X030-WP-IM-S M.POD.10.9 ISO7380-2;;1333;W05.0X030-WP-IM-S M.POD.10.9 ISO7380-2;st-stal-weglowa;327;3;171
1333050030TXB10T;W05.0X030-WP-TX-B M.PODK.10.9 ~ISO7380-2;;1333;W05.0X030-WP-TX-B M.PODK.10.9 ~ISO7380-2;st-stal-weglowa;327;3;171
1333050035IMB10IT;W05.0X035-WP-IM-B M.POD.10.9 ISO7380-2;;1333;W05.0X035-WP-IM-B M.POD.10.9 ISO7380-2;st-stal-weglowa;327;3;171
1333050035IMB88DLT;W05.0X035-WP-IM-B 8.8 ISO7380-2 DRI-LOCK;;1333;W05.0X035-WP-IM-B 8.8 ISO7380-2 DRI-LOCK;st-stal-weglowa;327;3;171
1333050035TXB10T;W05.0X035-WP-TX-B M.PODK.10.9 ~ISO7380-2;;1333;W05.0X035-WP-TX-B M.PODK.10.9 ~ISO7380-2;st-stal-weglowa;327;3;171
1333050040IMB10IT;W05.0X040-WP-IM-B  M.PODK.10.9 ISO7380-2;;1333;W05.0X040-WP-IM-B  M.PODK.10.9 ISO7380-2;st-stal-weglowa;327;3;171
1333050040IMB9002T;W05.0X040-WP-IM-B-10.9 ISO7380-2 RAL9002;;1333;W05.0X040-WP-IM-B-10.9 ISO7380-2 RAL9002;st-stal-weglowa;327;3;171
1333050050IMB10IT;W05.0X050-WP-IM-B  M.PODK.10.9 ISO7380-2;;1333;W05.0X050-WP-IM-B  M.PODK.10.9 ISO7380-2;st-stal-weglowa;327;3;171
1333060006IMS10IT;W06.0X006-WP-IM-S M.POD.10.9 ISO7380-2;;1333;W06.0X006-WP-IM-S M.POD.10.9 ISO7380-2;st-stal-weglowa;327;3;171
1333060006TXB10T;W06.0X006-WP-TX-B M.PODK.10.9 ~ISO7380-2;;1333;W06.0X006-WP-TX-B M.PODK.10.9 ~ISO7380-2;st-stal-weglowa;327;3;171
1333060008IMB10IT;W06.0X008-WP-IM-B M.POD.10.9 ISO7380-2;;1333;W06.0X008-WP-IM-B M.POD.10.9 ISO7380-2;st-stal-weglowa;327;3;171
1333060008IMS10IT;W06.0X008-WP-IM-S M.POD.10.9 ISO7380-2;;1333;W06.0X008-WP-IM-S M.POD.10.9 ISO7380-2;st-stal-weglowa;327;3;171
1333060010IMB10IT;W06.0X010-WP-IM-B M.POD.10.9 ISO7380-2;;1333;W06.0X010-WP-IM-B M.POD.10.9 ISO7380-2;st-stal-weglowa;327;3;171
1333060010IMRC10IT;W06.0X010-WP-IM-RC M.POD.10.9 ISO7380-2;;1333;W06.0X010-WP-IM-RC M.POD.10.9 ISO7380-2;st-stal-weglowa;327;3;171
1333060010IMS10IT;W06.0X010-WP-IM-S M.POD.10.9 ISO7380-2;;1333;W06.0X010-WP-IM-S M.POD.10.9 ISO7380-2;st-stal-weglowa;327;3;171
1333060010TXB10T;W06.0X010-WP-TX-B M.PODK.10.9 ~ISO7380-2;;1333;W06.0X010-WP-TX-B M.PODK.10.9 ~ISO7380-2;st-stal-weglowa;327;3;171
1333060012IMB10IS;W06.0X012-WP-IM-B M.POD.10.9 ISO7380-2;;1333;W06.0X012-WP-IM-B M.POD.10.9 ISO7380-2;st-stal-weglowa;327;3;171
1333060012IMC10T;W06.0X012-WP-IM-C M.POD.10.9 ISO7380-2;;1333;W06.0X012-WP-IM-C M.POD.10.9 ISO7380-2;st-stal-weglowa;327;3;171
1333060012IMO10DLT;W06.0x012-WP-IM-O-10.9 ISO7380-2 D-L;;1333;W06.0x012-WP-IM-O-10.9 ISO7380-2 D-L;st-stal-weglowa;327;3;171
1333060012IMRC10IT;W06.0X012-WP-IM-RC M.POD.10.9 ISO7380-2;;1333;W06.0X012-WP-IM-RC M.POD.10.9 ISO7380-2;st-stal-weglowa;327;3;171
1333060012IMS10IT;W06.0X012-WP-IM-S M.POD.10.9 ISO7380-2;;1333;W06.0X012-WP-IM-S M.POD.10.9 ISO7380-2;st-stal-weglowa;327;3;171
1333060012TXB10T;W06.0X012-WP-TX-B M.PODK.10.9 ~ISO7380-2;;1333;W06.0X012-WP-TX-B M.PODK.10.9 ~ISO7380-2;st-stal-weglowa;327;3;171
1333060014IMB10IT;W06.0X014-WP-IM-B M.POD.10.9 ISO7380-2;;1333;W06.0X014-WP-IM-B M.POD.10.9 ISO7380-2;st-stal-weglowa;327;3;171
1333060016IB10DLPT;W06.0X016-WP-IM-B 10.9 ISO7380-2 DL PINK;;1333;W06.0X016-WP-IM-B 10.9 ISO7380-2 DL PINK;st-stal-weglowa;327;3;171
1333060016IMB10IS;W06.0X016-WP-IM-B M.POD.10.9 ISO7380-2;;1333;W06.0X016-WP-IM-B M.POD.10.9 ISO7380-2;st-stal-weglowa;327;3;171
1333060016IMB10IT;W06.0X016-WP-IM-B M.POD.10.9 ISO7380-2;;1333;W06.0X016-WP-IM-B M.POD.10.9 ISO7380-2;st-stal-weglowa;327;3;171
1333060016IMR10IT;W06.0X016-WP-IM-R M.POD.10.9 ISO7380-2;;1333;W06.0X016-WP-IM-R M.POD.10.9 ISO7380-2;st-stal-weglowa;327;3;171
1333060016IMRC10IT;W06.0X016-WP-IM-RC M.POD.10.9 ISO7380-2;;1333;W06.0X016-WP-IM-RC M.POD.10.9 ISO7380-2;st-stal-weglowa;327;3;171
1333060016IMRCDLT;W06.0X016-WP-IM-RC 10.9 ISO7380-2 D-L;;1333;W06.0X016-WP-IM-RC 10.9 ISO7380-2 D-L;st-stal-weglowa;327;3;171
1333060016TXB10T;W06.0X016-WP-TX-B M.PODK.10.9 ~ISO7380-2;;1333;W06.0X016-WP-TX-B M.PODK.10.9 ~ISO7380-2;st-stal-weglowa;327;3;171
1333060020IB10DLPT;W06.0X020-WP-IM-B 10.9 ISO7380-2 DL PINK;;1333;W06.0X020-WP-IM-B 10.9 ISO7380-2 DL PINK;st-stal-weglowa;327;3;171
1333060020IMB10DLT;W06.0X020-WP-IM-B-10.9 ISO7380-2 D-L;;1333;W06.0X020-WP-IM-B-10.9 ISO7380-2 D-L;st-stal-weglowa;327;3;171
1333060020IMB10IT;W06.0X020-WP-IM-B M.POD.10.9 ISO7380-2;;1333;W06.0X020-WP-IM-B M.POD.10.9 ISO7380-2;st-stal-weglowa;327;3;171
1333060020IMB10TFT;W06.0X020-WP-IM-B  M.PODK.10.9 TUFLOK;;1333;W06.0X020-WP-IM-B  M.PODK.10.9 TUFLOK;st-stal-weglowa;327;3;171
1333060020IMR10IT;W06.0X020-WP-IM-R M.POD.10.9 ISO7380-2;;1333;W06.0X020-WP-IM-R M.POD.10.9 ISO7380-2;st-stal-weglowa;327;3;171
1333060020IMRC10IT;W06.0X020-WP-IM-RC M.POD.10.9 ISO7380-2;;1333;W06.0X020-WP-IM-RC M.POD.10.9 ISO7380-2;st-stal-weglowa;327;3;171
1333060020IMS10IT;W06.0X020-WP-IM-S M.POD.10.9 ISO7380-2;;1333;W06.0X020-WP-IM-S M.POD.10.9 ISO7380-2;st-stal-weglowa;327;3;171
1333060020TXB10T;W06.0X020-WP-TX-B M.PODK.10.9 ~ISO7380-2;;1333;W06.0X020-WP-TX-B M.PODK.10.9 ~ISO7380-2;st-stal-weglowa;327;3;171
1333060025IMB10IT;W06.0X025-WP-IM-B M.POD.10.9 ISO7380-2;;1333;W06.0X025-WP-IM-B M.POD.10.9 ISO7380-2;st-stal-weglowa;327;3;171
1333060025IMRC10IT;W06.0X025-WP-IM-RC M.POD.10.9 ISO7380-2;;1333;W06.0X025-WP-IM-RC M.POD.10.9 ISO7380-2;st-stal-weglowa;327;3;171
1333060025IMS10IT;W06.0X025-WP-IM-S M.POD.10.9 ISO7380-2;;1333;W06.0X025-WP-IM-S M.POD.10.9 ISO7380-2;st-stal-weglowa;327;3;171
1333060025TXB10T;W06.0X025-WP-TX-B M.PODK.10.9 ~ISO7380-2;;1333;W06.0X025-WP-TX-B M.PODK.10.9 ~ISO7380-2;st-stal-weglowa;327;3;171
1333060030IMB10IT;W06.0X030-WP-IM-B M.POD.10.9 ISO7380-2;;1333;W06.0X030-WP-IM-B M.POD.10.9 ISO7380-2;st-stal-weglowa;327;3;171
1333060030IMB10TFT;W06.0X030-WP-IM-B  M.PODK.10.9 TUFLOK;;1333;W06.0X030-WP-IM-B  M.PODK.10.9 TUFLOK;st-stal-weglowa;327;3;171
1333060030IMRC10IT;W06.0X030-WP-IM-RC M.POD.10.9 ISO7380-2;;1333;W06.0X030-WP-IM-RC M.POD.10.9 ISO7380-2;st-stal-weglowa;327;3;171
1333060030IMS10IT;W06.0X030-WP-IM-S M.POD.10.9 ISO7380-2;;1333;W06.0X030-WP-IM-S M.POD.10.9 ISO7380-2;st-stal-weglowa;327;3;171
1333060030TXB10T;W06.0X030-WP-TX-B M.PODK.10.9 ~ISO7380-2;;1333;W06.0X030-WP-TX-B M.PODK.10.9 ~ISO7380-2;st-stal-weglowa;327;3;171
1333060035IMB10IT;W06.0X035-WP-IM-B M.POD.10.9 ISO7380-2;;1333;W06.0X035-WP-IM-B M.POD.10.9 ISO7380-2;st-stal-weglowa;327;3;171
1333060035IMS10IK;W06.0X035-WP-IM-S  M.PODK.10.9 ISO7380-2;;1333;W06.0X035-WP-IM-S  M.PODK.10.9 ISO7380-2;st-stal-weglowa;327;3;171
1333060035IMS10IT;W06.0X035-WP-IM-S M.POD.10.9 ISO7380-2;;1333;W06.0X035-WP-IM-S M.POD.10.9 ISO7380-2;st-stal-weglowa;327;3;171
1333060040IMB10IS;W06.0X040-WP-IM-B M.POD.10.9 ISO7380-2;;1333;W06.0X040-WP-IM-B M.POD.10.9 ISO7380-2;st-stal-weglowa;327;3;171
1333060040IMB10IT;W06.0X040-WP-IM-B M.POD.10.9 ISO7380-2;;1333;W06.0X040-WP-IM-B M.POD.10.9 ISO7380-2;st-stal-weglowa;327;3;171
1333060040IMS10IT;W06.0X040-WP-IM-S M.POD.10.9 ISO7380-2;;1333;W06.0X040-WP-IM-S M.POD.10.9 ISO7380-2;st-stal-weglowa;327;3;171
1333060040TXB10T;W06.0X040-WP-TX-B M.PODK.10.9 ~ISO7380-2;;1333;W06.0X040-WP-TX-B M.PODK.10.9 ~ISO7380-2;st-stal-weglowa;327;3;171
1333060045IMB10IT;W06.0X045-WP-IM-B M.POD.10.9 ISO7380-2;;1333;W06.0X045-WP-IM-B M.POD.10.9 ISO7380-2;st-stal-weglowa;327;3;171
1333060050IMB10IT;W06.0X050-WP-IM-B M.POD.10.9 ISO7380-2;;1333;W06.0X050-WP-IM-B M.POD.10.9 ISO7380-2;st-stal-weglowa;327;3;171
1333060050TXB10T;W06.0X050-WP-TX-B M.PODK.10.9 ~ISO7380-2;;1333;W06.0X050-WP-TX-B M.PODK.10.9 ~ISO7380-2;st-stal-weglowa;327;3;171
1333080010IMB10IT;W08.0X010-WP-IM-B M.POD.10.9 ISO7380-2;;1333;W08.0X010-WP-IM-B M.POD.10.9 ISO7380-2;st-stal-weglowa;327;3;171
1333080010TXB10T;W08.0X010-WP-TX-B M.PODK.10.9 ~ISO7380-2;;1333;W08.0X010-WP-TX-B M.PODK.10.9 ~ISO7380-2;st-stal-weglowa;327;3;171
1333080012IMB10IS;W08.0X012-WP-IM-B M.POD.10.9 ISO7380-2;;1333;W08.0X012-WP-IM-B M.POD.10.9 ISO7380-2;st-stal-weglowa;327;3;171
1333080012IMR10IT;W08.0X012-WP-IM-R M.POD.10.9 ISO7380-2;;1333;W08.0X012-WP-IM-R M.POD.10.9 ISO7380-2;st-stal-weglowa;327;3;171
1333080012IMRC10IT;W08.0X012-WP-IM-RC M.POD.10.9 ISO7380-2;;1333;W08.0X012-WP-IM-RC M.POD.10.9 ISO7380-2;st-stal-weglowa;327;3;171
1333080012TXB10T;W08.0X012-WP-TX-B M.PODK.10.9 ~ISO7380-2;;1333;W08.0X012-WP-TX-B M.PODK.10.9 ~ISO7380-2;st-stal-weglowa;327;3;171
1333080014IMB10IT;W08.0X014-WP-IM-B M.POD.10.9 ISO7380-2;;1333;W08.0X014-WP-IM-B M.POD.10.9 ISO7380-2;st-stal-weglowa;327;3;171
1333080016IB10DLPT;W08.0X016-WP-IM-B 10.9 ISO7380-2 DL PINK;;1333;W08.0X016-WP-IM-B 10.9 ISO7380-2 DL PINK;;327;3;171
1333080016IMB10IS;W08.0X016-WP-IM-B M.POD.10.9 ISO7380-2;;1333;W08.0X016-WP-IM-B M.POD.10.9 ISO7380-2;st-stal-weglowa;327;3;171
1333080016IMR10IT;W08.0X016-WP-IM-R M.POD.10.9 ISO7380-2;;1333;W08.0X016-WP-IM-R M.POD.10.9 ISO7380-2;st-stal-weglowa;327;3;171
1333080016IMRC10IT;W08.0X016-WP-IM-RC M.POD.10.9 ISO7380-2;;1333;W08.0X016-WP-IM-RC M.POD.10.9 ISO7380-2;st-stal-weglowa;327;3;171
1333080016TXB10T;W08.0X016-WP-TX-B M.PODK.10.9 ~ISO7380-2;;1333;W08.0X016-WP-TX-B M.PODK.10.9 ~ISO7380-2;st-stal-weglowa;327;3;171
1333080020IMB10IS;W08.0X020-WP-IM-B M.POD.10.9 ISO7380-2;;1333;W08.0X020-WP-IM-B M.POD.10.9 ISO7380-2;st-stal-weglowa;327;3;171
1333080020IMB10IT;W08.0X020-WP-IM-B M.POD.10.9 ISO7380-2;;1333;W08.0X020-WP-IM-B M.POD.10.9 ISO7380-2;st-stal-weglowa;327;3;171
1333080020IMR10IT;W08.0X020-WP-IM-R M.POD.10.9 ISO7380-2;;1333;W08.0X020-WP-IM-R M.POD.10.9 ISO7380-2;st-stal-weglowa;327;3;171
1333080020IMRC10IT;W08.0X020-WP-IM-RC M.POD.10.9 ISO7380-2;;1333;W08.0X020-WP-IM-RC M.POD.10.9 ISO7380-2;st-stal-weglowa;327;3;171
1333080025IMB10ELT;W08.0X025-WP-IM-B-10.9 ISO7380-2 ES-LOCK;;1333;W08.0X025-WP-IM-B-10.9 ISO7380-2 ES-LOCK;st-stal-weglowa;327;3;171
1333080025IMB10IS;W08.0X025-WP-IM-B M.POD.10.9 ISO7380-2;;1333;W08.0X025-WP-IM-B M.POD.10.9 ISO7380-2;st-stal-weglowa;327;3;171
1333080025IMB10IT;W08.0X025-WP-IM-B M.POD.10.9 ISO7380-2;;1333;W08.0X025-WP-IM-B M.POD.10.9 ISO7380-2;st-stal-weglowa;327;3;171
1333080025IMC10ELT;W08.0X025-WP-IM-C-10.9 ISO7380-2 ES-LOCK;;1333;W08.0X025-WP-IM-C-10.9 ISO7380-2 ES-LOCK;st-stal-weglowa;327;3;171
1333080025IMR10IT;W08.0X025-WP-IM-R M.POD.10.9 ISO7380-2;;1333;W08.0X025-WP-IM-R M.POD.10.9 ISO7380-2;st-stal-weglowa;327;3;171
1333080025IMRC10IT;W08.0X025-WP-IM-RC M.POD.10.9 ISO7380-2;;1333;W08.0X025-WP-IM-RC M.POD.10.9 ISO7380-2;st-stal-weglowa;327;3;171
1333080025TXB10T;W08.0X025-WP-TX-B M.PODK.10.9 ~ISO7380-2;;1333;W08.0X025-WP-TX-B M.PODK.10.9 ~ISO7380-2;st-stal-weglowa;327;3;171
1333080030IB10DLPT;W08.0X030-WP-IM-B 10.9 ISO7380-2 DL PINK;;1333;W08.0X030-WP-IM-B 10.9 ISO7380-2 DL PINK;st-stal-weglowa;327;3;171
1333080030IMB10IT;W08.0X030-WP-IM-B M.POD.10.9 ISO7380-2;;1333;W08.0X030-WP-IM-B M.POD.10.9 ISO7380-2;st-stal-weglowa;327;3;171
1333080030IMC10T;W08.0X030-WP-IM-C M.POD.10.9 ISO7380-2;;1333;W08.0X030-WP-IM-C M.POD.10.9 ISO7380-2;st-stal-weglowa;327;3;171
1333080030IMRC10IK;W08.0X030-WP-IM-RC-M.POD.10.9 ISO7380-2;;1333;W08.0X030-WP-IM-RC-M.POD.10.9 ISO7380-2;st-stal-weglowa;327;3;171
1333080030IMRC10IT;W08.0X030-WP-IM-RC M.POD.10.9 ISO7380-2;;1333;W08.0X030-WP-IM-RC M.POD.10.9 ISO7380-2;st-stal-weglowa;327;3;171
1333080035IMB10IT;W08.0X035-WP-IM-B M.POD.10.9 ISO7380-2;;1333;W08.0X035-WP-IM-B M.POD.10.9 ISO7380-2;st-stal-weglowa;327;3;171
1333080035IMR10IT;W08.0X035-WP-IM-R M.POD.10.9 ISO7380-2;;1333;W08.0X035-WP-IM-R M.POD.10.9 ISO7380-2;st-stal-weglowa;327;3;171
1333080035IMS10IT;W08.0X035-WP-IM-S M.POD.10.9 ISO7380-2;;1333;W08.0X035-WP-IM-S M.POD.10.9 ISO7380-2;st-stal-weglowa;327;3;171
1333080035TXB10T;W08.0X035-WP-TX-B M.PODK.10.9 ~ISO7380-2;;1333;W08.0X035-WP-TX-B M.PODK.10.9 ~ISO7380-2;st-stal-weglowa;327;3;171
1333080040IMB10IT;W08.0X040-WP-IM-B M.POD.10.9 ISO7380-2;;1333;W08.0X040-WP-IM-B M.POD.10.9 ISO7380-2;st-stal-weglowa;327;3;171
1333080040IMS10IT;W08.0X040-WP-IM-S M.POD.10.9 ISO7380-2;;1333;W08.0X040-WP-IM-S M.POD.10.9 ISO7380-2;st-stal-weglowa;327;3;171
1333080040TXB10T;W08.0X040-WP-TX-B M.PODK.10.9 ~ISO7380-2;;1333;W08.0X040-WP-TX-B M.PODK.10.9 ~ISO7380-2;st-stal-weglowa;327;3;171
1333080050IMB10IT;W08.0X050-WP-IM-B M.POD.10.9 ISO7380-2;;1333;W08.0X050-WP-IM-B M.POD.10.9 ISO7380-2;st-stal-weglowa;327;3;171
1333080050IMS10IT;W08.0X050-WP-IM-S M.POD.10.9 ISO7380-2;;1333;W08.0X050-WP-IM-S M.POD.10.9 ISO7380-2;st-stal-weglowa;327;3;171
1333080050TXB10T;W08.0X050-WP-TX-B M.PODK.10.9 ~ISO7380-2;;1333;W08.0X050-WP-TX-B M.PODK.10.9 ~ISO7380-2;st-stal-weglowa;327;3;171
1333080060IMB10IT;W08.0X060-WP-IM-B M.POD.10.9 ISO7380-2;;1333;W08.0X060-WP-IM-B M.POD.10.9 ISO7380-2;st-stal-weglowa;327;3;171
1333080060IMS10IT;W08.0X060-WP-IM-S M.POD.10.9 ISO7380-2;;1333;W08.0X060-WP-IM-S M.POD.10.9 ISO7380-2;st-stal-weglowa;327;3;171
1333080070IMR10IT;W08.0X070-WP-IM-R M.POD.10.9 ISO7380-2;;1333;W08.0X070-WP-IM-R M.POD.10.9 ISO7380-2;st-stal-weglowa;327;3;171
1333080070IMRC10IT;W08.0X070-WP-IM-RC M.POD.10.9 ISO7380-2;;1333;W08.0X070-WP-IM-RC M.POD.10.9 ISO7380-2;st-stal-weglowa;327;3;171
1333080080IMR10IT;W08.0X080-WP-IM-R M.POD.10.9 ISO7380-2;;1333;W08.0X080-WP-IM-R M.POD.10.9 ISO7380-2;st-stal-weglowa;327;3;171
1333080080IMRC10IT;W08.0X080-WP-IM-RC M.POD.10.9 ISO7380-2;;1333;W08.0X080-WP-IM-RC M.POD.10.9 ISO7380-2;st-stal-weglowa;327;3;171
1333100016IMB10IS;W10.0X016-WP-IM-B M.POD.10.9 ISO7380-2;;1333;W10.0X016-WP-IM-B M.POD.10.9 ISO7380-2;st-stal-weglowa;327;3;171
1333100016IMB10IT;W10.0X016-WP-IM-B M.POD.10.9 ISO7380-2;;1333;W10.0X016-WP-IM-B M.POD.10.9 ISO7380-2;st-stal-weglowa;327;3;171
1333100020IMB10IS;W10.0X020-WP-IM-B M.POD.10.9 ISO7380-2;;1333;W10.0X020-WP-IM-B M.POD.10.9 ISO7380-2;st-stal-weglowa;327;3;171
1333100020IMR10IT;W10.0X020-WP-IM-R M.POD.10.9 ISO7380-2;;1333;W10.0X020-WP-IM-R M.POD.10.9 ISO7380-2;st-stal-weglowa;327;3;171
1333100025IMB10IS;W10.0X025-WP-IM-B M.POD.10.9 ISO7380-2;;1333;W10.0X025-WP-IM-B M.POD.10.9 ISO7380-2;st-stal-weglowa;327;3;171
1333100025IMB10IT;W10.0X025-WP-IM-B M.POD.10.9 ISO7380-2;;1333;W10.0X025-WP-IM-B M.POD.10.9 ISO7380-2;st-stal-weglowa;327;3;171
1333100025IMR10IT;W10.0X025-WP-IM-R M.POD.10.9 ISO7380-2;;1333;W10.0X025-WP-IM-R M.POD.10.9 ISO7380-2;st-stal-weglowa;327;3;171
1333100025IMRC10IT;W10.0X025-WP-IM-RC M.POD.10.9 ISO7380-2;;1333;W10.0X025-WP-IM-RC M.POD.10.9 ISO7380-2;st-stal-weglowa;327;3;171
1333100030IMB10IT;W10.0X030-WP-IM-B M.POD.10.9 ISO7380-2;;1333;W10.0X030-WP-IM-B M.POD.10.9 ISO7380-2;st-stal-weglowa;327;3;171
1333100030IMR10IT;W10.0X030-WP-IM-R M.POD.10.9 ISO7380-2;;1333;W10.0X030-WP-IM-R M.POD.10.9 ISO7380-2;st-stal-weglowa;327;3;171
1333100040IMB10IT;W10.0X040-WP-IM-B M.POD.10.9 ISO7380-2;;1333;W10.0X040-WP-IM-B M.POD.10.9 ISO7380-2;st-stal-weglowa;327;3;171
1333100040IMRC10IT;W10.0X040-WP-IM-RC M.POD.10.9 ISO7380-2;;1333;W10.0X040-WP-IM-RC M.POD.10.9 ISO7380-2;st-stal-weglowa;327;3;171
1333100050IMB10IT;W10.0X050-WP-IM-B M.POD.10.9 ISO7380-2;;1333;W10.0X050-WP-IM-B M.POD.10.9 ISO7380-2;st-stal-weglowa;327;3;171
1333100060IMRC10IT;W10.0X060-WP-IM-RC M.POD.10.9 ISO7380-2;;1333;W10.0X060-WP-IM-RC M.POD.10.9 ISO7380-2;st-stal-weglowa;327;3;171
1333100070IMRC10IT;W10.0X070-WP-IM-RC M.POD.10.9 ISO7380-2;;1333;W10.0X070-WP-IM-RC M.POD.10.9 ISO7380-2;st-stal-weglowa;327;3;171
1333120030IMR10IT;W12.0X030-WP-IM-R M.POD.10.9 ISO7380-2;;1333;W12.0X030-WP-IM-R M.POD.10.9 ISO7380-2;st-stal-weglowa;327;3;171
1333120035IMB10IS;W12.0X035-WP-IM-B M.POD.10.9 ISO7380-2;;1333;W12.0X035-WP-IM-B M.POD.10.9 ISO7380-2;st-stal-weglowa;327;3;171
1333120060IMB10IT;W12.0X060-WP-IM-B M.POD.10.9 ISO7380-2;;1333;W12.0X060-WP-IM-B M.POD.10.9 ISO7380-2;st-stal-weglowa;327;3;171
1333120080IMB10IT;W12.0X080-WP-IM-B  M.PODK.10.9 ISO7380-2;;1333;W12.0X080-WP-IM-B  M.PODK.10.9 ISO7380-2;st-stal-weglowa;327;3;171
1338040016IMS12T;W04.0X016-WS-IM-S-12.9 STOZ.ISO10642;;1338;Wkręt metryczny z łbem stożkowym, wgłębieniem imbusowym z gwintem na całości W04.0X016-WS-IM-S-12.9 STOZ.ISO10642;st-stal-weglowa;577;2;572
1338040040TXB88T;W04.0X040-WS-TX-B-08.8 STOZ.ISO14581;;1338;Wkręt metryczny z łbem stożkowym, wgłębieniem imbusowym z gwintem na całości W04.0X040-WS-TX-B-08.8 STOZ.ISO14581;st-stal-weglowa;577;2;572
1338060016IMA10K;W06.0X016-WS-IM-A-10.9 STOZ.DIN7991;;1338;Wkręt metryczny z łbem stożkowym, wgłębieniem imbusowym z gwintem na całości W06.0X016-WS-IM-A-10.9 STOZ.DIN7991;st-stal-weglowa;577;2;572
1338060050IMB10DLT;W06.0X050-WS-IM-B-18-10.9 DIN7991 D-L;;1338;Wkręt metryczny z łbem stożkowym, wgłębieniem imbusowym z gwintem na całości W06.0X050-WS-IM-B-18-10.9 DIN7991 D-L;st-stal-weglowa;577;2;572
1338080020IMBOC12T;W08.0X020-WS-IM-B-10.9  OC12 DIN7991;;1338;Wkręt metryczny z łbem stożkowym, wgłębieniem imbusowym z gwintem na całości W08.0X020-WS-IM-B-10.9  OC12 DIN7991;st-stal-weglowa;577;2;572
1399030010ZWB963T;W03.0X010-WS-ZW-B DIN963;;1399;Wkręty metryczne - inne W03.0X010-WS-ZW-B DIN963;st-stal-weglowa;72;2;57
1399040012BPHT;W04.0X012-WPM-PH-B WKR METR BN4825;;1399;Wkręty metryczne - inne W04.0X012-WPM-PH-B WKR METR BN4825;st-stal-weglowa;72;2;57
1399050012B88TXBT;W05.0X012-WW-TX-B-08.8 D7985D6902D6904;;1399;Wkręty metryczne - inne W05.0X012-WW-TX-B-08.8 D7985D6902D6904;st-stal-weglowa;72;2;57
1399060020IMS10BNT;W06.0X020-IWW-M-S-10.9 METR.WALC.BN1206;;1399;Wkręty metryczne - inne W06.0X020-IWW-M-S-10.9 METR.WALC.BN1206;st-stal-weglowa;72;2;57
1399060050TXB1458T;W06.0X050-WW-TX-B METR.WALC. ISO14583;;1399;Wkręty metryczne - inne W06.0X050-WW-TX-B METR.WALC. ISO14583;st-stal-weglowa;72;2;57
1399080004B58D923T;W08.0X04/10-ZW-B-05.8 WKRET PAS. DIN923;;1399;Wkręty metryczne - inne W08.0X04/10-ZW-B-05.8 WKRET PAS. DIN923;st-stal-weglowa;72;2;57
1399080005B58D923T;W08.0X05/10-ZW-B-05.8 WKRET PAS. DIN923;;1399;Wkręty metryczne - inne W08.0X05/10-ZW-B-05.8 WKRET PAS. DIN923;st-stal-weglowa;72;2;57
1399080006S58D923T;W08.0X06/11-ZW-S-05.8 WKRET PAS. DIN923 ;;1399;Wkręty metryczne - inne W08.0X06/11-ZW-S-05.8 WKRET PAS. DIN923;st-stal-weglowa;72;2;57
1399080008S58D923T;W08.0X08/11-ZW-S-05.8 WKRET PAS. DIN923 ;;1399;Wkręty metryczne - inne W08.0X08/11-ZW-S-05.8 WKRET PAS. DIN923;st-stal-weglowa;72;2;57
1399080010S58D923T;W08.0X10/11-ZW-S-05.8 WKRET PAS. DIN923;;1399;Wkręty metryczne - inne W08.0X10/11-ZW-S-05.8 WKRET PAS. DIN923;st-stal-weglowa;72;2;57
1399080012B58D923T;W08.0X12/11-ZW-B-05.8 WKRET PAS. DIN923 ;;1399;Wkręty metryczne - inne W08.0X12/11-ZW-B-05.8 WKRET PAS. DIN923;st-stal-weglowa;72;2;57
1399080016B58D923T;W08.0X16/11-ZW-B-05.8 WKRET PAS. DIN923;;1399;Wkręty metryczne - inne W08.0X16/11-ZW-B-05.8 WKRET PAS. DIN923;st-stal-weglowa;72;2;57
1399080020B58D923T;W08.0X20/11-ZW-B-05.8 WKRET PAS. DIN923;;1399;Wkręty metryczne - inne W08.0X20/11-ZW-B-05.8 WKRET PAS. DIN923;st-stal-weglowa;72;2;57
1399100050ZWB963T;W10X050-WS-ZW-B DIN963;;1399;Wkręty metryczne - inne W10X050-WS-ZW-B DIN963;st-stal-weglowa;72;2;57
1399100060ZWB963T;W10.0X060-WS-ZW-B DIN963;;1399;Wkręty metryczne - inne W10.0X060-WS-ZW-B DIN963;st-stal-weglowa;72;2;57
1401040090BD12$HIT;P04.0X09.0X0.8-B  PODKLADKA DIN125 SORT;;1401;Podkładka okrągła zgrubna P04.0X09.0X0.8-B  PODKLADKA DIN125 SORT;;602;2;592
1401050100CD125KT;P05.0X10.0X1.0-C DIN125  KARWALA;;1401;Podkładka okrągła zgrubna P05.0X10.0X1.0-C DIN125  KARWALA;;602;2;592
1401060120GBD125T;P06.0X12.0X1.6-BG 8M 72H/144H PODK.D125;;1401;Podkładka okrągła zgrubna P06.0X12.0X1.6-BG 8M 72H/144H PODK.D125;;602;2;592
1401060BP2G360CK;P06.0X12.0X1.6B POD.P2G360H/C DIN125;;1401;Podkładka okrągła zgrubna P06.0X12.0X1.6B POD.P2G360H/C DIN125;;602;2;592
1401080160G2HD125K;P08.0X16.0X1.6-G PODKLADKA DIN125 200HV;;1401;Podkładka okrągła zgrubna P08.0X16.0X1.6-G PODKLADKA DIN125 200HV;;602;2;592
1401080BP2G360CK;P08.0X16.0X1.6B POD.P2G360H/C DIN125;;1401;Podkładka okrągła zgrubna P08.0X16.0X1.6B POD.P2G360H/C DIN125;;602;2;592
1401160S3HD125T;P16.0X30.0X3.0-S PODKLADKA DIN125 300HV;;1401;Podkładka okrągła zgrubna P16.0X30.0X3.0-S PODKLADKA DIN125 300HV;;602;2;592
1401300560BD125K;P30.0X56.0X4.0-B PODKLADKA DIN125;;1401;Podkładka okrągła zgrubna P30.0X56.0X4.0-B PODKLADKA DIN125;;602;2;592
1401300560GH2I708T;P31.0X56.0X4.0-G PODKLAD.ISO7089 200HV;;1401;Podkładka okrągła zgrubna P31.0X56.0X4.0-G PODKLAD.ISO7089 200HV;;602;2;592
1401330SD125K;P33.0X60.0X5.0-S PODKLADKA DIN125;;1401;Podkładka okrągła zgrubna P33.0X60.0X5.0-S PODKLADKA DIN125;;602;2;592
1499040076BD128T;P04.0X7.6X0.8-OC.MECH. PODKLADKA DIN128;;1499;Podkładki - inne P04.0X7.6X0.8-OC.MECH. PODKLADKA DIN128;;513;6;442
1499050020125BBLT;P05.0X20.0X1.25-B PODKL. BLOTNIKOWA;;1499;Podkładki - inne P05.0X20.0X1.25-B PODKL. BLOTNIKOWA;;513;6;442
1499050BT;P05.0X40.0X1.0-B POD.;;1499;Podkładki - inne P05.0X40.0X1.0-B POD.;;513;6;442
1499050CSCHST;P05.0-PODKL ZABEZP. SCHNORR S-CZERNIONA;;1499;Podkładki - inne P05.0-PODKL ZABEZP. SCHNORR S-CZERNIONA;;513;6;442
1499050PAD9021T;P05.3X15.0X1.2-POLIAMID PODKLADK DIN9021;;1499;Podkładki - inne P05.3X15.0X1.2-POLIAMID PODKLADK DIN9021;;513;6;442
1499050PPD125T;P05.0X10.0X1.0-POLIAMID PODKLADKA DIN125;;1499;Podkładki - inne P05.0X10.0X1.0-POLIAMID PODKLADKA DIN125;;513;6;442
1499060020125BBLT;P06.0X20.0X1.25-B PODKL. BLOTNIKOWA;;1499;Podkładki - inne P06.0X20.0X1.25-B PODKL. BLOTNIKOWA;;513;6;442
1499060025125BBLT;P06.0X25.0X1.25-B  PODKL. BLOTNIKOWA;;1499;Podkładki - inne P06.0X25.0X1.25-B  PODKL. BLOTNIKOWA;;513;6;442
14990601005BT;P06.0X10X0.5-B PODKL. 100HV;;1499;Podkładki - inne P06.0X10X0.5-B PODKL. 100HV;;513;6;442
149906012006F2093T;P06.2X12.0X0.6 F PODKL.TALERZ. DIN2093;;1499;Podkładki - inne P06.2X12.0X0.6 F PODKL.TALERZ. DIN2093;;513;6;442
1499060180SD7349T;P06.0X18.0X3.3-S PODKLADKA DIN7349;;1499;Podkładki - inne P06.0X18.0X3.3-S PODKLADKA DIN7349;;513;6;442
1499060CSCHST;P06.0-PODKL ZABEZP. SCHNORR S-CZERNIONA;;1499;Podkładki - inne P06.0-PODKL ZABEZP. SCHNORR S-CZERNIONA;;513;6;442
1499060GB12HD433T;P06.4X11.0X1.6-GB12  192H DIN433 200HV;;1499;Podkładki - inne P06.4X11.0X1.6-GB12  192H DIN433 200HV;;513;6;442
1499060SCHST;P06.0 PODKL ZABEZP. SCHNORR S;;1499;Podkładki - inne P06.0 PODKL ZABEZP. SCHNORR S;;513;6;442
1499064150015BT;P06.4X015X1.5B PODKLADKA SPECJALNA;;1499;Podkładki - inne P06.4X015X1.5B PODKLADKA SPECJALNA;;513;6;442
1499080152020BK;P08.2X15.2X2.0-B PODKLADKA;;1499;Podkładki - inne P08.2X15.2X2.0-B PODKLADKA;;513;6;442
1499080160016GUMT;PODKLADKA GUMOWA 8.0X16.0X1.6;;1499;Podkładki - inne PODKLADKA GUMOWA 8.0X16.0X1.6;;513;6;442
14990801700200PACT;P08.0X17.0X2.0 PODKLADKA PA CZARNA;;1499;Podkładki - inne P08.0X17.0X2.0 PODKLADKA PA CZARNA;;513;6;442
1499080200040G3HT;P08.0X20.0X4.0-G 300HV PODK. RYS.017-25;;1499;Podkładki - inne P08.0X20.0X4.0-G 300HV PODK. RYS.017B-25;;513;6;442
1499080200040ST;P08.0X20.0X4.0-S PODKLADKA RYS.017-25;;1499;Podkładki - inne P08.0X20.0X4.0-S PODKLADKA RYS.017B-25;;513;6;442
1499080250020GUMT;PODKLADKA GUMOWA 8.0X24.0X2.0;;1499;Podkładki - inne PODKLADKA GUMOWA 8.0X24.0X2.0;;513;6;442
1499080320020BK;P08.4X32X2-B- PODKLADKA;;1499;Podkładki - inne P08.4X32X2-B- PODKLADKA;;513;6;442
1499082180D2093ST;P08.2X18.0X01.0S PODK.TALER.DIN2093;;1499;Podkładki - inne P08.2X18.0X01.0S PODK.TALER.DIN2093;;513;6;442
1499100030150BBLT;P10.0X30.0X1.50-B  PODKL. BLOTNIKOWA ;;1499;Podkładki - inne P10.0X30.0X1.50-B  PODKL. BLOTNIKOWA;;513;6;442
1499100100BF22S;P100X100X15-B FI22 Rys.;;1499;Podkładki - inne P100X100X15-B FI22 Rys.;;513;6;442
1499100100SF25S;P100X100X15-S FI25 Rys.;;1499;Podkładki - inne P100X100X15-S FI25 Rys.;;513;6;442
1499100160100N988T;P10.0X16.0X1.0-N PODKLADKA DIN988;;1499;Podkładki - inne P10.0X16.0X1.0-N PODKLADKA DIN988;;513;6;442
1499100240050G3HT;P10.0X24.0X5.0-G 300HV PODK. RYS.017-25;;1499;Podkładki - inne P10.0X24.0X5.0-G 300HV PODK. RYS.017B-25;;513;6;442
1499100240050ST;P10.0X24.0X5.0-S PODKLADKA RYS.017-25;;1499;Podkładki - inne P10.0X24.0X5.0-S PODKLADKA RYS.017B-25;;513;6;442
1499100250022B2HT;P10.0X25.0X2.2-B 200HV PODK. RYS.139-25;;1499;Podkładki - inne P10.0X25.0X2.2-B 200HV PODK. RYS.139-25;;513;6;442
1499100300025GUMT;PODKLADKA GUMOWA 10.0X30.0X2.5;;1499;Podkładki - inne PODKLADKA GUMOWA 10.0X30.0X2.5;;513;6;442
1499100300050G3HT;P10.0X30.0X5.0-G 300HV PODK. RYS.017-25;;1499;Podkładki - inne P10.0X30.0X5.0-G 300HV PODK. RYS.017B-25;;513;6;442
1499100300050ST;P10.0X30.0X5.0-S PODKLADKA RYS.017-25;;1499;Podkładki - inne P10.0X30.0X5.0-S PODKLADKA RYS.017B-25;;513;6;442
1499100BAN0081T;P10.5X40.0X01.5-B- AN-0081;;1499;Podkładki - inne P10.5X40.0X01.5-B- AN-0081;;513;6;442
1499100BOC15D434S;P10.0X22.0X3.8-B  PODK. KLIN DIN434 OC15;;1499;Podkładki - inne P10.0X22.0X3.8-B  PODK. KLIN DIN434 OC15;;513;6;442
1499120058BD1052T;P12.0X58.0X6.0B PODKLADKA DIN1052;;1499;Podkładki - inne P12.0X58.0X6.0B PODKLADKA DIN1052;;513;6;442
1499120200BD433T;P12.0X20.0X2.0B PODKLADKA DIN433;;1499;Podkładki - inne P12.0X20.0X2.0B PODKLADKA DIN433;;513;6;442
1499120200BI8738T;P12.0X20.0X3.0-B PODKLADKA ISO8738;;1499;Podkładki - inne P12.0X20.0X3.0-B PODKLADKA ISO8738;;513;6;442
1499120300060G3HT;P12.0X30.0X6.0-G-300HV PODK. RYS.017-25;;1499;Podkładki - inne P12.0X30.0X6.0-G-300HV PODK. RYS.017B-25;;513;6;442
1499120300060ST;P12.0X30.0X6.0-S PODKLADKA RYS.017-25;;1499;Podkładki - inne P12.0X30.0X6.0-S PODKLADKA RYS.017B-25;;513;6;442
1499120300BD7349T;P12.0X30.0X6.0-B  PODKLADKA DIN7349;;1499;Podkładki - inne P12.0X30.0X6.0-B  PODKLADKA DIN7349;;513;6;442
1499120370060G3HT;P12.0X37.0X6.0-G-300HV PODK. RYS.017-25;;1499;Podkładki - inne P12.0X37.0X6.0-G-300HV PODK. RYS.017B-25;;513;6;442
1499120370060ST;P12.0X37.0X6.0-S PODKLADKA RYS.017-25;;1499;Podkładki - inne P12.0X37.0X6.0-S PODKLADKA RYS.017B-25;;513;6;442
1499120B2HD433T;P12.0X20.0X2.0-B  PODKLADKA DIN433 200HV;;1499;Podkładki - inne P12.0X20.0X2.0-B  PODKLADKA DIN433 200HV;;513;6;442
1499120BD128AT;P12.0X21.1X2.1-B PODKLADKA DIN128A;;1499;Podkładki - inne P12.0X21.1X2.1-B PODKLADKA DIN128A;;513;6;442
1499130040150BBLT;P13.0X40.0X1.50-B PODKL. BLOTNIKOWA;;1499;Podkładki - inne P13.0X40.0X1.50-B PODKL. BLOTNIKOWA;;513;6;442
1499160380020CT;P16.0X38.0X2.0-C PODKLADKA KWA.;;1499;Podkładki - inne P16.0X38.0X2.0-C PODKLADKA KWA.;;513;6;442
14991604006BS355K;P16.0X40.0X6.0-B PODKLADKA SPEC. STAL355;;1499;Podkładki - inne P16.0X40.0X6.0-B PODKLADKA SPEC. STAL355;;513;6;442
1499160BD93T;P16.0B PODKLADKA ODGINANA DIN93;;1499;Podkładki - inne P16.0B PODKLADKA ODGINANA DIN93;;513;6;442
1499160NYLI7089T;P16.0X30.0X3.0-NYLON PODKLADKA ISO 7089;;1499;Podkładki - inne P16.0X30.0X3.0-NYLON PODKLADKA ISO 7089;;513;6;442
1499160PAD125T;P16.0X30.0X3.0-POLIAMID PODKLADKA DIN125;;1499;Podkładki - inne P16.0X30.0X3.0-POLIAMID PODKLADKA DIN125;;513;6;442
1499170240200S988T;P17.0X24.0X2.0S     PODKLADKA DIN988;;1499;Podkładki - inne P17.0X24.0X2.0S     PODKLADKA DIN988;;513;6;442
1499180280BI8738T;P18.0X28.0X4.0-B PODKLADKA ISO8738;;1499;Podkładki - inne P18.0X28.0X4.0-B PODKLADKA ISO8738;;513;6;442
1499180300BD433T;P18.0X30.0X2.5B PODKLADKA DIN433;;1499;P18.0X30.0X2.5B PODKLADKA DIN433;;513;6;442
14991804006BS355K;P18.0X40.0X6.0-B PODKLADKA SPEC. STAL355;;1499;Podkładki - inne P18.0X40.0X6.0-B PODKLADKA SPEC. STAL355;;513;6;442
14991830237SPFALT;P18.3X23.7X0.3 PODKL.SPR.FALIST. 017C/20;;1499;Podkładki - inne P18.3X23.7X0.3 PODKL.SPR.FALIST. 017C/20;;513;6;442
1499200320SD1440T;P20.0X32.0X4.0-S PODKLADKA DIN1440;;1499;Podkładki - inne P20.0X32.0X4.0-S PODKLADKA DIN1440;;513;6;442
14992004006BS355K;P20.0X40.0X6.0-B PODKLADKA SPEC. STAL355;;1499;Podkładki - inne P20.0X40.0X6.0-B PODKLADKA SPEC. STAL355;;513;6;442
1499200BD128AT;P24.0X33.6X5.9-B PODKLADKA DIN128A;;1499;Podkładki - inne P24.0X33.6X5.9-B PODKLADKA DIN128A;;513;6;442
1499200PAD125T;P20.0X37.0X3.0-POLIAMID PODKLADKA DIN125;;1499;Podkładki - inne P20.0X37.0X3.0-POLIAMID PODKLADKA DIN125;;513;6;442
1499200PAD34816T;P20.0X56.0X4.0 PODKLADKA PA DIN34816;;1499;Podkładki - inne P20.0X56.0X4.0 PODKLADKA PA DIN34816;;513;6;442
1499200SD6319DT;P020.0-S  PODKLADKA DIN6319D;;1499;Podkładki - inne P020.0-S  PODKLADKA DIN6319D;;513;6;442
149921231215BK;P21.2X31.2X1.5-B PODKLADKA;;1499;Podkładki - inne P21.2X31.2X1.5-B PODKLADKA;;513;6;442
149924060BD6340T;P24.0X60.0X8.0-B  PODKLADKA DIN6340;;1499;Podkładki - inne P24.0X60.0X8.0-B  PODKLADKA DIN6340;;513;6;442
1499315163175FDT;P31.5X16.3X1.75F PODKL.TALERZ. DIN2093;;1499;Podkładki - inne P31.5X16.3X1.75F PODKL.TALERZ. DIN2093;;513;6;442
1499340123SD2093T;P34.0X12.3X1.25S PODKL.TALERZ. DIN2093;;1499;Podkładki - inne P34.0X12.3X1.25S PODKL.TALERZ. DIN2093;;513;6;442
1499360SCHS;P36.0 PODKL ZABEZP. SCHNORR;;1499;Podkładki - inne P36.0 PODKL ZABEZP. SCHNORR;;513;6;442
1499400500SD988T;P40.0X50.0X1.0-S PODKLADKA DIN988;;1499;Podkładki - inne P40.0X50.0X1.0-S PODKLADKA DIN988;;513;6;442
149940070030BT;P40.0X70.0X3.0B PODKLADKA;;1499;Podkładki - inne P40.0X70.0X3.0B PODKLADKA;;513;6;442
1499510382BT;P05.1X08.2X1.2-B  PODKLADKA ~PN82008;;1499;Podkładki - inne P05.1X08.2X1.2-B  PODKLADKA ~PN82008;;513;6;442
1499650850150S988T;P65.0X85.0X1.5S PODKLADKA DIN988;;1499;Podkładki - inne P65.0X85.0X1.5S PODKLADKA DIN988;;513;6;442
1501035BD934T;NM 3.5B NAKRETKA DIN934;;1501;Nakrętka 6-kątna NM 3.5B NAKRETKA DIN934;;857;4;801
1501040CUD934T;NM 4CU NAKRETKA DIN934;;1501;Nakrętka 6-kątna NM 4CU NAKRETKA DIN934;;857;4;801
1501050B08D934K;2-NM 5B-KL.8  NAKRETKA DIN934+;;1501;Nakrętka 6-kątna 2-NM 5B-KL.8  NAKRETKA DIN934+;;857;4;801
1501050BD934F07T;NM 5B  NAKRETKA DIN934 F07;;1501;Nakrętka 6-kątna NM 5B  NAKRETKA DIN934 F07;;857;4;801
1501050BD934K;2-NM 5B  NAKRETKA DIN934+;;1501;Nakrętka 6-kątna 2-NM 5B  NAKRETKA DIN934+;;857;4;801
1501050S10D934T;NM 5S-KL.10  NAKRETKA DIN934;;1501;Nakrętka 6-kątna NM 5S-KL.10  NAKRETKA DIN934;;857;4;801
1501060BD934F07T;NM 6B  NAKRETKA DIN934 F07;;1501;Nakrętka 6-kątna NM 6B  NAKRETKA DIN934 F07;;857;4;801
1501060BD934K;2-NM 6B  NAKRETKA DIN934+;;1501;Nakrętka 6-kątna 2-NM 6B  NAKRETKA DIN934+;;857;4;801
1501060CD934OC08T;NM 6C NAKRETKA DIN934 OC.8MIK;;1501;Nakrętka 6-kątna NM 6C NAKRETKA DIN934 OC.8MIK;;857;4;801
1501070B8D934T;NM 7B-KL.8  NAKRETKA DIN934;;1501;Nakrętka 6-kątna NM 7B-KL.8  NAKRETKA DIN934;;857;4;801
1501080B08D934K;2-NM 8B-KL.8  NAKRETKA DIN934+;;1501;Nakrętka 6-kątna 2-NM 8B-KL.8  NAKRETKA DIN934+;;857;4;801
1501080B08I4032T;NM 8B-KL.8 NAKRETKA ISO4032;;1501;Nakrętka 6-kątna NM 8B-KL.8 NAKRETKA ISO4032;;857;4;801
1501080BD934F07T;NM 8B  NAKRETKA DIN934 F07;;1501;Nakrętka 6-kątna NM 8B  NAKRETKA DIN934 F07;;857;4;801
1501080BD934K;2-NM 8B  NAKRETKA DIN934+;;1501;Nakrętka 6-kątna 2-NM 8B  NAKRETKA DIN934+;;857;4;801
1501080SD934T;NM 8S NAKRETKA DIN934;;1501;Nakrętka 6-kątna NM 8S NAKRETKA DIN934;;857;4;801
1501100B08D934K;2-NM10B-KL.8  NAKRETKA DIN934+;;1501;Nakrętka 6-kątna 2-NM10B-KL.8  NAKRETKA DIN934+;;857;4;801
1501100B08I4032T;NM10B-KL.8 NAKRETKA ISO4032;;1501;Nakrętka 6-kątna NM10B-KL.8 NAKRETKA ISO4032;;857;4;801
1501100BD934K;2-NM10B  NAKRETKA DIN934+!;;1501;Nakrętka 6-kątna 2-NM10B  NAKRETKA DIN934+;;857;4;801
1501100BG72144T;NM10BG  NAKRETKA DIN934  72/144;;1501;Nakrętka 6-kątna NM10BG  NAKRETKA DIN934  72/144;;857;4;801
1501100GB8D934F18T;NM10BG8 NAKRETKA DIN934 MC506 F18;;1501;Nakrętka 6-kątna NM10BG8 NAKRETKA DIN934 MC506 F18;;857;4;801
1501100GB8D934T;NM10GB8 NAKRETKA DIN934 MC506;;1501;Nakrętka 6-kątna NM10GB8 NAKRETKA DIN934 MC506;;857;4;801
1501100S10LD934T;NM10S-KL.10 NAKRETKA DIN934 LEWOZWOJNA;;1501;Nakrętka 6-kątna NM10S-KL.10 NAKRETKA DIN934 LEWOZWOJNA;;857;4;801
1501100SD934T;NM 10S NAKRETKA DIN934;;1501;Nakrętka 6-kątna NM 10S NAKRETKA DIN934;;857;4;801
1501120B08D934K;2-NM12B-KL.8  NAKRETKA DIN934+;;1501;Nakrętka 6-kątna 2-NM12B-KL.8  NAKRETKA DIN934+;;857;4;801
1501120B08I4032T;NM12B-KL.8 NAKRETKA ISO4032;;1501;Nakrętka 6-kątna NM12B-KL.8 NAKRETKA ISO4032;;857;4;801
1501120BD934K;2-NM12B  NAKRETKA DIN934+!;;1501;Nakrętka 6-kątna 2-NM12B  NAKRETKA DIN934+;;857;4;801
1501120P2G360C08BK;2-NM12-P2G360C-KL.8-B DIN934 MIN.360H/C;;1501;Nakrętka 6-kątna 2-NM12-P2G360C-KL.8-B DIN934 MIN.360H/C;;857;4;801
1501120R08D934T;NM12R KL.8 NAKRETKA DIN934;;1501;Nakrętka 6-kątna NM12R KL.8 NAKRETKA DIN934;;857;4;801
1501120R8D934T;NM12R-KL.8 NAKRETKA DIN934;;1501;Nakrętka 6-kątna NM12R-KL.8 NAKRETKA DIN934;;857;4;801
1501120S12DIN934T;NM12S-KL.12 NAKRETKA DIN934;;1501;Nakrętka 6-kątna NM12S-KL.12 NAKRETKA DIN934;;857;4;801
1501140BD934K;2-NM14B  NAKRETKA DIN934+;;1501;Nakrętka 6-kątna 2-NM14B  NAKRETKA DIN934+;;857;4;801
1501140SD934T;NM14S   NAKRETKA DIN934;;1501;Nakrętka 6-kątna NM14S   NAKRETKA DIN934;;857;4;801
1501160B08D934K;2-NM16B-KL.8  NAKRETKA DIN934+;;1501;Nakrętka 6-kątna 2-NM16B-KL.8  NAKRETKA DIN934+;;857;4;801
1501160B08I4032T;NM16B-KL.8 NAKRETKA ISO4032;;1501;Nakrętka 6-kątna NM16B-KL.8 NAKRETKA ISO4032;;857;4;801
1501160B8D934T;NM 16B-KL.8 NAKRETKA DIN934;;1501;Nakrętka 6-kątna NM 16B-KL.8 NAKRETKA DIN934;;857;4;801
1501160BD934K;2-NM16B  NAKRETKA DIN934+!;;1501;Nakrętka 6-kątna 2-NM16B  NAKRETKA DIN934+;;857;4;801
1501160BD934OC12K;2-NM16B NAKRETKA DIN934 12MIK;;1501;Nakrętka 6-kątna 2-NM16B NAKRETKA DIN934 12MIK;;857;4;801
1501160G08D934K;NM16G-KL.8 NAKRETKA DIN934;;1501;Nakrętka 6-kątna NM16G-KL.8 NAKRETKA DIN934;;857;4;801
1501200B08D934K;2-NM20B-KL.8  NAKRETKA DIN934+;;1501;Nakrętka 6-kątna 2-NM20B-KL.8  NAKRETKA DIN934+;;857;4;801
1501200B08I4032T;NM20B-KL.8 NAKRETKA ISO4032;;1501;Nakrętka 6-kątna NM20B-KL.8 NAKRETKA ISO4032;;857;4;801
1501200BD934K;2-NM20B  NAKRETKA DIN934+;;1501;Nakrętka 6-kątna 2-NM20B  NAKRETKA DIN934+;;857;4;801
1501240B08D934K;2-NM24B-KL.8  NAKRETKA DIN934+;;1501;Nakrętka 6-kątna 2-NM24B-KL.8  NAKRETKA DIN934+;;857;4;801
1501240B08I4032T;NM24B-KL.8 NAKRETKA ISO4032;;1501;Nakrętka 6-kątna NM24B-KL.8 NAKRETKA ISO4032;;857;4;801
1501240BD934K;2-NM24B  NAKRETKA DIN934+;;1501;Nakrętka 6-kątna 2-NM24B  NAKRETKA DIN934+;;857;4;801
1501300B08I4032T;NM30B-KL.8 NAKRETKA ISO4032;;1501;Nakrętka 6-kątna NM30B-KL.8 NAKRETKA ISO4032;;857;4;801
1501330B8D934T;NM 33B-KL.8 NAKRETKA DIN934;;1501;Nakrętka 6-kątna NM 33B-KL.8 NAKRETKA DIN934;;857;4;801
1501360B08I4032T;NM36B-KL.8 NAKRETKA ISO4032;;1501;Nakrętka 6-kątna NM36B-KL.8 NAKRETKA ISO4032;;857;4;801
1501360R12D934T;NM36R-KL.12 NAKRETKA DIN934;;1501;Nakrętka 6-kątna NM36R-KL.12 NAKRETKA DIN934;;857;4;801
1501390B08D934T;NM39B-KL.8 NAKRETKA DIN934;;1501;Nakrętka 6-kątna NM39B-KL.8 NAKRETKA DIN934;;857;4;801
1501390GF08D934K;2-NM39G-KL.8  NAKRETKA DIN934 ISO FIT;;1501;2-NM39G-KL.8  NAKRETKA DIN934 ISO FIT;;857;4;801
1501390GF08D934S;2-NM39G-KL.8  NAKRETKA DIN934 ISO FIT;;1501;Nakrętka 6-kątna 2-NM39G-KL.8  NAKRETKA DIN934 ISO FIT;;857;4;801
1501420B08D934T;NM42B-KL.8 NAKRETKA DIN934;;1501;Nakrętka 6-kątna NM42B-KL.8 NAKRETKA DIN934;;857;4;801
1501450B08D934T;NM45B-KL.8 NAKRETKA DIN934;;1501;Nakrętka 6-kątna NM45B-KL.8 NAKRETKA DIN934;;857;4;801
1501480B08D934T;NM48B-KL.8 NAKRETKA DIN934;;1501;Nakrętka 6-kątna NM48B-KL.8 NAKRETKA DIN934;;857;4;801
1501720S10D934T;NM72S-KL.10 NAKRETKA DIN934;;1501;Nakrętka 6-kątna NM72S-KL.10 NAKRETKA DIN934;;857;4;801
1501NAWAGEK;NAKRETKI NA WAGE ROZNE;;1501;Nakrętka 6-kątna NAKRETKI NA WAGE ROZNE;;857;4;801
1502040012B~D6334T;NLACZ-M 4X12B POD KLUCZ 7 NAKRETKA LACZN;;1502;Nakrętka 6-kątna łącznikowa NLACZ-M 4X12B POD KLUCZ 7 NAKRETKA LACZN;;47;3;39
1502060040BT;NLACZ-M 6X40B  NAKRETKA LACZNIKOWA;;1502;Nakrętka 6-kątna łącznikowa NLACZ-M 6X40B  NAKRETKA LACZNIKOWA;;47;3;39
1502080024B106334T;NLACZ-M 8X24B KL.10 NAKRETKA LAC.DIN6334;;1502;Nakrętka 6-kątna łącznikowa NLACZ-M 8X24B-KL.10  NAKR.LACZ DIN6334;;47;3;39
1502080030BT;NLACZ-M 8X30B  NAKRETKA LACZNIKOWA;;1502;Nakrętka 6-kątna łącznikowa NLACZ-M 8X30B  NAKRETKA LACZNIKOWA;;47;3;39
1502100040BT;NLACZ-M10X40B NAKRETKA LACZNIKOWA;;1502;Nakrętka 6-kątna łącznikowa NLACZ-M10X40B NAKRETKA LACZNIKOWA;;47;3;39
1502100050BT;NLACZ-M10X50B  NAKRETKA LACZNIKOWA;;1502;Nakrętka 6-kątna łącznikowa NLACZ-M10X50B  NAKRETKA LACZNIKOWA;;47;3;39
1502100060BT;NLACZ-M10X60B  NAKRETKA LACZNIKOWA;;1502;Nakrętka 6-kątna łącznikowa NLACZ-M10X60B  NAKRETKA LACZNIKOWA;;47;3;39
1502140042SD6334S;NLACZ-M14X42S NAKRETKA LACZNIKOWA;;1502;Nakrętka 6-kątna łącznikowa NLACZ-M14X42S NAKRETKA LACZNIKOWA;;47;3;39
1503160SD439T;NM16S  NAKRETKA NISKA DIN439;;1503;Nakrętka 6-kątna niska NM16S  NAKRETKA NISKA DIN439;;162;3;160
1503200GD439T;NM20G  NAKRETKANISKA DIN439;;1503;Nakrętka 6-kątna niska NM20G  NAKRETKANISKA DIN439;;162;3;160
1505040B08D6923T;NM 4B-KL.8 NAKRETKA KOLNIERZOWA DIN6923;;1505;Nakrętka 6-kątna kołnierzowa NM 4B-KL.8 NAKRETKA KOLNIERZOWA DIN6923;;94;2;67
1505050B08D6923T;NM 5B-KL.8 NAKRETKA KOLNIERZOWA DIN6923;;1505;Nakrętka 6-kątna kołnierzowa NM 5B-KL.8 NAKRETKA KOLNIERZOWA DIN6923;;94;2;67
1505050BD6923T;NM 5B  NAKRETKA KOLNIERZO.PN82168 +;;1505;Nakrętka 6-kątna kołnierzowa NM 5B  NAKRETKA KOLNIERZO.PN82168 +;;94;2;67
1505060B08D6923T;NM 6B-KL.8  NAKRETKA KOLNIERZOWA DIN6923;;1505;Nakrętka 6-kątna kołnierzowa NM 6B-KL.8  NAKRETKA KOLNIERZOWA DIN6923;;94;2;67
1505060B8D6923T;NM 6B-KL.8  NAKRETKA KOLNIERZOWA DIN6923;;1505;Nakrętka 6-kątna kołnierzowa NM 6B-KL.8  NAKRETKA KOLNIERZOWA DIN6923;;94;2;67
1505060R10D6923T;NM 6R-KL.10 NAKRETKA KOLNIERZOWA DIN6923;;1505;Nakrętka 6-kątna kołnierzowa NM 6R-KL.10 NAKRETKA KOLNIERZOWA DIN6923;;94;2;67
1505060RC10D6927T;NM 6RC-KL.10 NAKRETKA KOLNIERZ DIN6927;;1505;Nakrętka 6-kątna kołnierzowa NM 6RC-KL.10 NAKRETKA KOLNIERZ DIN6927;;94;2;67
1505080B08D6923T;NM 8B-KL.8  NAKRETKA KOLNIERZOWA DIN6923;;1505;Nakrętka 6-kątna kołnierzowa NM 8B-KL.8  NAKRETKA KOLNIERZOWA DIN6923;;94;2;67
1505080R10D6923T;NM 8R-KL.10 NAKRETKA KOLNIERZOWA DIN6923;;1505;Nakrętka 6-kątna kołnierzowa NM 8R-KL.10 NAKRETKA KOLNIERZOWA DIN6923;;94;2;67
1505080RC10D6927T;NM 8RC-KL.10 NAKRETKA KOLNIERZ DIN6927;;1505;Nakrętka 6-kątna kołnierzowa NM 8RC-KL.10 NAKRETKA KOLNIERZ DIN6927;;94;2;67
1505100B08D6923T;NM10B-KL.8 NAKRETKA KOLNIERZOWA DIN6923;;1505;Nakrętka 6-kątna kołnierzowa NM10B-KL.8 NAKRETKA KOLNIERZOWA DIN6923;;94;2;67
1505100R08D6923T;NM10R-KL.8 NAKRETKA KOLNIERZOWA DIN6923;;1505;Nakrętka 6-kątna kołnierzowa NM10R-KL.8 NAKRETKA KOLNIERZOWA DIN6923;;94;2;67
1505100R10D6923T;NM10R-KL.10 NAKRETKA KOLNIERZOWA DIN6923;;1505;Nakrętka 6-kątna kołnierzowa NM10R-KL.10 NAKRETKA KOLNIERZOWA DIN6923;;94;2;67
1505100RC10D6927T;NM10RC-KL.10 NAKRETKA KOLNIERZ DIN6927;;1505;Nakrętka 6-kątna kołnierzowa NM10RC-KL.10 NAKRETKA KOLNIERZ DIN6927;;94;2;67
1505120B08D6923T;NM12B-KL.8 NAKRETKA KOLNIERZOWA DIN6923;;1505;Nakrętka 6-kątna kołnierzowa NM12B-KL.8 NAKRETKA KOLNIERZOWA DIN6923;;94;2;67
1505120B10D6923T;NM12B-KL.10 NAKRETKA KOLNIERZOWA DIN6923;;1505;Nakrętka 6-kątna kołnierzowa NM12B-KL.10 NAKRETKA KOLNIERZOWA DIN6923;;94;2;67
1505120R10D6923T;NM12R-KL.10 NAKRETKA KOLNIERZOWA DIN6923;;1505;Nakrętka 6-kątna kołnierzowa NM12R-KL.10 NAKRETKA KOLNIERZOWA DIN6923;;94;2;67
1505120RC10D6927T;NM12RC-KL.10 NAKRETKA KOLNIERZ DIN6927;;1505;Nakrętka 6-kątna kołnierzowa NM12RC-KL.10 NAKRETKA KOLNIERZ DIN6927;;94;2;67
1505140B08D6923T;NM14B-KL.8 NAKRETKA KOLNIERZOWA DIN6923;;1505;Nakrętka 6-kątna kołnierzowa NM14B-KL.8 NAKRETKA KOLNIERZOWA DIN6923;;94;2;67
1505140R10D6923T;NM14R-KL.10 NAKRETKA KOLNIERZOWA DIN6923;;1505;Nakrętka 6-kątna kołnierzowa NM14R-KL.10 NAKRETKA KOLNIERZOWA DIN6923;;94;2;67
1505160B08D6923T;NM16B-KL.8 NAKRETKA KOLNIERZOWA DIN6923;;1505;Nakrętka 6-kątna kołnierzowa NM16B-KL.8 NAKRETKA KOLNIERZOWA DIN6923;;94;2;67
1505160R10D6923T;NM16R-KL.10 NAKRETKA KOLNIERZOWA DIN6923;;1505;Nakrętka 6-kątna kołnierzowa NM16R-KL.10 NAKRETKA KOLNIERZOWA DIN6923;;94;2;67
1505200B08D6923T;NM20B-KL.8 NAKRETKA KOLNIERZOWA DIN6923;;1505;Nakrętka 6-kątna kołnierzowa NM20B-KL.8 NAKRETKA KOLNIERZOWA DIN6923;;94;2;67
1505200R08D6923T;NM20R-KL.8 NAKRETKA KOLNIERZOWA DIN6923;;1505;Nakrętka 6-kątna kołnierzowa NM20R-KL.8 NAKRETKA KOLNIERZOWA DIN6923;;94;2;67
1505200R10D6923T;NM20R-KL.10 NAKRETKA KOLNIERZOWA DIN6923;;1505;Nakrętka 6-kątna kołnierzowa NM20R-KL.10 NAKRETKA KOLNIERZOWA DIN6923;;94;2;67
1505240R10D6923S;NM24R-KL.10 NAKRETKA KOLNIERZO. DIN6923;;1505;Nakrętka 6-kątna kołnierzowa NM24R-KL.10 NAKRETKA KOLNIERZO. DIN6923;;94;2;67
1505240R10D6923T;NM24R-KL.10 NAKRETKA KOLNIERZOWA DIN6923;;1505;Nakrętka 6-kątna kołnierzowa NM24R-KL.10 NAKRETKA KOLNIERZOWA DIN6923;;94;2;67
1508050010009BIM4T;NEP-5B-IM-4-LP-M050X010X009-NA.ERICSON;;1508;Nakrętka Ericsona z łbem płaskim NEP-5B-IM-4-LP-M050X010X009-NA.ERICSON;;70;2;64
1508060015010CIM4T;NEP 6C-IM-4-LP-M060X015X010-NAKR.ERICSON;;1508;Nakrętka Ericsona z łbem płaskim NEP 6C-IM-4-LP-M060X015X010-NAKR.ERICSON;;70;2;64
1508060015015OC20T;NEP-6B-IM-5-LP-M060X015X015 NAK.ER 20MIK;;1508;Nakrętka Ericsona z łbem płaskim NEP-6B-IM-5-LP-M060X015X015 NAK.ER 20MIK;;70;2;64
150806001508BOC08T;NEP-6B-IM-4-LP-M060X015X018-NA.E.OC.8MIK;;1508;Nakrętka Ericsona z łbem płaskim NEP-6B-IM-4-LP-M060X015X018-NA.E.OC.8MIK;;70;2;64
15080600150BOC08T;NEP-6B-IM-5-LP-M060X015X012-NA.E.OC.8MIK;;1508;Nakrętka Ericsona z łbem płaskim NEP-6B-IM-5-LP-M060X015X012-NA.E.OC.8MIK;;70;2;64
1508080017011NIM5T;NEP-8N-IM-5-LP-M080X017X11.5-NAK.ERICSON;;1508;Nakrętka Ericsona z łbem płaskim NEP-8N-IM-5-LP-M080X017X11.5-NAK.ERICSON;;70;2;64
1509040RCT;NKM 4RC NAKRETKA KOLPAKOWA DIN1587;;1509;Nakrętka kołpakowa NKM 4RC NAKRETKA KOLPAKOWA DIN1587;;99;4;80
1509040ST;NKM 4S NAKRETKA KOLPAKOWA DIN1587;;1509;Nakrętka kołpakowa NKM 4S NAKRETKA KOLPAKOWA DIN1587;;99;4;80
1509050BD917T;NKM 5B  NAKRETKA KOLPAKOWA NISKA DIN917;;1509;Nakrętka kołpakowa NKM 5B  NAKRETKA KOLPAKOWA NISKA DIN917;;99;4;80
1509050RCT;NKM 5RC NAKRETKA KOLPAKOWA DIN1587;;1509;Nakrętka kołpakowa NKM 5RC NAKRETKA KOLPAKOWA DIN1587;;99;4;80
1509060BK;NKM 6B  NAKRETKA KOLPAKOWA DIN1587;;1509;Nakrętka kołpakowa NKM 6B  NAKRETKA KOLPAKOWA DIN1587;;99;4;80
1509060RCT;NKM 6RC NAKRETKA KOLPAKOWA DIN1587;;1509;Nakrętka kołpakowa NKM 6RC NAKRETKA KOLPAKOWA DIN1587;;99;4;80
150906B08PPBD986T;NKM 6B-KL.8 NAK.KOLP.SAMOZA+PPBIALY D986;;1509;Nakrętka kołpakowa NKM 6B-KL.8 NAK.KOLP.SAMOZA+PPBIALY D986;;99;4;80
1509080BF07T;NKM 8B  NAKRETKA KOLPAKOWA DIN1587  F07;;1509;Nakrętka kołpakowa NKM 8B  NAKRETKA KOLPAKOWA DIN1587  F07;;99;4;80
1509080RCT;NKM 8RC NAKRETKA KOLPAKOWA DIN1587;;1509;Nakrętka kołpakowa NKM 8RC NAKRETKA KOLPAKOWA DIN1587;;99;4;80
1509100RCT;NKM10RC NAKRETKA KOLPAKOWA DIN1587;;1509;Nakrętka kołpakowa NKM10RC NAKRETKA KOLPAKOWA DIN1587;;99;4;80
1509100SD1587T;NKM10S NAKRETKA KOLPAK. DIN1587;;1509;Nakrętka kołpakowa NKM10S NAKRETKA KOLPAK. DIN1587;;99;4;80
1509120RCT;NKM12RC NAKRETKA KOLPAKOWA DIN1587;;1509;Nakrętka kołpakowa NKM12RC NAKRETKA KOLPAKOWA DIN1587;;99;4;80
1509160B08D986T;NKM16B-KL.8 NAKR.KOLPAK.SAMOZAB.DIN986;;1509;Nakrętka kołpakowa NKM16B-KL.8 NAKR.KOLPAK.SAMOZAB.DIN986;;99;4;80
1509160MT;NKM16M NAKRETKA KOLPAKOWA DIN1587;;1509;Nakrętka kołpakowa NKM16M NAKRETKA KOLPAKOWA DIN1587;;99;4;80
1509200BD917T;NKM20B NAKRETKA KOLPAKOWA NISKA DIN917;;1509;Nakrętka kołpakowa NKM20B NAKRETKA KOLPAKOWA NISKA DIN917;;99;4;80
1509200SD1587S;NKM20S NAKRETKA KOLPAK. DIN1587;;1509;Nakrętka kołpakowa NKM20S NAKRETKA KOLPAK. DIN1587;;99;4;80
1509240SD1587S;NKM24S NAKRETKA KOLPAKOWA DIN1587;;1509;Nakrętka kołpakowa NKM24S NAKRETKA KOLPAKOWA DIN1587;;99;4;80
1509300SD1587S;NKM30S NAKRETKA KOLPAKOWA DIN1587;;1509;Nakrętka kołpakowa NKM30S NAKRETKA KOLPAKOWA DIN1587;;99;4;80
1509300SD917T;NKM30S NAKRETKA KOLPAKOWA NISKA DIN917;;1509;Nakrętka kołpakowa NKM30S NAKRETKA KOLPAKOWA NISKA DIN917;;99;4;80
1510040BT;NMOT M 4B  NAKRETKA MOTYLKOWA ~DIN314;;1510;Nakrętka skrzydełkowa (motylkowa) NMOT M 4B  NAKRETKA MOTYLKOWA ~DIN314;;46;2;32
1510050BT;NMOT M 5B  NAKRETKA MOTYLKOWA ~DIN314;;1510;Nakrętka skrzydełkowa (motylkowa) NMOT M 5B  NAKRETKA MOTYLKOWA ~DIN314;;46;2;32
1510060BD315F07T;NMOT M 6B  NAKRETKA MOTYL. AMERYKAN. F07;;1510;Nakrętka skrzydełkowa (motylkowa) NMOT M 6B  NAKRETKA MOTYL. AMERYKAN. F07;;46;2;32
1510060BT;NMOT M 6B  NAKRETKA MOTYLKOWA ~DIN314;;1510;Nakrętka skrzydełkowa (motylkowa) NMOT M 6B  NAKRETKA MOTYLKOWA ~DIN314;;46;2;32
1510060MT;NMOT M6 M NAKRETKA MOTYLKOWA ~DIN314;;1510;Nakrętka skrzydełkowa (motylkowa) NMOT M6 M NAKRETKA MOTYLKOWA ~DIN314;;46;2;32
1510080BD315F07T;NMOT M 8B  NAKRETKA MOTYL. AMERYKA F07;;1510;Nakrętka skrzydełkowa (motylkowa) NMOT M 8B  NAKRETKA MOTYL. AMERYKA F07;;46;2;32
1510080BD315K;NMOT M 8B  NAKRETKA MOTYLKOWA AMERYKAN.;;1510;Nakrętka skrzydełkowa (motylkowa) NMOT M 8B  NAKRETKA MOTYLKOWA AMERYKAN.;;46;2;32
1510080BT;NMOT M 8B  NAKRETKA MOTYLKOWA ~DIN314;;1510;Nakrętka skrzydełkowa (motylkowa) NMOT M 8B  NAKRETKA MOTYLKOWA ~DIN314;;46;2;32
1510080CD315T;NMOT M 8C  NAKRETKA MOTYLKOWA AMERYKA;;1510;Nakrętka skrzydełkowa (motylkowa) NMOT M 8C  NAKRETKA MOTYLKOWA AMERYKA;;46;2;32
1510080MT;NMOT M8 M NAKRETKA MOTYLKOWA ~DIN314;;1510;Nakrętka skrzydełkowa (motylkowa) NMOT M8 M NAKRETKA MOTYLKOWA ~DIN314;;46;2;32
1510100BT;NMOT M10B  NAKRETKA MOTYLKOWA ~DIN314;;1510;Nakrętka skrzydełkowa (motylkowa) NMOT M10B  NAKRETKA MOTYLKOWA ~DIN314;;46;2;32
1510100MT;NMOT M10M NAKRETKA MOTYLKOWA ~DIN314;;1510;Nakrętka skrzydełkowa (motylkowa) NMOT M10M NAKRETKA MOTYLKOWA ~DIN314;;46;2;32
1510120BT;NMOT M12B  NAKRETKA MOTYLKOWA ~DIN314;;1510;Nakrętka skrzydełkowa (motylkowa) NMOT M12B  NAKRETKA MOTYLKOWA ~DIN314;;46;2;32
1510120MT;NMOT M12M NAKRETKA MOTYLKOWA ~DIN314;;1510;Nakrętka skrzydełkowa (motylkowa) NMOT M12M NAKRETKA MOTYLKOWA ~DIN314;;46;2;32
1514030060008BT;NRM 3X.6.0X.8B OCYNK BIALY;;1514;Nakrętka mufa z wgłębieniem prostym NRM 3X.6.0X.8B OCYNK BIALY;;31;2;29
1514060100010BF16T;NRM 6X10.0X10B  OCYNK BIALY F16;;1514;Nakrętka mufa z wgłębieniem prostym NRM 6X10.0X10B  OCYNK BIALY F16;;31;2;29
1515080185030BZT;NRM 8X18.5X30B OCYNK BIALY ZASLEPIONA;;1515;Nakrętka mufa z wgłębieniem imbusowym NRM 8X18.5X30B OCYNK BIALY ZASLEPIONA;;39;2;38
1518100013BF16T;NW10X13B-NSYM  NAKRETKA WALECZK F16;;1518;Nakrętka wałeczkowa niesymetryczna NW10X13B-NSYM  NAKRETKA WALECZK F16;;20;2;19
1527060075B08D934T;NM 6X0.75B-KL.8 NAKRETKA DIN934;;1527;Nakrętka 6-kątna z gwintem drobnozwojnym NM 6X0.75B-KL.8 NAKRETKA DIN934;;207;4;192
1527080100B08D934T;NM 8X1.0B-KL.8 NAKRETKA DIN934;;1527;Nakrętka 6-kątna z gwintem drobnozwojnym NM 8X1.0B-KL.8 NAKRETKA DIN934;;207;4;192
1527080100B08IT;NM 8X1.0B KL.8 NAKRETKA ISO8673;;1527;Nakrętka 6-kątna z gwintem drobnozwojnym NM 8X1.0B KL.8 NAKRETKA ISO8673;;207;4;192
1527100100B10D934T;NM10X1.0B-KL.10 NAKRETKA DIN934;;1527;Nakrętka 6-kątna z gwintem drobnozwojnym NM10X1.0B-KL.10 NAKRETKA DIN934;;207;4;192
1527100125B10D934T;NM10X1.25B-KL.10 NAKRETKA DIN934;;1527;Nakrętka 6-kątna z gwintem drobnozwojnym NM10X1.25B-KL.10 NAKRETKA DIN934;;207;4;192
1527120125B10D934T;NM12X1.25B-KL.10 NAKRETKA DIN934;;1527;Nakrętka 6-kątna z gwintem drobnozwojnym NM12X1.25B-KL.10 NAKRETKA DIN934;;207;4;192
1527120125S08D934T;NM12X1.25S-KL.8 NAKRETKA DIN934;;1527;Nakrętka 6-kątna z gwintem drobnozwojnym NM12X1.25S-KL.8 NAKRETKA DIN934;;207;4;192
1527120150B08D934T;NM12X1.5B-KL.8 NAKRETKA DIN934;;1527;Nakrętka 6-kątna z gwintem drobnozwojnym NM12X1.5B-KL.8 NAKRETKA DIN934;;207;4;192
1527140150B10D934T;NM14X1.50B-KL.10 NAKRETKA DIN934;;1527;Nakrętka 6-kątna z gwintem drobnozwojnym NM14X1.50B-KL.10 NAKRETKA DIN934;;207;4;192
1527180150B10D934T;NM18X1.50B-KL.10 NAKRETKA DIN934;;1527;Nakrętka 6-kątna z gwintem drobnozwojnym NM18X1.50B-KL.10 NAKRETKA DIN934;;207;4;192
1527220150B08D934T;NM22X1.5B-KL.8 NAKRETKA DIN934;;1527;Nakrętka 6-kątna z gwintem drobnozwojnym NM22X1.5B-KL.8 NAKRETKA DIN934;;207;4;192
1527220150R10D934T;NM22x1.5R-KL.10 NAKRETKA DIN934;;1527;Nakrętka 6-kątna z gwintem drobnozwojnym NM22x1.5R-KL.10 NAKRETKA DIN934;;207;4;192
1527300150B08D934T;NM30X1.5B-KL.8 NAKRETKA DIN934;;1527;Nakrętka 6-kątna z gwintem drobnozwojnym NM30X1.5B-KL.8 NAKRETKA DIN934;;207;4;192
1527300200B08D934T;NM30X2.0B-KL.8 NAKRETKA DIN934;;1527;Nakrętka 6-kątna z gwintem drobnozwojnym NM30X2.0B-KL.8 NAKRETKA DIN934;;207;4;192
1527300200R10D934S;NM30X2.0R-KL.10 NAKRETKA DIN934;;1527;Nakrętka 6-kątna z gwintem drobnozwojnym NM30X2.0R-KL.10 NAKRETKA DIN934;;207;4;192
1528060075BD439T;NM 6X0.75B NAKRETKA NISKA DIN 439;;1528;Nakrętka 6-kątna niska z gwintem drobnozwojnym NM 6X0.75B NAKRETKA NISKA DIN 439;;97;2;95
1528160100BD439T;NM16X1.0B NAKRETKA NISKA DIN439;;1528;Nakrętka 6-kątna niska z gwintem drobnozwojnym NM16X1.0B NAKRETKA NISKA DIN439;;97;2;95
1531100SD557T;NM10S  NAKRETKA 4-KATNA  DIN557;;1531;Nakrętka kwadratowa NM10S  NAKRETKA 4-KATNA  DIN557;;20;2;19
1571030BD467T;NM 3B NAKRETKA RADELKOWANA DIN467;;1571;NM 3B NAKRETKA RADELKOWANA DIN467;;19;2;13
1571040BD467T;NM 4B NAKRETKA RADELKOWANA DIN467;;1571;NM 4B NAKRETKA RADELKOWANA DIN467;;19;2;13
1571050BD467T;NM 5B NAKRETKA RADELKOWANA DIN467;;1571;NM 5B NAKRETKA RADELKOWANA DIN467;;19;2;13
1571060BD467T;NM 6B NAKRETKA RADELKOWANA DIN467;;1571;NM 6B NAKRETKA RADELKOWANA DIN467;;19;2;13
1571080BD467T;NM 8B NAKRETKA RADELKOWANA DIN467;;1571;NM 8B NAKRETKA RADELKOWANA DIN467;;19;2;13
1571100BD467T;NM10B NAKRETKA RADELKOWANA DIN467;;1571;NM10B NAKRETKA RADELKOWANA DIN467;;19;2;13
1572030BD466T;NM 3B  NAKRETKA RADELKOWANA DIN466;;1572;NM 3B  NAKRETKA RADELKOWANA DIN466;;19;2;13
1572040BD466T;NM 4B  NAKRETKA RADELKOWANA DIN466;;1572;NM 4B  NAKRETKA RADELKOWANA DIN466;;19;2;13
1572050BD466T;NM 5B  NAKRETKA RADELKOWANA DIN466;;1572;NM 5B  NAKRETKA RADELKOWANA DIN466;;19;2;13
1572060BD466T;NM 6B  NAKRETKA RADELKOWANA DIN466;;1572;NM 6B  NAKRETKA RADELKOWANA DIN466;;19;2;13
1572080BD466T;NM 8B  NAKRETKA RADELKOWANA DIN466;;1572;NM 8B  NAKRETKA RADELKOWANA DIN466;;19;2;13
1572100BD466T;NM10B  NAKRETKA RADELKOWANA DIN466;;1572;NM10B  NAKRETKA RADELKOWANA DIN466;;19;2;13
1575060B08D935T;NM6B-KL.8 NAKRETKA KORONOWA DIN935;;1575;NM6B-KL.8 NAKRETKA KORONOWA DIN935;;49;3;9
1575080B08D935T;NM8B-KL.8 NAKRETKA KORONOWA DIN935;;1575;NM8B-KL.8 NAKRETKA KORONOWA DIN935;;49;3;9
1575080B10D935T;NM8B-KL.10 NAKRETKA KORONOWA DIN935;;1575;NM8B-KL.10 NAKRETKA KORONOWA DIN935;;49;3;9
1575100B08D935T;NM10B-KL.8 NAKRETKA KORONOWA DIN935;;1575;NM10B-KL.8 NAKRETKA KORONOWA DIN935;;49;3;9
1575100S08D935T;NM10S-KL.8 NAKRETKA KORONOWA DIN935;;1575;NM10S-KL.8 NAKRETKA KORONOWA DIN935;;49;3;9
1575120R10D935T;NM12R-KL.10 NAKRETKA KORONOWA DIN935;;1575;NM12R-KL.10 NAKRETKA KORONOWA DIN935;;49;3;9
1575120S08D935T;NM12S-KL.8 NAKRETKA KORONOWA DIN935;;1575;NM12S-KL.8 NAKRETKA KORONOWA DIN935;;49;3;9
1575140B08D935T;NM14B-KL.8 NAKRETKA KORONOWA DIN935;;1575;NM14B-KL.8 NAKRETKA KORONOWA DIN935;;49;3;9
1575160B08D935T;NM16B-KL.8 NAKRETKA KORONOWA DIN935;;1575;NM16B-KL.8 NAKRETKA KORONOWA DIN935;;49;3;9
1575160B10D935T;NM16B-KL.10 NAKRETKA KORONOWA DIN935;;1575;NM16B-KL.10 NAKRETKA KORONOWA DIN935;;49;3;9
1575160R10D935T;NM16R-KL.10 NAKRETKA KORONOWA DIN935;;1575;NM16R-KL.10 NAKRETKA KORONOWA DIN935;;49;3;9
1575160S08D935T;NM16S-KL.8 NAKRETKA KORONOWA DIN935;;1575;NM16S-KL.8 NAKRETKA KORONOWA DIN935;;49;3;9
1575180B08D935T;NM18B-KL.8 NAKRETKA KORONOWA DIN935;;1575;NM18B-KL.8 NAKRETKA KORONOWA DIN935;;49;3;9
1575200B05D935T;NM20B-KL.5 NAKRETKA KORONOWA DIN935;;1575;NM20B-KL.5 NAKRETKA KORONOWA DIN935;;49;3;9
1575200B10D935T;NM20B-KL.10 NAKRETKA KORONOWA DIN935;;1575;NM20B-KL.10 NAKRETKA KORONOWA DIN935;;49;3;9
1575200R10D935T;NM20R-KL.10 NAKRETKA KORONOWA DIN935;;1575;NM20R-KL.10 NAKRETKA KORONOWA DIN935;;49;3;9
1575200S08D935T;NM20S-KL.8 NAKRETKA KORONOWA DIN935;;1575;NM20S-KL.8 NAKRETKA KORONOWA DIN935;;49;3;9
1575200S10D935T;NM20S-KL.10 NAKRETKA KORONOWA DIN935;;1575;NM20S-KL.10 NAKRETKA KORONOWA DIN935;;49;3;9
1575220B08D935T;NM22B-KL.8 NAKRETKA KORONOWA DIN935;;1575;NM22B-KL.8 NAKRETKA KORONOWA DIN935;;49;3;9
1575220B10D935T;NM22B-KL.10 NAKRETKA KORONOWA DIN935;;1575;NM22B-KL.10 NAKRETKA KORONOWA DIN935;;49;3;9
1575220R10D935T;NM22R-KL.10 NAKRETKA KORONOWA DIN935;;1575;NM22R-KL.10 NAKRETKA KORONOWA DIN935;;49;3;9
1575240B08D935T;NM24B-KL.8 NAKRETKA KORONOWA DIN935;;1575;NM24B-KL.8 NAKRETKA KORONOWA DIN935;;49;3;9
1575240R10D935T;NM24R-KL.10 NAKRETKA KORONOWA DIN935;;1575;NM24R-KL.10 NAKRETKA KORONOWA DIN935;;49;3;9
1575240S08D935T;NM24S-KL.8 NAKRETKA KORONOWA DIN935;;1575;NM24S-KL.8 NAKRETKA KORONOWA DIN935;;49;3;9
1575240S10D935T;NM24S-KL.10 NAKRETKA KORONOWA DIN935;;1575;NM24S-KL.10 NAKRETKA KORONOWA DIN935;;49;3;9
1575270B10D935T;NM27B-KL.10 NAKRETKA KORONOWA DIN935;;1575;NM27B-KL.10 NAKRETKA KORONOWA DIN935;;49;3;9
1575270S05D935T;NM27S-KL.5 NAKRETKA KORONOWA DIN935;;1575;NM27S-KL.5 NAKRETKA KORONOWA DIN935;;49;3;9
1575300B08D935T;NM30B-KL.8 NAKRETKA KORONOWA DIN935;;1575;NM30B-KL.8 NAKRETKA KORONOWA DIN935;;49;3;9
1575300R10D935T;NM30R-KL.10 NAKRETKA KORONOWA DIN935;;1575;NM30R-KL.10 NAKRETKA KORONOWA DIN935;;49;3;9
1575300S08D935T;NM30S-KL.8 NAKRETKA KORONOWA DIN935;;1575;NM30S-KL.8 NAKRETKA KORONOWA DIN935;;49;3;9
1575300S10D935T;NM30S-KL.10 NAKRETKA KORONOWA DIN935;;1575;NM30S-KL.10 NAKRETKA KORONOWA DIN935;;49;3;9
1575330B08D935T;NM33B-KL.8 NAKRETKA KORONOWA DIN935;;1575;NM33B-KL.8 NAKRETKA KORONOWA DIN935;;49;3;9
1575330S08D935T;NM33S-KL.8 NAKRETKA KORONOWA DIN935;;1575;NM33S-KL.8 NAKRETKA KORONOWA DIN935;;49;3;9
1575360B08D935T;NM36B-KL.8 NAKRETKA KORONOWA DIN935;;1575;NM36B-KL.8 NAKRETKA KORONOWA DIN935;;49;3;9
1575360R10D935T;NM36R-KL.10 NAKRETKA KORONOWA DIN935;;1575;NM36R-KL.10 NAKRETKA KORONOWA DIN935;;49;3;9
1575360S08D935T;NM36S-KL.8 NAKRETKA KORONOWA DIN935;;1575;NM36S-KL.8 NAKRETKA KORONOWA DIN935;;49;3;9
1575360S10D935T;NM36S-KL.10 NAKRETKA KORONOWA DIN935;;1575;NM36S-KL.10 NAKRETKA KORONOWA DIN935;;49;3;9
1575480B08D935T;NM48B-KL.8 NAKRETKA KORONOWA DIN935;;1575;NM48B-KL.8 NAKRETKA KORONOWA DIN935;;49;3;9
1575480R10D935T;NM48R-KL.10 NAKRETKA KORONOWA DIN935;;1575;NM48R-KL.10 NAKRETKA KORONOWA DIN935;;49;3;9
1575640S06D935S;NM64S-KL.6 NAKRETKA KORONOWA DIN935;;1575;NM64S-KL.6 NAKRETKA KORONOWA DIN935;;49;3;9
1599040015BT;NDM 4X15B NAKRETKA DYSTANSOWA;;1599;Nakrętki - inne NDM 4X15B NAKRETKA DYSTANSOWA;;340;5;309
1599040016053BKLT;NM 4 1.0-1.6 5.3 B NAKRETKA KLATKOWA;;1599;Nakrętki - inne NM 4 1.0-1.6 5.3 B NAKRETKA KLATKOWA;;340;5;309
1599050020BT;NDM 5X20B NAKRETKA DYSTANSOWA;;1599;Nakrętki - inne NDM 5X20B NAKRETKA DYSTANSOWA;;340;5;309
1599050026083BKLT;NM 5 2.6-3.5 8,3B NAKRETKA KLATKOWA;;1599;Nakrętki - inne NM 5 2.6-3.5 8,3B NAKRETKA KLATKOWA;;340;5;309
1599060050BT;NDM 6X50B NAKRETKA DYSTANSOWA;;1599;Nakrętki - inne NDM 6X50B NAKRETKA DYSTANSOWA;;340;5;309
1599060120013ANT;MUFA 6X12.0X13A PROSTA OC.ZOLTY CR+3;;1599;Nakrętki - inne MUFA 6X12.0X13A PROSTA OC.ZOLTY CR+3;;340;5;309
1599060B08D6926K;NM 6B-KL.8 NAKRETKA SAMOKONT DIN6926;;1599;Nakrętki - inne NM 6B-KL.8 NAKRETKA SAMOKONT DIN6926;;340;5;309
1599060KLATT;NAKRETKA KLATKOWA M6X083X4,5B;;1599;Nakrętki - inne NAKRETKA KLATKOWA M6X083X4,5B;;340;5;309
1599080043123BKLT;NM 8 3.2-4.3 12.3 NAKRETKA KLATKOWA;;1599;Nakrętki - inne NM 8 3.2-4.3 12.3 NAKRETKA KLATKOWA;;340;5;309
1599100B10D6331T;NM10B-KL.10 NAKRETKA WYS. KOLN.DIN6331;;1599;Nakrętki - inne NM10B-KL.10 NAKRETKA WYS. KOLN.DIN6331;;340;5;309
1599100BAN91T;NAKRETKA Z OCZKIEM M10 OC.B AN 91;;1599;Nakrętki - inne NAKRETKA Z OCZKIEM M10 OC.B AN 91;;340;5;309
1599100S10DTECST;NM10S-KL.10 NAK. WYSOKA TECSOLUM DIN6330;;1599;Nakrętki - inne NM10S-KL.10 NAK. WYSOKA TECSOLUM DIN6330;;340;5;309
1599120125SD928T;NM12X1.25S NAKRETKA 4-KT.DIN928  ;;1599;Nakrętki - inne NM12X1.25S NAKRETKA 4-KT.DIN928;;340;5;309
159912015SD928T;NM12X1.5S NAKRETKA 4-KT.DIN928    ;;1599;Nakrętki - inne NM12X1.5S NAKRETKA 4-KT.DIN928;;340;5;309
1599120BAN91T;NAKRETKA Z OCZKIEM M12 OC.B AN 91;;1599;Nakrętki - inne NAKRETKA Z OCZKIEM M12 OC.B AN 91;;340;5;309
1599120BD315T;NMOT M 12B  NAKRETKA MOTYLKOWA DIN315;;1599;Nakrętki - inne NMOT M 12B  NAKRETKA MOTYLKOWA DIN315;;340;5;309
1599140040S6KTRT;NTR 14X4S NAKRETKA TRAPEZOWA 6K;;1599;Nakrętki - inne NTR 14X4S NAKRETKA TRAPEZOWA 6K;;340;5;309
1599140150B1D6923T;NM14X1.50B-KL.10  NAKR.KOLNIERZ.DIN6923;;1599;Nakrętki - inne NM14X1.50B-KL.10  NAKR.KOLNIERZ.DIN6923;;340;5;309
159916SD936T;NM 16S  NAKRETKA NISKA DIN936;;1599;Nakrętki - inne NM 16S  NAKRETKA NISKA DIN936;;340;5;309
1599180150B17HDT;NM 18X1.5 B-17H NAKRETKA NISKA DIN 936;;1599;Nakrętki - inne NM 18X1.5 B-17H NAKRETKA NISKA DIN 936;;340;5;309
1599180150B17OC20T;NM18X1.5 B-17H NAK.NISKA DIN 936 OC20MIK;;1599;Nakrętki - inne NM18X1.5 B-17H NAK.NISKA DIN 936 OC20MIK;;340;5;309
1599200R10D6926T;NM20R-KL.10  NAKRETKA SAMOKONT.DIN6926;;1599;Nakrętki - inne NM20R-KL.10  NAKRETKA SAMOKONT.DIN6926;;340;5;309
1599200S10D508S;NM20X22S-KL.10 NAKRETKA TEOWA DIN508;;1599;Nakrętki - inne NM20X22S-KL.10 NAKRETKA TEOWA DIN508;;340;5;309
159922010D74361BT;NKM22X1.5-KL.10 NAK. KOLNIERZ.DIN74361B;;1599;Nakrętki - inne NKM22X1.5-KL.10 NAK. KOLNIERZ.DIN74361B;;340;5;309
1599220150BD936S;NM 22X1.5 B NAKRETKA NISKA DIN 936;;1599;Nakrętki - inne NM 22X1.5 B NAKRETKA NISKA DIN 936;;340;5;309
1599220R10D74361AS;NKM22X1.5R-KL.10 NAK. KOLNIERZ.DIN74361H;;1599;Nakrętki - inne NKM22X1.5R-KL.10 NAK. KOLNIERZ.DIN74361H;;340;5;309
1599240B08PN86K;NAKRETKA KOLNIERZOWA M24-B- PN86/K-80015;;1599;Nakrętki - inne NAKRETKA KOLNIERZOWA M24-B- PN86/K-80015;;340;5;309
1599240S10D6330S;NM24S-KL.10 NAKRETKA WYSOKA DIN6330;;1599;Nakrętki - inne NM24S-KL.10 NAKRETKA WYSOKA DIN6330;;340;5;309
1599300GD7967T;NM30G  NAKRETKA DIN7967    ;;1599;Nakrętki - inne NM30G  NAKRETKA DIN7967;;340;5;309
159936030SD937T;NM36X3.0S NAKRETKA KORONOWA  DIN937;;1599;Nakrętki - inne NM36X3.0S NAKRETKA KORONOWA  DIN937;;340;5;309
1599390BD2510S;NM39B NAK.DIN 2510-5 NF STAL 25CRMO4;;1599;Nakrętki - inne NM39B NAK.DIN 2510-5 NF STAL 25CRMO4;;340;5;309
1610004400FD471T;PIERSC.OSAD.SPR.Z. 4X0.4F DIN471;;1610;Pierścienie osadcze zewnętrzne (Segera) DIN471 PIERSC.OSAD.SPR.Z. 4X0.4F DIN471;;261;2;188
1610005060FD471T;PIERSC.OSAD.SPR.Z. 5X0.6F DIN471;;1610;Pierścienie osadcze zewnętrzne (Segera) DIN471 PIERSC.OSAD.SPR.Z. 5X0.6F DIN471;;261;2;188
1610007080FD471T;PIERSC.OSAD.SPR.Z. 7X0.8F  DIN471;;1610;Pierścienie osadcze zewnętrzne (Segera) DIN471 PIERSC.OSAD.SPR.Z. 7X0.8F  DIN471;;261;2;188
1610015100FD471T;PIERSC.OSAD.SPR.Z. 15X1.0F DIN471;;1610;Pierścienie osadcze zewnętrzne (Segera) DIN471 PIERSC.OSAD.SPR.Z. 15X1.0F DIN471;;261;2;188
1610015150FD471T;PIERSC.OSAD.SPR.Z. 15X1.5F WZMOC.DIN471;;1610;Pierścienie osadcze zewnętrzne (Segera) DIN471 PIERSC.OSAD.SPR.Z. 15X1.5F WZMOC.DIN471;;261;2;188
1610016150FD471T;PIERSC.OSAD.SPR.Z. 16X1.5F WZMOC.DIN471;;1610;Pierścienie osadcze zewnętrzne (Segera) DIN471 PIERSC.OSAD.SPR.Z. 16X1.5F WZMOC.DIN471;;261;2;188
1610016150RD471T;PIERSC.OSAD.SPR.Z. 16X1.5R WZMOC.DIN471;;1610;Pierścienie osadcze zewnętrzne (Segera) DIN471 PIERSC.OSAD.SPR.Z. 16X1.5R WZMOC.DIN471;;261;2;188
1610017100FD471T;PIERSC.OSAD.SPR.Z. 17X1.0F DIN471;;1610;Pierścienie osadcze zewnętrzne (Segera) DIN471 PIERSC.OSAD.SPR.Z. 17X1.0F DIN471;;261;2;188
1610018150FD471T;PIERSC.OSAD.SPR.Z. 18X1.5F WZMOC.DIN471;;1610;Pierścienie osadcze zewnętrzne (Segera) DIN471 PIERSC.OSAD.SPR.Z. 18X1.5F WZMOC.DIN471;;261;2;188
1610020175FD471T;PIERSC.OSAD.SPR.Z. 20X1.75F WZMOC.DIN471;;1610;Pierścienie osadcze zewnętrzne (Segera) DIN471 PIERSC.OSAD.SPR.Z. 20X1.75F WZMOC.DIN471;;261;2;188
1610021120FD471T;PIERSC.OSAD.SPR.Z. 21X1.2F DIN471;;1610;Pierścienie osadcze zewnętrzne (Segera) DIN471 PIERSC.OSAD.SPR.Z. 21X1.2F DIN471;;261;2;188
1610025200FD471T;PIERSC.OSAD.SPR.Z. 25X2.0F WZMOC.DIN471;;1610;Pierścienie osadcze zewnętrzne (Segera) DIN471 PIERSC.OSAD.SPR.Z. 25X2.0F WZMOC.DIN471;;261;2;188
1610028200FD471T;PIERSC.OSAD.SPR.Z. 28X2.0F WZMOC.DIN471;;1610;Pierścienie osadcze zewnętrzne (Segera) DIN471 PIERSC.OSAD.SPR.Z. 28X2.0F WZMOC.DIN471;;261;2;188
1610029150FD471T;PIERSC.OSAD.SPR.Z. 29×1.5F DIN471;;1610;Pierścienie osadcze zewnętrzne (Segera) DIN471 PIERSC.OSAD.SPR.Z. 29×1.5F DIN471;;261;2;188
1610030200FD471T;PIERSC.OSAD.SPR.Z. 30X2.0F WZMOC.DIN471;;1610;Pierścienie osadcze zewnętrzne (Segera) DIN471 PIERSC.OSAD.SPR.Z. 30X2.0F WZMOC.DIN471;;261;2;188
1610030200RD471T;PIERSC.OSAD.SPR.Z. 30X2.0R WZMOC.DIN471;;1610;Pierścienie osadcze zewnętrzne (Segera) DIN471 PIERSC.OSAD.SPR.Z. 30X2.0R WZMOC.DIN471;;261;2;188
1610032150FD471T;PIERSC.OSAD.SPR.Z. 32X1.5F DIN471;;1610;Pierścienie osadcze zewnętrzne (Segera) DIN471 PIERSC.OSAD.SPR.Z. 32X1.5F DIN471;;261;2;188
1610032200FD471T;PIERSC.OSAD.SPR.Z. 32X2.0F WZMOC.DIN471;;1610;Pierścienie osadcze zewnętrzne (Segera) DIN471 PIERSC.OSAD.SPR.Z. 32X2.0F WZMOC.DIN471;;261;2;188
1610034150FD471T;PIERSC.OSAD.SPR.Z. 34×1.5F DIN471;;1610;Pierścienie osadcze zewnętrzne (Segera) DIN471 PIERSC.OSAD.SPR.Z. 34×1.5F DIN471;;261;2;188
1610034250FD471T;PIERSC.OSAD.SPR.Z. 34×2.5F WZMOC.DIN471;;1610;Pierścienie osadcze zewnętrzne (Segera) DIN471 PIERSC.OSAD.SPR.Z. 34×2.5F WZMOC.DIN471;;261;2;188
1610035150FD471T;PIERSC.OSAD.SPR.Z. 35X1.5F DIN471;;1610;Pierścienie osadcze zewnętrzne (Segera) DIN471 PIERSC.OSAD.SPR.Z. 35X1.5F DIN471;;261;2;188
1610035250FD471T;PIERSC.OSAD.SPR.Z. 35X2.5F WZMOC.DIN471;;1610;Pierścienie osadcze zewnętrzne (Segera) DIN471 PIERSC.OSAD.SPR.Z. 35X2.5F WZMOC.DIN471;;261;2;188
1610035250RD471T;PIERSC.OSAD.SPR.Z. 35X2.5R WZMOC.DIN471;;1610;Pierścienie osadcze zewnętrzne (Segera) DIN471 PIERSC.OSAD.SPR.Z. 35X2.5R WZMOC.DIN471;;261;2;188
1610036175FD471T;PIERSC.OSAD.SPR.Z. 36X1.75F DIN471;;1610;Pierścienie osadcze zewnętrzne (Segera) DIN471 PIERSC.OSAD.SPR.Z. 36X1.75F DIN471;;261;2;188
1610038250FD471T;PIERSC.OSAD.SPR.Z. 38X2.5F WZMOC.DIN471;;1610;Pierścienie osadcze zewnętrzne (Segera) DIN471 PIERSC.OSAD.SPR.Z. 38X2.5F WZMOC.DIN471;;261;2;188
1610038250RD471T;PIERSC.OSAD.SPR.Z. 38X2.5R WZMOC.DIN471;;1610;Pierścienie osadcze zewnętrzne (Segera) DIN471 PIERSC.OSAD.SPR.Z. 38X2.5R WZMOC.DIN471;;261;2;188
1610040175FD471T;PIERSC.OSAD.SPR.Z. 40X1.75F DIN471;;1610;Pierścienie osadcze zewnętrzne (Segera) DIN471 PIERSC.OSAD.SPR.Z. 40X1.75F DIN471;;261;2;188
1610040250FD471T;PIERSC.OSAD.SPR.Z. 40X2.5F WZMOC.DIN471;;1610;Pierścienie osadcze zewnętrzne (Segera) DIN471 PIERSC.OSAD.SPR.Z. 40X2.5F WZMOC.DIN471;;261;2;188
1610040250RD471T;PIERSC.OSAD.SPR.Z. 40X2.5R WZMOC.DIN471;;1610;Pierścienie osadcze zewnętrzne (Segera) DIN471 PIERSC.OSAD.SPR.Z. 40X2.5R WZMOC.DIN471;;261;2;188
1610045175FD471T;PIERSC.OSAD.SPR.Z. 45X1.75F DIN471;;1610;Pierścienie osadcze zewnętrzne (Segera) DIN471 PIERSC.OSAD.SPR.Z. 45X1.75F DIN471;;261;2;188
1610045175RD471T;PIERSC.OSAD.SPR.Z. 45X1.75-R DIN471;;1610;Pierścienie osadcze zewnętrzne (Segera) DIN471 PIERSC.OSAD.SPR.Z. 45X1.75-R DIN471;;261;2;188
1610045250FD471T;PIERSC.OSAD.SPR.Z. 45X2.5F WZMOC.DIN471;;1610;Pierścienie osadcze zewnętrzne (Segera) DIN471 PIERSC.OSAD.SPR.Z. 45X2.5F WZMOC.DIN471;;261;2;188
1610047175FD471T;PIERSC.OSAD.SPR.Z. 47×1.75F DIN471;;1610;Pierścienie osadcze zewnętrzne (Segera) DIN471 PIERSC.OSAD.SPR.Z. 47×1.75F DIN471;;261;2;188
1610048175FD471T;PIERSC.OSAD.SPR.Z. 48×1.75F DIN471;;1610;Pierścienie osadcze zewnętrzne (Segera) DIN471 PIERSC.OSAD.SPR.Z. 48×1.75F DIN471;;261;2;188
1610050300FD471T;PIERSC.OSAD.SPR.Z. 50X3.0F WZMOC.DIN471;;1610;Pierścienie osadcze zewnętrzne (Segera) DIN471 PIERSC.OSAD.SPR.Z. 50X3.0F WZMOC.DIN471;;261;2;188
1610052200FD471T;PIERSC.OSAD.SPR.Z. 52×2.0F DIN471;;1610;Pierścienie osadcze zewnętrzne (Segera) DIN471 PIERSC.OSAD.SPR.Z. 52×2.0F DIN471;;261;2;188
1610052300FD471T;PIERSC.OSAD.SPR.Z. 52X3.0F WZMOC.DIN471;;1610;Pierścienie osadcze zewnętrzne (Segera) DIN471 PIERSC.OSAD.SPR.Z. 52X3.0F WZMOC.DIN471;;261;2;188
1610055200FD471T;PIERSC.OSAD.SPR.Z. 55X2.0F  DIN471;;1610;Pierścienie osadcze zewnętrzne (Segera) DIN471 PIERSC.OSAD.SPR.Z. 55X2.0F  DIN471;;261;2;188
1610055300FD471T;PIERSC.OSAD.SPR.Z. 55X3.0F WZMOC.DIN471;;1610;Pierścienie osadcze zewnętrzne (Segera) DIN471 PIERSC.OSAD.SPR.Z. 55X3.0F WZMOC.DIN471;;261;2;188
1610056200FD471T;PIERSC.OSAD.SPR.Z. 56X2.0 F DIN471;;1610;Pierścienie osadcze zewnętrzne (Segera) DIN471 PIERSC.OSAD.SPR.Z. 56X2.0 F DIN471;;261;2;188
1610058200FD471T;PIERSC.OSAD.SPR.Z. 58×2.0F DIN471;;1610;Pierścienie osadcze zewnętrzne (Segera) DIN471 PIERSC.OSAD.SPR.Z. 58×2.0F DIN471;;261;2;188
1610060300FD471T;PIERSC.OSAD.SPR.Z. 60X3.0F WZMOC.DIN471;;1610;Pierścienie osadcze zewnętrzne (Segera) DIN471 PIERSC.OSAD.SPR.Z. 60X3.0F WZMOC.DIN471;;261;2;188
1610062200FD471T;PIERSC.OSAD.SPR.Z. 62×2.0F DIN471;;1610;Pierścienie osadcze zewnętrzne (Segera) DIN471 PIERSC.OSAD.SPR.Z. 62×2.0F DIN471;;261;2;188
1610065250FD471T;PIERSC.OSAD.SPR.Z. 65×2.5F DIN471;;1610;Pierścienie osadcze zewnętrzne (Segera) DIN471 PIERSC.OSAD.SPR.Z. 65×2.5F DIN471;;261;2;188
1610065400FD471T;PIERSC.OSAD.SPR.Z. 65X4.0F WZMOC.DIN471;;1610;Pierścienie osadcze zewnętrzne (Segera) DIN471 PIERSC.OSAD.SPR.Z. 65X4.0F WZMOC.DIN471;;261;2;188
1610068250FD471T;PIERSC.OSAD.SPR.Z. 68×2.5F DIN471;;1610;Pierścienie osadcze zewnętrzne (Segera) DIN471 PIERSC.OSAD.SPR.Z. 68×2.5F DIN471;;261;2;188
1610070250FD471T;PIERSC.OSAD.SPR.Z. 70×2.5F DIN471;;1610;Pierścienie osadcze zewnętrzne (Segera) DIN471 PIERSC.OSAD.SPR.Z. 70×2.5F DIN471;;261;2;188
1610070400FD471T;PIERSC.OSAD.SPR.Z. 70X4.0F WZMOC.DIN471;;1610;Pierścienie osadcze zewnętrzne (Segera) DIN471 PIERSC.OSAD.SPR.Z. 70X4.0F WZMOC.DIN471;;261;2;188
1610072250FD471T;PIERSC.OSAD.SPR.Z. 72×2.5F DIN471;;1610;Pierścienie osadcze zewnętrzne (Segera) DIN471 PIERSC.OSAD.SPR.Z. 72×2.5F DIN471;;261;2;188
1610075250FD471T;PIERSC.OSAD.SPR.Z. 75X2.5F DIN471;;1610;Pierścienie osadcze zewnętrzne (Segera) DIN471 PIERSC.OSAD.SPR.Z. 75X2.5F DIN471;;261;2;188
1610075400FD471T;PIERSC.OSAD.SPR.Z. 75X4.0F WZMOC.DIN471;;1610;Pierścienie osadcze zewnętrzne (Segera) DIN471 PIERSC.OSAD.SPR.Z. 75X4.0F WZMOC.DIN471;;261;2;188
1610080250FD471T;PIERSC.OSAD.SPR.Z. 80×2.5F DIN471;;1610;Pierścienie osadcze zewnętrzne (Segera) DIN471 PIERSC.OSAD.SPR.Z. 80×2.5F DIN471;;261;2;188
1610080400FD471T;PIERSC.OSAD.SPR.Z. 80X4.0F WZMOC.DIN471;;1610;Pierścienie osadcze zewnętrzne (Segera) DIN471 PIERSC.OSAD.SPR.Z. 80X4.0F WZMOC.DIN471;;261;2;188
1610085300FD471T;PIERSC.OSAD.SPR.Z. 85×3.0F DIN471;;1610;Pierścienie osadcze zewnętrzne (Segera) DIN471 PIERSC.OSAD.SPR.Z. 85×3.0F DIN471;;261;2;188
1610090300FD471T;PIERSC.OSAD.SPR.Z. 90×3.0F DIN471;;1610;Pierścienie osadcze zewnętrzne (Segera) DIN471 PIERSC.OSAD.SPR.Z. 90×3.0F DIN471;;261;2;188
1610090400FD471T;PIERSC.OSAD.SPR.Z. 90X4.0F WZMOC.DIN471;;1610;Pierścienie osadcze zewnętrzne (Segera) DIN471 PIERSC.OSAD.SPR.Z. 90X4.0F WZMOC.DIN471;;261;2;188
1610095300FD471T;PIERSC.OSAD.SPR.Z. 95×3.0F DIN471;;1610;Pierścienie osadcze zewnętrzne (Segera) DIN471 PIERSC.OSAD.SPR.Z. 95×3.0F DIN471;;261;2;188
1610100300FD471T;PIERSC.OSAD.SPR.Z. 100×3.0F DIN471;;1610;Pierścienie osadcze zewnętrzne (Segera) DIN471 PIERSC.OSAD.SPR.Z. 100×3.0F DIN471;;261;2;188
1610100400FD471T;PIERSC.OSAD.SPR.Z.100X4.0F WZMOC.DIN471;;1610;Pierścienie osadcze zewnętrzne (Segera) DIN471 PIERSC.OSAD.SPR.Z.100X4.0F WZMOC.DIN471;;261;2;188
1610110400FD471T;PIERSC.OSAD.SPR.Z. 110X4.0F DIN471;;1610;Pierścienie osadcze zewnętrzne (Segera) DIN471 PIERSC.OSAD.SPR.Z. 110X4.0F DIN471;;261;2;188
1610115400FD471T;PIERSC.OSAD.SPR.Z. 115×4.0F DIN471;;1610;Pierścienie osadcze zewnętrzne (Segera) DIN471 PIERSC.OSAD.SPR.Z. 115×4.0F DIN471;;261;2;188
1610120400FD471T;PIERSC.OSAD.SPR.Z. 120×4.0F DIN471;;1610;Pierścienie osadcze zewnętrzne (Segera) DIN471 PIERSC.OSAD.SPR.Z. 120×4.0F DIN471;;261;2;188
1610125400FD471T;PIERSC.OSAD.SPR.Z. 125×4.0F DIN471;;1610;Pierścienie osadcze zewnętrzne (Segera) DIN471 PIERSC.OSAD.SPR.Z. 125×4.0F DIN471;;261;2;188
1610130400FD471T;PIERSC.OSAD.SPR.Z. 130×4.0F DIN471;;1610;Pierścienie osadcze zewnętrzne (Segera) DIN471 PIERSC.OSAD.SPR.Z. 130×4.0F DIN471;;261;2;188
1610140400FD471T;PIERSC.OSAD.SPR.Z. 140×4.0F DIN471;;1610;Pierścienie osadcze zewnętrzne (Segera) DIN471 PIERSC.OSAD.SPR.Z. 140×4.0F DIN471;;261;2;188
1610145400FD471T;PIERSC.OSAD.SPR.Z. 145×4.0F DIN471;;1610;Pierścienie osadcze zewnętrzne (Segera) DIN471 PIERSC.OSAD.SPR.Z. 145×4.0F DIN471;;261;2;188
1610150400FD471T;PIERSC.OSAD.SPR.Z. 150×4.0F DIN471;;1610;Pierścienie osadcze zewnętrzne (Segera) DIN471 PIERSC.OSAD.SPR.Z. 150×4.0F DIN471;;261;2;188
1610160400FD471T;PIERSC.OSAD.SPR.Z. 160×4.0F DIN471;;1610;Pierścienie osadcze zewnętrzne (Segera) DIN471 PIERSC.OSAD.SPR.Z. 160×4.0F DIN471;;261;2;188
1610170400FD471T;PIERSC.OSAD.SPR.Z. 170×4.0F DIN471;;1610;Pierścienie osadcze zewnętrzne (Segera) DIN471 PIERSC.OSAD.SPR.Z. 170×4.0F DIN471;;261;2;188
1610180400FD471T;PIERSC.OSAD.SPR.Z. 180×4.0F DIN471;;1610;Pierścienie osadcze zewnętrzne (Segera) DIN471 PIERSC.OSAD.SPR.Z. 180×4.0F DIN471;;261;2;188
1610190400FD471T;PIERSC.OSAD.SPR.Z. 190×4.0F DIN471;;1610;Pierścienie osadcze zewnętrzne (Segera) DIN471 PIERSC.OSAD.SPR.Z. 190×4.0F DIN471;;261;2;188
1610200400FD471T;PIERSC.OSAD.SPR.Z. 200×4.0F DIN471;;1610;Pierścienie osadcze zewnętrzne (Segera) DIN471 PIERSC.OSAD.SPR.Z. 200×4.0F DIN471;;261;2;188
1610220500FD471T;PIERSC.OSAD.SPR.Z. 220×5.0 F DIN471;;1610;Pierścienie osadcze zewnętrzne (Segera) DIN471 PIERSC.OSAD.SPR.Z. 220×5.0 F DIN471;;261;2;188
1615019SD6799T;PLYTKA OSADCZA SPR. FI- 1.9 S DIN6799;;1615;PLYTKA OSADCZA SPR. FI- 1.9 S DIN6799;;37;2;29
1615032SD6799T;PLYTKA OSADCZA SPR. FI- 3.2 S DIN6799;;1615;PLYTKA OSADCZA SPR. FI- 3.2 S DIN6799;;37;2;29
1615040SD6799T;PLYTKA OSADCZA SPR. FI- 4 S DIN6799;;1615;PLYTKA OSADCZA SPR. FI- 4.0 S DIN6799;;37;2;29
1615050BD6799T;PLYTKA OSADCZA SPR. FI- 5 B DIN6799;;1615;PLYTKA OSADCZA SPR. FI- 5.0 B DIN6799;;37;2;29
1615050SD6799T;PLYTKA OSADCZA SPR. FI- 5 S DIN6799;;1615;PLYTKA OSADCZA SPR. FI- 5.0 S DIN6799;;37;2;29
1615060SD6799T;PLYTKA OSADCZA SPR. FI- 6 S DIN6799;;1615;PLYTKA OSADCZA SPR. FI- 6.0 S DIN6799;;37;2;29
1615070BD6799T;PLYTKA OSADCZA SPR. FI- 7.0 B DIN6799;;1615;PLYTKA OSADCZA SPR. FI- 7.0 B DIN6799;;37;2;29
1615070SD6799T;PLYTKA OSADCZA SPR. FI- 7 S DIN6799;;1615;PLYTKA OSADCZA SPR. FI- 7.0 S DIN6799;;37;2;29
1642040010SD7979T;KOLEK WALC.Z GW.WEW 4X6X10S DIN7979D;;1642;KOLEK WALC.Z GW.WEW 4X6X10S DIN7979D;;149;2;82
1642040012SD7979T;KOLEK WALC.Z GW.WEW 4X6X12S DIN7979D;;1642;KOLEK WALC.Z GW.WEW 4X6X12S DIN7979D;;149;2;82
1642040014SD7979T;KOLEK WALC.Z GW.WEW 4X6X14S DIN7979D;;1642;KOLEK WALC.Z GW.WEW 4X6X14S DIN7979D;;149;2;82
1642040016SD7979T;KOLEK WALC.Z GW.WEW 4X6X16S DIN7979D;;1642;KOLEK WALC.Z GW.WEW 4X6X16S DIN7979D;;149;2;82
1642040018SD7979T;KOLEK WALC.Z GW.WEW 4X2X18S DIN7979D;;1642;KOLEK WALC.Z GW.WEW 4X2X18S DIN7979D;;149;2;82
1642040020SD7979T;KOLEK WALC.Z GW.WEW 4X6X20S DIN7979D;;1642;KOLEK WALC.Z GW.WEW 4X6X20S DIN7979D;;149;2;82
1642040024SD7979T;KOLEK WALC.Z GW.WEW 4X2X24S DIN7979D;;1642;KOLEK WALC.Z GW.WEW 4X2X24S DIN7979D;;149;2;82
1642040030SD7979T;KOLEK WALC.Z GW.WEW 4X6X30S DIN7979D;;1642;KOLEK WALC.Z GW.WEW 4X6X30S DIN7979D;;149;2;82
1642050010SD7979T;KOLEK WALC.Z GW.WEW 5X6X10S DIN7979D;;1642;KOLEK WALC.Z GW.WEW 5X6X10S DIN7979D;;149;2;82
1642050012SD7979T;KOLEK WALC.Z GW.WEW 5X6X12S DIN7979D;;1642;KOLEK WALC.Z GW.WEW 5X6X12S DIN7979D;;149;2;82
1642050014SD7979T;KOLEK WALC.Z GW.WEW 5X6X14S DIN7979D;;1642;KOLEK WALC.Z GW.WEW 5X6X14S DIN7979D;;149;2;82
1642050032SD7979T;KOLEK WALC.Z GW.WEW 5X3X32S DIN7979D;;1642;KOLEK WALC.Z GW.WEW 5X3X32S DIN7979D;;149;2;82
1642050036SD7979T;KOLEK WALC.Z GW.WEW 5X6X36S DIN7979D;;1642;KOLEK WALC.Z GW.WEW 5X6X36S DIN7979D;;149;2;82
1642050045SD7979T;KOLEK WALC.Z GW.WEW 5X6X45S DIN7979D;;1642;KOLEK WALC.Z GW.WEW 5X6X45S DIN7979D;;149;2;82
1642050050SD7979T;KOLEK WALC.Z GW.WEW 5X6X50S DIN7979D;;1642;KOLEK WALC.Z GW.WEW 5X6X50S DIN7979D;;149;2;82
1642060010SD7979T;KOLEK WALC.Z GW.WEW 6X6X10S DIN7979D;;1642;KOLEK WALC.Z GW.WEW 6X6X10S DIN7979D;;149;2;82
1642060012SD7979T;KOLEK WALC.Z GW.WEW 6X6X12S DIN7979D;;1642;KOLEK WALC.Z GW.WEW 6X6X12S DIN7979D;;149;2;82
1642060014SD7979T;KOLEK WALC.Z GW.WEW 6X6X14S DIN7979D;;1642;KOLEK WALC.Z GW.WEW 6X6X14S DIN7979D;;149;2;82
1642060018SD7979T;KOLEK WALC.Z GW.WEW 6X6X18S DIN7979D;;1642;KOLEK WALC.Z GW.WEW 6X6X18S DIN7979D;;149;2;82
1642060022SD7979T;KOLEK WALC.Z GW.WEW 6X6X22S DIN7979D;;1642;KOLEK WALC.Z GW.WEW 6X6X22S DIN7979D;;149;2;82
1642060026SD7979T;KOLEK WALC.Z GW.WEW 6X4X26S DIN7979D;;1642;KOLEK WALC.Z GW.WEW 6X4X26S DIN7979D;;149;2;82
1642060055SD7979T;KOLEK WALC.Z GW.WEW 6X4X55S DIN7979D;;1642;KOLEK WALC.Z GW.WEW 6X4X55S DIN7979D;;149;2;82
1642080012SD7979T;KOLEK WALC.Z GW.WEW 8X6X12S DIN7979D;;1642;KOLEK WALC.Z GW.WEW 8X6X12S DIN7979D;;149;2;82
1642080016SD7979T;KOLEK WALC.Z GW.WEW 8X6X16S DIN7979D;;1642;KOLEK WALC.Z GW.WEW 8X6X16S DIN7979D;;149;2;82
1642080018SD7979T;KOLEK WALC.Z GW.WEW 8X5X18S DIN7979D;;1642;KOLEK WALC.Z GW.WEW 8X5X18S DIN7979D;;149;2;82
1642080026SD7979T;KOLEK WALC.Z GW.WEW 8X5X26S DIN7979D;;1642;KOLEK WALC.Z GW.WEW 8X5X26S DIN7979D;;149;2;82
1642080055SD7979T;KOLEK WALC.Z GW.WEW 8X5X55S DIN7979D;;1642;KOLEK WALC.Z GW.WEW 8X5X55S DIN7979D;;149;2;82
1642080065SD7979T;KOLEK WALC.Z GW.WEW 8X6X65S DIN7979D;;1642;KOLEK WALC.Z GW.WEW 8X6X65S DIN7979D;;149;2;82
1642100018SD7979T;KOLEK WALC.Z GW.WEW 10X6X18S DIN7979D;;1642;KOLEK WALC.Z GW.WEW 10X6X18S DIN7979D;;149;2;82
1642100055SD7979T;KOLEK WALC.Z GW.WEW 10X6X55S DIN7979D;;1642;KOLEK WALC.Z GW.WEW 10X6X55S DIN7979D;;149;2;82
1642120055SD7979T;KOLEK WALC.Z GW.WEW 12X6X55S DIN7979D;;1642;KOLEK WALC.Z GW.WEW 12X6X55S DIN7979D;;149;2;82
1642140032SD7979T;KOLEK WALC.Z GW.WEW 14X6X32S DIN7979D;;1642;KOLEK WALC.Z GW.WEW 14X6X32S DIN7979D;;149;2;82
1642140040SD7979T;KOLEK WALC.Z GW.WEW 14X6X40S DIN7979D;;1642;KOLEK WALC.Z GW.WEW 14X6X40S DIN7979D;;149;2;82
1642140050SD7979T;KOLEK WALC.Z GW.WEW 14X6X50S DIN7979D;;1642;KOLEK WALC.Z GW.WEW 14X6X50S DIN7979D;;149;2;82
1642140060SD7979T;KOLEK WALC.Z GW.WEW 14X8X60S DIN7979D;;1642;KOLEK WALC.Z GW.WEW 14X8X60S DIN7979D;;149;2;82
1642140080SD7979T;KOLEK WALC.Z GW.WEW 14X8X80S DIN7979D;;1642;KOLEK WALC.Z GW.WEW 14X8X80S DIN7979D;;149;2;82
1642160028SD7979T;KOLEK WALC.Z GW.WEW 16X8X28S DIN7979D;;1642;KOLEK WALC.Z GW.WEW 16X8X28S DIN7979D;;149;2;82
1642160030SD7979T;KOLEK WALC.Z GW.WEW 16X8X30S DIN7979D;;1642;KOLEK WALC.Z GW.WEW 16X8X30S DIN7979D;;149;2;82
1642160032SD7979T;KOLEK WALC.Z GW.WEW 16X8X32S DIN7979D;;1642;KOLEK WALC.Z GW.WEW 16X8X32S DIN7979D;;149;2;82
1642160055SD7979T;KOLEK WALC.Z GW.WEW 16X8X55S DIN7979D;;1642;KOLEK WALC.Z GW.WEW 16X8X55S DIN7979D;;149;2;82
1642160100SD7979T;KOLEK WALC.Z GW.WEW 16X6X100S DIN7979D;;1642;KOLEK WALC.Z GW.WEW 16X6X100S DIN7979D;;149;2;82
1642200036SD7979T;KOLEK WALC.Z GW.WEW 20X10X36S DIN7979D;;1642;KOLEK WALC.Z GW.WEW 20X10X36S DIN7979D;;149;2;82
1642200045SD7979T;KOLEK WALC.Z GW.WEW 20X10X45S DIN7979D;;1642;KOLEK WALC.Z GW.WEW 20X10X45S DIN7979D;;149;2;82
1642200055SD7979T;KOLEK WALC.Z GW.WEW 20X10X55S DIN7979D;;1642;KOLEK WALC.Z GW.WEW 20X10X55S DIN7979D;;149;2;82
1642200140SD7979T;KOLEK WALC.Z GW.WEW 20X10X140S DIN7979D;;1642;KOLEK WALC.Z GW.WEW 20X10X140S DIN7979D;;149;2;82
1642200150SD7979T;KOLEK WALC.Z GW.WEW 20X10X150S DIN7979D;;1642;KOLEK WALC.Z GW.WEW 20X10X150S DIN7979D;;149;2;82
1642200160SD7979T;KOLEK WALC.Z GW.WEW 20X10X160S DIN7979D;;1642;KOLEK WALC.Z GW.WEW 20X10X160S DIN7979D;;149;2;82
1642200180SD7979T;KOLEK WALC.Z GW.WEW 20X10X180S DIN7979D;;1642;KOLEK WALC.Z GW.WEW 20X10X180S DIN7979D;;149;2;82
1642200200SD7979T;KOLEK WALC.Z GW.WEW 20X10X200S DIN7979D;;1642;KOLEK WALC.Z GW.WEW 20X10X200S DIN7979D;;149;2;82
1642250050SD7979T;KOLEK WALC.Z GW.WEW 25X16X50S DIN7979D;;1642;KOLEK WALC.Z GW.WEW 25X16X50S DIN7979D;;149;2;82
1642250060SD7979T;KOLEK WALC.Z GW.WEW 25X16X60S DIN7979D;;1642;KOLEK WALC.Z GW.WEW 25X16X60S DIN7979D;;149;2;82
1642250070SD7979T;KOLEK WALC.Z GW.WEW 25X16X70S DIN7979D;;1642;KOLEK WALC.Z GW.WEW 25X16X70S DIN7979D;;149;2;82
1642250080SD7979T;KOLEK WALC.Z GW.WEW 25X16X80S DIN7979D;;1642;KOLEK WALC.Z GW.WEW 25X16X80S DIN7979D;;149;2;82
1642250100SD7979T;KOLEK WALC.Z GW.WEW 25X16X100S DIN7979D;;1642;KOLEK WALC.Z GW.WEW 25X16X100S DIN7979D;;149;2;82
1642250120SD7979T;KOLEK WALC.Z GW.WEW 25X16X120S DIN7979D;;1642;KOLEK WALC.Z GW.WEW 25X16X120S DIN7979D;;149;2;82
1642250130SD7979T;KOLEK WALC.Z GW.WEW 25X16X130S DIN7979D;;1642;KOLEK WALC.Z GW.WEW 25X16X130S DIN7979D;;149;2;82
1642300055SD7979T;KOLEK WALC.Z GW.WEW 30X20X55S DIN7979D;;1642;KOLEK WALC.Z GW.WEW 30X20X55S DIN7979D;;149;2;82
1642300060SD7979T;KOLEK WALC.Z GW.WEW 30X20X60S DIN7979D;;1642;KOLEK WALC.Z GW.WEW 30X20X60S DIN7979D;;149;2;82
1642300070SD7979T;KOLEK WALC.Z GW.WEW 30X20X70S DIN7979D;;1642;KOLEK WALC.Z GW.WEW 30X20X70S DIN7979D;;149;2;82
1642300080SD7979T;KOLEK WALC.Z GW.WEW 30X20X80S DIN7979D;;1642;KOLEK WALC.Z GW.WEW 30X20X80S DIN7979D;;149;2;82
1642300100SD7979T;KOLEK WALC.Z GW.WEW 30X20X100S DIN7979D;;1642;KOLEK WALC.Z GW.WEW 30X20X100S DIN7979D;;149;2;82
1642300120SD7979T;KOLEK WALC.Z GW.WEW 30X20X120S DIN7979D;;1642;KOLEK WALC.Z GW.WEW 30X20X120S DIN7979D;;149;2;82
1642400060SD7979T;KOLEK WALC.Z GW.WEW 40X20X60S DIN7979D;;1642;KOLEK WALC.Z GW.WEW 40X20X60S DIN7979D;;149;2;82
1642400070SD7979T;KOLEK WALC.Z GW.WEW 40X20X70S DIN7979D;;1642;KOLEK WALC.Z GW.WEW 40X20X70S DIN7979D;;149;2;82
1642400080SD7979T;KOLEK WALC.Z GW.WEW 40X20X80S DIN7979D;;1642;KOLEK WALC.Z GW.WEW 40X20X80S DIN7979D;;149;2;82
1642400090SD7979T;KOLEK WALC.Z GW.WEW 40X20X90S DIN7979D;;1642;KOLEK WALC.Z GW.WEW 40X20X90S DIN7979D;;149;2;82
1642400100SD7979T;KOLEK WALC.Z GW.WEW 40X20X100S DIN7979D;;1642;KOLEK WALC.Z GW.WEW 40X20X100S DIN7979D;;149;2;82
1655020004MIT;NITOKOLEK 2.0X4M ISO8746;;1655;NITOKOLEK 2.0X4M ISO8746;cu-zn-mosiadz;102;2;91
1655020005MIT;NITOKOLEK 2.0X5M ISO8746;;1655;NITOKOLEK 2.0X5M ISO8746;cu-zn-mosiadz;102;2;91
1655020006MIT;NITOKOLEK 2.0X6M ISO8746;;1655;NITOKOLEK 2.0X6M ISO8746;cu-zn-mosiadz;102;2;91
1655030006MIT;NITOKOLEK 3.0X6M ISO8746;;1655;NITOKOLEK 3.0X6M ISO8746;cu-zn-mosiadz;102;2;91
1655030008MIT;NITOKOLEK 3.0X8M ISO8746;;1655;NITOKOLEK 3.0X8M ISO8746;cu-zn-mosiadz;102;2;91
1655030010MIT;NITOKOLEK 3.0X10M ISO8746;;1655;NITOKOLEK 3.0X10M ISO8746;cu-zn-mosiadz;102;2;91
1655030012MIT;NITOKOLEK 3.0X12M ISO8746;;1655;NITOKOLEK 3.0X12M ISO8746;cu-zn-mosiadz;102;2;91
1655040006ALIT;NITOKOLEK 4.0X6AL ISO8746;;1655;NITOKOLEK 4.0X6AL ISO8746;zn-al-stop-aluminium;102;2;91
1655040008ALIT;NITOKOLEK 4.0X8AL ISO8746;;1655;NITOKOLEK 4.0X8AL ISO8746;zn-al-stop-aluminium;102;2;91
1655040010ALIT;NITOKOLEK 4.0X10AL ISO8746;;1655;NITOKOLEK 4.0X10AL ISO8746;zn-al-stop-aluminium;102;2;91
1655050012ALIT;NITOKOLEK 5.0X12AL ISO8746;;1655;NITOKOLEK 5.0X12AL ISO8746;zn-al-stop-aluminium;102;2;91
1671030005II13918T;KOLEK DO ZGRZEW.M3X5I  ISO13918PT;;1671;KOLEK DO ZGRZEW.M3X5I  ISO13918PT;;50;2;2
1671030006II13918T;KOLEK DO ZGRZEW.M3X6I  ISO13918PT;;1671;KOLEK DO ZGRZEW.M3X6I  ISO13918PT;;50;2;2
1671030008II13918T;KOLEK DO ZGRZEW.M3X8I  ISO13918PT;;1671;KOLEK DO ZGRZEW.M3X8I  ISO13918PT;;50;2;2
1671030010II13918T;KOLEK DO ZGRZEW.M3X10I  ISO13918PT;;1671;KOLEK DO ZGRZEW.M3X10I  ISO13918PT;;50;2;2
1671030012II13918T;KOLEK DO ZGRZEW.M3X12I  ISO13918PT;;1671;KOLEK DO ZGRZEW.M3X12I  ISO13918PT;;50;2;2
1671030016II13918T;KOLEK DO ZGRZEW.M3X16I  ISO13918PT;;1671;KOLEK DO ZGRZEW.M3X16I  ISO13918PT;;50;2;2
1671030020II13918T;KOLEK DO ZGRZEW.M3X20I  ISO13918PT;;1671;KOLEK DO ZGRZEW.M3X20I  ISO13918PT;;50;2;2
1671030025II13918T;KOLEK DO ZGRZEW.M3X25I  ISO13918PT;;1671;KOLEK DO ZGRZEW.M3X25I  ISO13918PT;;50;2;2
1671040006II13918T;KOLEK DO ZGRZEW.M4X6I  ISO13918PT;;1671;KOLEK DO ZGRZEW.M4X6I  ISO13918PT;;50;2;2
1671040008II13918T;KOLEK DO ZGRZEW.M4X8I  ISO13918PT;;1671;KOLEK DO ZGRZEW.M4X8I  ISO13918PT;;50;2;2
1671040010II13918T;KOLEK DO ZGRZEW.M4X10I  ISO13918PT;;1671;KOLEK DO ZGRZEW.M4X10I  ISO13918PT;;50;2;2
1671040012II13918T;KOLEK DO ZGRZEW.M4X12I  ISO13918PT;;1671;KOLEK DO ZGRZEW.M4X12I  ISO13918PT;;50;2;2
1671040016II13918T;KOLEK DO ZGRZEW.M4X16I  ISO13918PT;;1671;KOLEK DO ZGRZEW.M4X16I  ISO13918PT;;50;2;2
1671040020II13918T;KOLEK DO ZGRZEW.M4X20I  ISO13918PT;;1671;KOLEK DO ZGRZEW.M4X20I  ISO13918PT;;50;2;2
1671040025II13918T;KOLEK DO ZGRZEW.M4X25I  ISO13918PT;;1671;KOLEK DO ZGRZEW.M4X25I  ISO13918PT;;50;2;2
1671040035II13918T;KOLEK DO ZGRZEW.M4X35I  ISO13918PT;;1671;KOLEK DO ZGRZEW.M4X35I  ISO13918PT;;50;2;2
1671050006II13918T;KOLEK DO ZGRZEW.M5X6I  ISO13918PT;;1671;KOLEK DO ZGRZEW.M5X6I  ISO13918PT;;50;2;2
1671050008II13918T;KOLEK DO ZGRZEW.M5X8I  ISO13918PT;;1671;KOLEK DO ZGRZEW.M5X8I  ISO13918PT;;50;2;2
1671050010II13918T;KOLEK DO ZGRZEW.M5X10I  ISO13918PT;;1671;KOLEK DO ZGRZEW.M5X10I  ISO13918PT;;50;2;2
1671050012II13918T;KOLEK DO ZGRZEW.M5X12I  ISO13918PT;;1671;KOLEK DO ZGRZEW.M5X12I  ISO13918PT;;50;2;2
1671050016II13918T;KOLEK DO ZGRZEW.M5X16I  ISO13918PT;;1671;KOLEK DO ZGRZEW.M5X16I  ISO13918PT;;50;2;2
1671050020II13918T;KOLEK DO ZGRZEW.M5X20I  ISO13918PT;;1671;KOLEK DO ZGRZEW.M5X20I  ISO13918PT;;50;2;2
1671050025II13918T;KOLEK DO ZGRZEW.M5X25I  ISO13918PT;;1671;KOLEK DO ZGRZEW.M5X25I  ISO13918PT;;50;2;2
1671050030II13918T;KOLEK DO ZGRZEW.M5X30I  ISO13918PT;;1671;KOLEK DO ZGRZEW.M5X30I  ISO13918PT;;50;2;2
1671050040II13918T;KOLEK DO ZGRZEW.M5X40I  ISO13918PT;;1671;KOLEK DO ZGRZEW.M5X40I  ISO13918PT;;50;2;2
1671060010II13918T;KOLEK DO ZGRZEW.M6X10I  ISO13918PT;;1671;KOLEK DO ZGRZEW.M6X10I  ISO13918PT;;50;2;2
1671060012II13918T;KOLEK DO ZGRZEW.M6X12I  ISO13918PT;;1671;KOLEK DO ZGRZEW.M6X12I  ISO13918PT;;50;2;2
1671060015II13918T;KOLEK DO ZGRZEW.M6X15I  ISO13918PT;;1671;KOLEK DO ZGRZEW.M6X15I  ISO13918PT;;50;2;2
1671060016II13918T;KOLEK DO ZGRZEW.M6X16I  ISO13918PT;;1671;KOLEK DO ZGRZEW.M6X16I  ISO13918PT;;50;2;2
1671060020II13918T;KOLEK DO ZGRZEW.M6X20I  ISO13918PT;;1671;KOLEK DO ZGRZEW.M6X20I  ISO13918PT;;50;2;2
1671060025II13918T;KOLEK DO ZGRZEW.M6X25I  ISO13918PT;;1671;KOLEK DO ZGRZEW.M6X25I  ISO13918PT;;50;2;2
1671060030II13918T;KOLEK DO ZGRZEW.M6X30I  ISO13918PT;;1671;KOLEK DO ZGRZEW.M6X30I  ISO13918PT;;50;2;2
1671060030MT;KOLEK DO ZGRZEWANIAISO13918 PT M6X30M;;1671;KOLEK DO ZGRZEWANIAISO13918 PT M6X30M;;50;2;2
1671060035II13918T;KOLEK DO ZGRZEW.M6X35I  ISO13918PT;;1671;KOLEK DO ZGRZEW.M6X35I  ISO13918PT;;50;2;2
1671060040II13918T;KOLEK DO ZGRZEW.M6X40I  ISO13918PT;;1671;KOLEK DO ZGRZEW.M6X40I  ISO13918PT;;50;2;2
1671060040MT;KOLEK DO ZGRZEWANIA ISO13918 PT M6x40 M;;1671;KOLEK DO ZGRZEWANIA ISO13918 PT M6x40 M;;50;2;2
1671060055II13918T;KOLEK DO ZGRZEW.M6X55I  ISO13918PT;;1671;KOLEK DO ZGRZEW.M6X55I  ISO13918PT;;50;2;2
1671080010II13918T;KOLEK DO ZGRZEW.M8X10I ISO13918PT;;1671;KOLEK DO ZGRZEW.M8X10I ISO13918PT;;50;2;2
1671080015II13918T;KOLEK DO ZGRZEW.M8X15I  ISO13918PT;;1671;KOLEK DO ZGRZEW.M8X15I  ISO13918PT;;50;2;2
1671080016II13918T;KOLEK DO ZGRZEW.M8X16I  ISO13918PT;;1671;KOLEK DO ZGRZEW.M8X16I  ISO13918PT;;50;2;2
1671080020II13918T;KOLEK DO ZGRZEW.M8X20I  ISO13918PT;;1671;KOLEK DO ZGRZEW.M8X20I  ISO13918PT;;50;2;2
1671080025II13918T;KOLEK DO ZGRZEW.M8X25I  ISO13918PT;;1671;KOLEK DO ZGRZEW.M8X25I  ISO13918PT;;50;2;2
1671080030II13918T;KOLEK DO ZGRZEW.M8X30I  ISO13918PT;;1671;KOLEK DO ZGRZEW.M8X30I  ISO13918PT;;50;2;2
1671080035II13918T;KOLEK DO ZGRZEW.M8X35I  ISO13918PT;;1671;KOLEK DO ZGRZEW.M8X35I  ISO13918PT;;50;2;2
1671080035SD32501T;KOLEK DO ZGRZEW.M8X35 S DIN32501;;1671;KOLEK DO ZGRZEW.M8X35 S DIN32501;;50;2;2
1671080040II13918T;KOLEK DO ZGRZEW.M8X40I  ISO13918PT;;1671;KOLEK DO ZGRZEW.M8X40I  ISO13918PT;;50;2;2
1671100025II13918T;KOLEK DO ZGRZEW.M10X25I  ISO13918PT;;1671;KOLEK DO ZGRZEW.M10X25I  ISO13918PT;;50;2;2
1671100030II13918T;KOLEK DO ZGRZEW.M10X30I  ISO13918PT;;1671;KOLEK DO ZGRZEW.M10X30I  ISO13918PT;;50;2;2
2499030008CUD661T;NIT ZAKLEPYWANY STOZ. 3X8 CU DIN661;;2499;Nity zrywalne - inne NIT ZAKLEPYWANY STOZ. 3X8 CU DIN661;;271;3;233
2499030010CUD661T;NIT ZAKLEPYWANY STOZ. 3X10 CU DIN661;;2499;Nity zrywalne - inne NIT ZAKLEPYWANY STOZ. 3X10 CU DIN661;;271;3;233
2499030016CUD661T;NIT ZAKLEPYWANY STOZ. 3X16 CU DIN661;;2499;Nity zrywalne - inne NIT ZAKLEPYWANY STOZ. 3X16 CU DIN661;;271;3;233
2499030026BD6791K;NIT KULISTY 3.0X026B DIN6791;;2499;Nity zrywalne - inne NIT KULISTY 3.0X026B DIN6791;;271;3;233
2499030030CUD661T;NIT ZAKLEPYWANY STOZ. 3X30 CU DIN661;;2499;Nity zrywalne - inne NIT ZAKLEPYWANY STOZ. 3X30 CU DIN661;;271;3;233
2499030060ALD660K;NIT 3.0X.6 AL NIT KULISTY DIN 660;;2499;Nity zrywalne - inne NIT 3.0X.6 AL NIT KULISTY DIN 660;;271;3;233
2499040100ALD660T;NIT 4.0X10AL NIT KULISTY DIN660;;2499;Nity zrywalne - inne NIT 4.0X10AL NIT KULISTY DIN660;;271;3;233
2499040136AATR910T;NIT ZRYW.4.0X13.6 AL/AL TREBOL RAL9010;;2499;Nity zrywalne - inne NIT ZRYW.4.0X13.6 AL/AL TREBOL RAL9010;;271;3;233
2499048100AA7016T;NIT ZRYW.4.8X10  ALU/ALU RAL 7016;;2499;Nity zrywalne - inne NIT ZRYW.4.8X10  ALU/ALU RAL 7016;;271;3;233
2499048100AA8004T;NIT ZRYW.4.8X10  ALU/ALU RAL 8004;;2499;Nity zrywalne - inne NIT ZRYW.4.8X10  ALU/ALU RAL 8004;;271;3;233
2499048100AA8017T;NIT ZRYW.4.8X10  ALU/ALU RAL 8017;;2499;Nity zrywalne - inne NIT ZRYW.4.8X10  ALU/ALU RAL 8017;;271;3;233
2499048100AA9010T;NIT ZRYW.4.8X10  ALU/ALU RAL 9010;;2499;Nity zrywalne - inne NIT ZRYW.4.8X10  ALU/ALU RAL 9010;;271;3;233
2499048100AAT;NIT ZRYW.4.8X10  ALU/ALU;;2499;Nity zrywalne - inne NIT ZRYW.4.8X10  ALU/ALU;;271;3;233
2499048160AIT;NIT ZRYW.4.8X16 AL/A2;;2499;Nity zrywalne - inne NIT ZRYW.4.8X16 AL/A2;;271;3;233
2499048205AATRT;NIT ZRYW.4.8X20.5 AL/AL TREBOL;;2499;Nity zrywalne - inne NIT ZRYW.4.8X20.5 AL/AL TREBOL;;271;3;233
2499048240AS14T;NIT ZRYW.4.8X24 AL/ST WH14 ROZPREZNY;;2499;Nity zrywalne - inne NIT ZRYW.4.8X24 AL/ST WH14 ROZPREZNY;;271;3;233
2499048245AATRT;NIT ZRYW.4.8X24.5 AL/AL TREBOL;;2499;Nity zrywalne - inne NIT ZRYW.4.8X24.5 AL/AL TREBOL;;271;3;233
2499050008BD6791T;NIT KULISTY 5.0X.8B DIN6791;;2499;Nity zrywalne - inne NIT KULISTY 5.0X.8B DIN6791;;271;3;233
2499050050BPN2952T;NIT 5.0X50B NIT KULISTY PN 82952;;2499;Nity zrywalne - inne NIT 5.0X50B NIT KULISTY PN 82952;;271;3;233
2499060009BZAPLK;NIT ZAKLEPYWANY PLASKI 6X9B;;2499;Nity zrywalne - inne NIT ZAKLEPYWANY PLASKI 6X9B;;271;3;233
2499060010BZAPLK;NIT ZAKLEPYWANY PLASKI  6X10B;;2499;Nity zrywalne - inne NIT ZAKLEPYWANY PLASKI  6X10B;;271;3;233
2499060010SD660T;NIT6.0X10S NIT KULISTY DIN660;;2499;Nity zrywalne - inne NIT6.0X10S NIT KULISTY DIN660;;271;3;233
2499060012BZAPLK;NIT ZAKLEPYWANY PLASKI 6X12B;;2499;Nity zrywalne - inne NIT ZAKLEPYWANY PLASKI 6X12B;;271;3;233
2499060023BD6791T;NIT KULISTY 6.0X23B DIN6791;;2499;Nity zrywalne - inne NIT KULISTY 6.0X23B DIN6791;;271;3;233
2499060026SD660T;NIT 6.0X26S NIT KULISTY DIN660;;2499;Nity zrywalne - inne NIT 6.0X26S NIT KULISTY DIN660;;271;3;233
2499060130SSWZRIVT;NIT ZRYW.6.0X13 ST/ST WZMOC.RIVBU;;2499;Nity zrywalne - inne NIT ZRYW.6.0X13 ST/ST WZMOC.RIVBU;;271;3;233
2499060160SSWZRIVT;NIT ZRYW.6.0X16 ST/ST WZMOC.RIVBU;;2499;Nity zrywalne - inne NIT ZRYW.6.0X16 ST/ST WZMOC.RIVBU;;271;3;233
2499064200SS19T;NIT ZRYW.6.4X20  ST/ST WH19;;2499;Nity zrywalne - inne NIT ZRYW.6.4X20  ST/ST WH19;;271;3;233
2499064250SS19T;NIT ZRYW.6.4X25  ST/ST WH19;;2499;Nity zrywalne - inne NIT ZRYW.6.4X25  ST/ST WH19;;271;3;233
2499078135SSSTLOCT;NIT ZRYW.7.8X13.5 ST/ST STRUKT.LOCKRIV;;2499;Nity zrywalne - inne NIT ZRYW.7.8X13.5 ST/ST STRUKT.LOCKRIV;;271;3;233
2499078165SSSTLOCT;NIT ZRYW.7.8X16.5 ST/ST STRUKT.LOCKRIV;;2499;Nity zrywalne - inne NIT ZRYW.7.8X16.5 ST/ST STRUKT.LOCKRIV;;271;3;233
2499078195SSSTLOCT;NIT ZRYW.7.8X19.5 ST/ST STRUKT.LOCKRIV;;2499;Nity zrywalne - inne NIT ZRYW.7.8X19.5 ST/ST STRUKT.LOCKRIV;;271;3;233
2499078225SSSTLOCT;NIT ZRYW.7.8X22.5 ST/ST STRUKT.LOCKRIV;;2499;Nity zrywalne - inne NIT ZRYW.7.8X22.5 ST/ST STRUKT.LOCKRIV;;271;3;233
2499078275SSSTLOCT;NIT ZRYW.7.8X27.5 ST/ST STRUKT.LOCKRIV;;2499;Nity zrywalne - inne NIT ZRYW.7.8X27.5 ST/ST STRUKT.LOCKRIV;;271;3;233
2499078315SSSTLOCT;NIT ZRYW.7.8X31.5 ST/ST STRUKT.LOCKRIV;;2499;Nity zrywalne - inne NIT ZRYW.7.8X31.5 ST/ST STRUKT.LOCKRIV;;271;3;233
2499080030SD660T;NIT 8.0X30S NIT KULISTY DIN660;;2499;Nity zrywalne - inne NIT 8.0X30S NIT KULISTY DIN660;;271;3;233
2499080035SD660T;NIT 8.0X35S NIT KULISTY DIN660;;2499;Nity zrywalne - inne NIT 8.0X35S NIT KULISTY DIN660;;271;3;233
2499120040SD124T;NIT 12.0X40S NIT KULISTY DIN124;;2499;Nity zrywalne - inne NIT 12.0X40S NIT KULISTY DIN124;;271;3;233
3101035016PZBF07T;U03.5X016-UP-PZ-B   WKR.UNIX PODK. F07;;3101;Wkręt UNIX z łbem z podkładką z gwintem na całości U03.5X016-UP-PZ-B   WKR.UNIX PODK. F07;st-h-stal-weglowa-hartowana;317;2;308
3101035022PZBNHT;U03.5X022-UP-PZ-B  WKR.UNIX PODK.N/H;;3101;Wkręt UNIX z łbem z podkładką z gwintem na całości U03.5X022-UP-PZ-B  WKR.UNIX PODK.N/H;st-h-stal-weglowa-hartowana;317;2;308
3101035027PZBNHST;U03.5X027-UP-PZ-B-S WKR.UNIX PODK.N/H;;3101;Wkręt UNIX z łbem z podkładką z gwintem na całości U03.5X027-UP-PZ-B-S WKR.UNIX PODK.N/H;st-h-stal-weglowa-hartowana;317;2;308
3101040020PZ7022T;U04.0X020-UP-PZ-RAL7022 WKR.UNIX PODK.;;3101;Wkręt UNIX z łbem z podkładką z gwintem na całości U04.0X020-UP-PZ-RAL7022 WKR.UNIX PODK.;st-h-stal-weglowa-hartowana;317;2;308
3101040020PZBSNHT;U04.0X020-UP-PZ-B--S UNIX PODK.NIEHARTOW;;3101;Wkręt UNIX z łbem z podkładką z gwintem na całości U04.0X020-UP-PZ-B--S UNIX PODK.NIEHARTOW;st-h-stal-weglowa-hartowana;317;2;308
3101040024PZBNHT;U04.0X024-UP-PZ-B    WKR.UNIX PODK. N/H;;3101;Wkręt UNIX z łbem z podkładką z gwintem na całości U04.0X024-UP-PZ-B    WKR.UNIX PODK. N/H;st-h-stal-weglowa-hartowana;317;2;308
3101040027PZBNHST;U04.0X027-UP-PZ-B-S WKR.UNIX PODK.N/H;;3101;Wkręt UNIX z łbem z podkładką z gwintem na całości U04.0X027-UP-PZ-B-S WKR.UNIX PODK.N/H;st-h-stal-weglowa-hartowana;317;2;308
3101050035PZBF07T;U05.0X035-UP-PZ-B   WKR.UNIX PODK. F07;;3101;Wkręt UNIX z łbem z podkładką z gwintem na całości U05.0X035-UP-PZ-B   WKR.UNIX PODK. F07;st-h-stal-weglowa-hartowana;317;2;308
3101050050PZBT;U05.0X050-UP-PZ-B WKR.UNIX PODK.;;3101;Wkręt UNIX z łbem z podkładką z gwintem na całości U05.0X050-UP-PZ-B WKR.UNIX PODK.;st-h-stal-weglowa-hartowana;317;2;308
3103025010PZCT;U02.5X010-US-PZ-C WKR.UNIX STOZ.;;3103;Wkręt UNIX z łbem stożkowym z gwintem na całości U02.5X010-US-PZ-C WKR.UNIX STOZ.;st-h-stal-weglowa-hartowana;1264;2;1174
3103025012PZBDXK;U02.5X012-US-PZ-B WKR.UNIX STOZ.;;3103;Wkręt UNIX z łbem stożkowym z gwintem na całości U02.5X012-US-PZ-B WKR.UNIX STOZ.;st-h-stal-weglowa-hartowana;1264;2;1174
3103030013PZADXK;U03.0X013-US-PZ-A WKR.UNIX STOZ.;;3103;Wkręt UNIX z łbem stożkowym z gwintem na całości U03.0X013-US-PZ-A WKR.UNIX STOZ.;st-h-stal-weglowa-hartowana;1264;2;1174
3103030016PZADXK;U03.0X016-US-PZ-A WKR.UNIX STOZ.;;3103;Wkręt UNIX z łbem stożkowym z gwintem na całości U03.0X016-US-PZ-A WKR.UNIX STOZ.;st-h-stal-weglowa-hartowana;1264;2;1174
3103030016PZBDXK;U03.0X016-US-PZ-B WKR.UNIX STOZ.;;3103;Wkręt UNIX z łbem stożkowym z gwintem na całości U03.0X016-US-PZ-B WKR.UNIX STOZ.;st-h-stal-weglowa-hartowana;1264;2;1174
3103030020PZADXK;U03.0X020-US-PZ-A WKR.UNIX STOZ.;;3103;Wkręt UNIX z łbem stożkowym z gwintem na całości U03.0X020-US-PZ-A WKR.UNIX STOZ.;st-h-stal-weglowa-hartowana;1264;2;1174
3103030020PZBDXK;U03.0X020-US-PZ-B WKR.UNIX STOZ.;;3103;Wkręt UNIX z łbem stożkowym z gwintem na całości U03.0X020-US-PZ-B WKR.UNIX STOZ.;st-h-stal-weglowa-hartowana;1264;2;1174
3103030020PZCPRK;U03.0X020-US-PZ-C PRK-kg~1,58tys;;3103;Wkręt UNIX z łbem stożkowym z gwintem na całości U03.0X020-US-PZ-C PRK-kg~1,58tys;st-h-stal-weglowa-hartowana;1264;2;1174
3103030025PZADXK;U03.0X025-US-PZ-A WKR.UNIX STOZ.;;3103;Wkręt UNIX z łbem stożkowym z gwintem na całości U03.0X025-US-PZ-A WKR.UNIX STOZ.;st-h-stal-weglowa-hartowana;1264;2;1174
3103030030PZADXK;U03.0X030-US-PZ-A WKR.UNIX STOZ.;;3103;Wkręt UNIX z łbem stożkowym z gwintem na całości U03.0X030-US-PZ-A WKR.UNIX STOZ.;st-h-stal-weglowa-hartowana;1264;2;1174
3103030035PZBK;U03.0X035-US-PZ-B WKR.UNIX STOZ.;;3103;Wkręt UNIX z łbem stożkowym z gwintem na całości U03.0X035-US-PZ-B WKR.UNIX STOZ.;st-h-stal-weglowa-hartowana;1264;2;1174
3103035013PZADXK;U03.5X013-US-PZ-A WKR.UNIX STOZ.;;3103;Wkręt UNIX z łbem stożkowym z gwintem na całości U03.5X013-US-PZ-A WKR.UNIX STOZ.;st-h-stal-weglowa-hartowana;1264;2;1174
3103035016PZAF07T;U03.5X016-US-PZ-A   WKR.UNIX STOZ. F07;;3103;Wkręt UNIX z łbem stożkowym z gwintem na całości U03.5X016-US-PZ-A   WKR.UNIX STOZ. F07;st-h-stal-weglowa-hartowana;1264;2;1174
3103035016PZBNHPRK;U03.5X016-US-PZ-B NIEHART PRK-kg~1,44tys;;3103;Wkręt UNIX z łbem stożkowym z gwintem na całości U03.5X016-US-PZ-B NIEHART PRK-kg~1,44tys;st-h-stal-weglowa-hartowana;1264;2;1174
3103035020PZADXK;U03.5X020-US-PZ-A WKR.UNIX STOZ.;;3103;Wkręt UNIX z łbem stożkowym z gwintem na całości U03.5X020-US-PZ-A WKR.UNIX STOZ.;st-h-stal-weglowa-hartowana;1264;2;1174
3103035020PZBNHPRK;U03.5X020-US-PZ-B NIEHART PRK-kg~1,19tys;;3103;Wkręt UNIX z łbem stożkowym z gwintem na całości U03.5X020-US-PZ-B NIEHART PRK-kg~1,19tys;st-h-stal-weglowa-hartowana;1264;2;1174
3103035022PZ9016T;U03.5X022-US-PZ- RAL 9016 WKR.UNIX STOZ.;;3103;Wkręt UNIX z łbem stożkowym z gwintem na całości U03.5X022-US-PZ- RAL 9016 WKR.UNIX STOZ.;st-h-stal-weglowa-hartowana;1264;2;1174
3103035025PZADXK;U03.5X025-US-PZ-A WKR.UNIX STOZ.;;3103;Wkręt UNIX z łbem stożkowym z gwintem na całości U03.5X025-US-PZ-A WKR.UNIX STOZ.;st-h-stal-weglowa-hartowana;1264;2;1174
3103035030PZADXK;U03.5X030-US-PZ-A WKR.UNIX STOZ.;;3103;Wkręt UNIX z łbem stożkowym z gwintem na całości U03.5X030-US-PZ-A WKR.UNIX STOZ.;st-h-stal-weglowa-hartowana;1264;2;1174
3103035035PZADXK;U03.5X035-US-PZ-A WKR.UNIX STOZ.;;3103;Wkręt UNIX z łbem stożkowym z gwintem na całości U03.5X035-US-PZ-A WKR.UNIX STOZ.;st-h-stal-weglowa-hartowana;1264;2;1174
3103035035PZAF07T;U03.5X035-US-PZ-A WKR.UNIX STOZ. F07;;3103;Wkręt UNIX z łbem stożkowym z gwintem na całości U03.5X035-US-PZ-A WKR.UNIX STOZ. F07;st-h-stal-weglowa-hartowana;1264;2;1174
3103035035PZBDXK;U03.5X035-US-PZ-B WKR.UNIX STOZ.;;3103;Wkręt UNIX z łbem stożkowym z gwintem na całości U03.5X035-US-PZ-B WKR.UNIX STOZ.;st-h-stal-weglowa-hartowana;1264;2;1174
3103035040PZADXK;U03.5X040-US-PZ-A WKR.UNIX STOZ.;;3103;Wkręt UNIX z łbem stożkowym z gwintem na całości U03.5X040-US-PZ-A WKR.UNIX STOZ.;st-h-stal-weglowa-hartowana;1264;2;1174
3103035040PZAF07T;U03.5X040-US-PZ-A WKR.UNIX STOZ. F07;;3103;Wkręt UNIX z łbem stożkowym z gwintem na całości U03.5X040-US-PZ-A WKR.UNIX STOZ. F07;st-h-stal-weglowa-hartowana;1264;2;1174
3103035045PZCT;U03.5X045-US-PZ-C      WKR.UNIX STOZ.;;3103;Wkręt UNIX z łbem stożkowym z gwintem na całości U03.5X045-US-PZ-C      WKR.UNIX STOZ.;st-h-stal-weglowa-hartowana;1264;2;1174
3103040012PZADXK;U04.0X012-US-PZ-A WKR.UNIX STOZ.;;3103;Wkręt UNIX z łbem stożkowym z gwintem na całości U04.0X012-US-PZ-A WKR.UNIX STOZ.;st-h-stal-weglowa-hartowana;1264;2;1174
3103040013PZCL2T;U04.0X013-US-PZ-C WKR.UNIX STOZ.L2;;3103;Wkręt UNIX z łbem stożkowym z gwintem na całości U04.0X013-US-PZ-C WKR.UNIX STOZ.L2;st-h-stal-weglowa-hartowana;1264;2;1174
3103040016PZAF07T;U04.0X016-US-PZ-A     WKR.UNIX STOZ. F07;;3103;Wkręt UNIX z łbem stożkowym z gwintem na całości U04.0X016-US-PZ-A     WKR.UNIX STOZ. F07;st-h-stal-weglowa-hartowana;1264;2;1174
3103040016PZBDXK;U04.0X016-US-PZ-B WKR.UNIX STOZ.;;3103;Wkręt UNIX z łbem stożkowym z gwintem na całości U04.0X016-US-PZ-B WKR.UNIX STOZ.;st-h-stal-weglowa-hartowana;1264;2;1174
3103040016PZBNHPRK;U04.0X016-US-PZ-B NIEHART PRK-kg~1,02tys;;3103;Wkręt UNIX z łbem stożkowym z gwintem na całości U04.0X016-US-PZ-B NIEHART PRK-kg~1,02tys;st-h-stal-weglowa-hartowana;1264;2;1174
3103040020PZAF07T;U04.0X020-US-PZ-A    WKR.UNIX STOZ.  F07;;3103;Wkręt UNIX z łbem stożkowym z gwintem na całości U04.0X020-US-PZ-A    WKR.UNIX STOZ.  F07;st-h-stal-weglowa-hartowana;1264;2;1174
3103040025PZAF07T;U04.0X025-US-PZ-A WKR.UNIX STOZ. F07;;3103;Wkręt UNIX z łbem stożkowym z gwintem na całości U04.0X025-US-PZ-A WKR.UNIX STOZ. F07;st-h-stal-weglowa-hartowana;1264;2;1174
3103040025PZBSPAXT;U04.0X025-US-PZ-B  SPAX WKR.UNIX STOŻ.;;3103;Wkręt UNIX z łbem stożkowym z gwintem na całości U04.0X025-US-PZ-B  SPAX WKR.UNIX STOŻ.;st-h-stal-weglowa-hartowana;1264;2;1174
3103040025TXBSPAXT;U04.0X025-US-TX-B  SPAX WKR.UNIX STOŻ.;;3103;Wkręt UNIX z łbem stożkowym z gwintem na całości U04.0X025-US-TX-B  SPAX WKR.UNIX STOŻ.;st-h-stal-weglowa-hartowana;1264;2;1174
3103040030PZAF07T;U04.0X030-US-PZ-A     WKR.UNIX STOZ. F07;;3103;Wkręt UNIX z łbem stożkowym z gwintem na całości U04.0X030-US-PZ-A     WKR.UNIX STOZ. F07;st-h-stal-weglowa-hartowana;1264;2;1174
3103040030PZNL2T;U04.0X030-US-PZ-N WKR.UNIX STOZ.L2;;3103;Wkręt UNIX z łbem stożkowym z gwintem na całości U04.0X030-US-PZ-N WKR.UNIX STOZ.L2;st-h-stal-weglowa-hartowana;1264;2;1174
3103040035PZADXK;U04.0X035-US-PZ-A WKR.UNIX STOZ.;;3103;Wkręt UNIX z łbem stożkowym z gwintem na całości U04.0X035-US-PZ-A WKR.UNIX STOZ.;st-h-stal-weglowa-hartowana;1264;2;1174
3103040040PZADXK;U04.0X040-US-PZ-A WKR.UNIX STOZ.;;3103;Wkręt UNIX z łbem stożkowym z gwintem na całości U04.0X040-US-PZ-A WKR.UNIX STOZ.;st-h-stal-weglowa-hartowana;1264;2;1174
3103040040PZAF07T;U04.0X040-US-PZ-A    WKR.UNIX STOZ.  F07;;3103;Wkręt UNIX z łbem stożkowym z gwintem na całości U04.0X040-US-PZ-A    WKR.UNIX STOZ.  F07;st-h-stal-weglowa-hartowana;1264;2;1174
3103040040PZBDXK;U04.0X040-US-PZ-B WKR.UNIX STOZ.;;3103;Wkręt UNIX z łbem stożkowym z gwintem na całości U04.0X040-US-PZ-B WKR.UNIX STOZ.;st-h-stal-weglowa-hartowana;1264;2;1174
3103040045PZADXK;U04.0X045-US-PZ-A WKR.UNIX STOZ.;;3103;Wkręt UNIX z łbem stożkowym z gwintem na całości U04.0X045-US-PZ-A WKR.UNIX STOZ.;st-h-stal-weglowa-hartowana;1264;2;1174
3103040045PZAG72LT;U04.0X045-US-PZ-BG UNIX STOZ. 72/144 L2;;3103;Wkręt UNIX z łbem stożkowym z gwintem na całości U04.0X045-US-PZ-BG UNIX STOZ. 72/144 L2;st-h-stal-weglowa-hartowana;1264;2;1174
3103040045PZBDXK;U04.0X045-US-PZ-B WKR.UNIX STOZ.;;3103;Wkręt UNIX z łbem stożkowym z gwintem na całości U04.0X045-US-PZ-B WKR.UNIX STOZ.;st-h-stal-weglowa-hartowana;1264;2;1174
3103040045PZBDXT;U04.0X045-US-PZ-B WKR.UNIX STOZ.;;3103;Wkręt UNIX z łbem stożkowym z gwintem na całości U04.0X045-US-PZ-B WKR.UNIX STOZ.;st-h-stal-weglowa-hartowana;1264;2;1174
3103040045PZCK;U04.0X045-US-PZ-C     WKR.UNIX.STOZ.;;3103;Wkręt UNIX z łbem stożkowym z gwintem na całości U04.0X045-US-PZ-C     WKR.UNIX.STOZ.;st-h-stal-weglowa-hartowana;1264;2;1174
3103040050PZADXK;U04.0X050-US-PZ-A WKR.UNIX STOZ.;;3103;Wkręt UNIX z łbem stożkowym z gwintem na całości U04.0X050-US-PZ-A WKR.UNIX STOZ.;st-h-stal-weglowa-hartowana;1264;2;1174
3103040050PZAF07T;U04.0X050-US-PZ-A     WKR.UNIX STOZ. F07;;3103;Wkręt UNIX z łbem stożkowym z gwintem na całości U04.0X050-US-PZ-A     WKR.UNIX STOZ. F07;st-h-stal-weglowa-hartowana;1264;2;1174
3103040050PZBDXK;U04.0X050-US-PZ-B WKR.UNIX STOZ.;;3103;Wkręt UNIX z łbem stożkowym z gwintem na całości U04.0X050-US-PZ-B WKR.UNIX STOZ.;st-h-stal-weglowa-hartowana;1264;2;1174
3103040060TXBT   ;U04.0X060-US-TX-B      WKR.UNIX STOZ.;;3103;Wkręt UNIX z łbem stożkowym z gwintem na całości U04.0X060-US-TX-B      WKR.UNIX STOZ.;;1264;2;1174
3103045016PZBDXK;U04.5X016-US-PZ-B WKR.UNIX STOZ.;;3103;Wkręt UNIX z łbem stożkowym z gwintem na całości U04.5X016-US-PZ-B WKR.UNIX STOZ.;st-h-stal-weglowa-hartowana;1264;2;1174
3103045020PZAF07T;U04.5X020-US-PZ-A WKR.UNIX STOZ. F07;;3103;Wkręt UNIX z łbem stożkowym z gwintem na całości U04.5X020-US-PZ-A WKR.UNIX STOZ. F07;st-h-stal-weglowa-hartowana;1264;2;1174
3103045025PZBDXK;U04.5X025-US-PZ-B WKR.UNIX STOZ.;;3103;Wkręt UNIX z łbem stożkowym z gwintem na całości U04.5X025-US-PZ-B WKR.UNIX STOZ.;st-h-stal-weglowa-hartowana;1264;2;1174
3103045030PZBDXK;U04.5X030-US-PZ-B WKR.UNIX STOZ.;;3103;Wkręt UNIX z łbem stożkowym z gwintem na całości U04.5X030-US-PZ-B WKR.UNIX STOZ.;st-h-stal-weglowa-hartowana;1264;2;1174
3103045030PZBDXT;U04.5X030-US-PZ-B   WKR.UNIX STOZ.;;3103;Wkręt UNIX z łbem stożkowym z gwintem na całości U04.5X030-US-PZ-B   WKR.UNIX STOZ.;st-h-stal-weglowa-hartowana;1264;2;1174
3103045030PZNT;U04.5X030-US-PZ-N      WKR.UNIX STOZ.;;3103;Wkręt UNIX z łbem stożkowym z gwintem na całości U04.5X030-US-PZ-N      WKR.UNIX STOZ.;st-h-stal-weglowa-hartowana;1264;2;1174
3103045035PZBDXK;U04.5X035-US-PZ-B WKR.UNIX STOZ.;;3103;Wkręt UNIX z łbem stożkowym z gwintem na całości U04.5X035-US-PZ-B WKR.UNIX STOZ.;st-h-stal-weglowa-hartowana;1264;2;1174
3103045035PZRT;U04.5X035-US-PZ-R      WKR.UNIX STOZ.;;3103;Wkręt UNIX z łbem stożkowym z gwintem na całości U04.5X035-US-PZ-R      WKR.UNIX STOZ.;st-h-stal-weglowa-hartowana;1264;2;1174
3103045050PZADXK;U04.5X050-US-PZ-A WKR.UNIX STOZ.;;3103;Wkręt UNIX z łbem stożkowym z gwintem na całości U04.5X050-US-PZ-A WKR.UNIX STOZ.;st-h-stal-weglowa-hartowana;1264;2;1174
3103045055PZBDXK;U04.5X055-US-PZ-B WKR.UNIX STOZ.;;3103;Wkręt UNIX z łbem stożkowym z gwintem na całości U04.5X055-US-PZ-B WKR.UNIX STOZ.;st-h-stal-weglowa-hartowana;1264;2;1174
3103045060PZBDXK;U04.5X060-US-PZ-B WKR.UNIX STOZ.;;3103;Wkręt UNIX z łbem stożkowym z gwintem na całości U04.5X060-US-PZ-B WKR.UNIX STOZ.;st-h-stal-weglowa-hartowana;1264;2;1174
3103050020PZAF07T;U05.0X020-US-PZ-A    WKR.UNIX STOZ. F07;;3103;Wkręt UNIX z łbem stożkowym z gwintem na całości U05.0X020-US-PZ-A    WKR.UNIX STOZ. F07;st-h-stal-weglowa-hartowana;1264;2;1174
3103050020PZBDXK;U05.0X020-US-PZ-B WKR.UNIX STOZ.;;3103;Wkręt UNIX z łbem stożkowym z gwintem na całości U05.0X020-US-PZ-B WKR.UNIX STOZ.;st-h-stal-weglowa-hartowana;1264;2;1174
3103050025PZAF07T;U05.0X025-US-PZ-A WKR.UNIX STOZ. F07;;3103;Wkręt UNIX z łbem stożkowym z gwintem na całości U05.0X025-US-PZ-A WKR.UNIX STOZ. F07;st-h-stal-weglowa-hartowana;1264;2;1174
3103050030PZADXK;U05.0X030-US-PZ-A WKR.UNIX STOZ.;;3103;Wkręt UNIX z łbem stożkowym z gwintem na całości U05.0X030-US-PZ-A WKR.UNIX STOZ.;st-h-stal-weglowa-hartowana;1264;2;1174
3103050030PZAF07T;U05.0X030-US-PZ-A    WKR.UNIX STOZ. F07;;3103;Wkręt UNIX z łbem stożkowym z gwintem na całości U05.0X030-US-PZ-A    WKR.UNIX STOZ. F07;st-h-stal-weglowa-hartowana;1264;2;1174
3103050030PZBDXK;U05.0X030-US-PZ-B WKR.UNIX STOZ.;;3103;Wkręt UNIX z łbem stożkowym z gwintem na całości U05.0X030-US-PZ-B WKR.UNIX STOZ.;st-h-stal-weglowa-hartowana;1264;2;1174
3103050030PZBDXT;U05.0X030-US-PZ-B WKR.UNIX STOZ.;;3103;Wkręt UNIX z łbem stożkowym z gwintem na całości U05.0X030-US-PZ-B WKR.UNIX STOZ.;st-h-stal-weglowa-hartowana;1264;2;1174
3103050035PZADXK;U05.0X035-US-PZ-A WKR.UNIX STOZ.;;3103;Wkręt UNIX z łbem stożkowym z gwintem na całości U05.0X035-US-PZ-A WKR.UNIX STOZ.;st-h-stal-weglowa-hartowana;1264;2;1174
3103050035PZAF07T;U05.0X035-US-PZ-A    WKR.UNIX STOZ.  F07;;3103;Wkręt UNIX z łbem stożkowym z gwintem na całości U05.0X035-US-PZ-A    WKR.UNIX STOZ.  F07;st-h-stal-weglowa-hartowana;1264;2;1174
3103050035PZBDXK;U05.0X035-US-PZ-B WKR.UNIX STOZ.;;3103;Wkręt UNIX z łbem stożkowym z gwintem na całości U05.0X035-US-PZ-B WKR.UNIX STOZ.;st-h-stal-weglowa-hartowana;1264;2;1174
3103050040PZADXK;U05.0X040-US-PZ-A WKR.UNIX STOZ.;;3103;Wkręt UNIX z łbem stożkowym z gwintem na całości U05.0X040-US-PZ-A WKR.UNIX STOZ.;st-h-stal-weglowa-hartowana;1264;2;1174
3103050040PZAF07T;U05.0X040-US-PZ-A    WKR.UNIX STOZ. F07;;3103;Wkręt UNIX z łbem stożkowym z gwintem na całości U05.0X040-US-PZ-A    WKR.UNIX STOZ. F07;st-h-stal-weglowa-hartowana;1264;2;1174
3103050040PZBDXK;U05.0X040-US-PZ-B WKR.UNIX STOZ.;;3103;Wkręt UNIX z łbem stożkowym z gwintem na całości U05.0X040-US-PZ-B WKR.UNIX STOZ.;st-h-stal-weglowa-hartowana;1264;2;1174
3103050045PZADXK;U05.0X045-US-PZ-A WKR.UNIX STOZ.;;3103;Wkręt UNIX z łbem stożkowym z gwintem na całości U05.0X045-US-PZ-A WKR.UNIX STOZ.;st-h-stal-weglowa-hartowana;1264;2;1174
3103050045PZBDXK;U05.0X045-US-PZ-B WKR.UNIX STOZ.;;3103;Wkręt UNIX z łbem stożkowym z gwintem na całości U05.0X045-US-PZ-B WKR.UNIX STOZ.;st-h-stal-weglowa-hartowana;1264;2;1174
3103050050PZADXK;U05.0X050-US-PZ-A WKR.UNIX STOZ.;;3103;Wkręt UNIX z łbem stożkowym z gwintem na całości U05.0X050-US-PZ-A WKR.UNIX STOZ.;st-h-stal-weglowa-hartowana;1264;2;1174
3103050050PZAF07T;U05.0X050-US-PZ-A    WKR.UNIX STOZ. F07;;3103;Wkręt UNIX z łbem stożkowym z gwintem na całości U05.0X050-US-PZ-A    WKR.UNIX STOZ. F07;st-h-stal-weglowa-hartowana;1264;2;1174
3103050050PZBDXK;U05.0X050-US-PZ-B WKR.UNIX STOZ.;;3103;Wkręt UNIX z łbem stożkowym z gwintem na całości U05.0X050-US-PZ-B WKR.UNIX STOZ.;st-h-stal-weglowa-hartowana;1264;2;1174
3103050050PZBDXT;U05.0X050-US-PZ-B WKR.UNIX STOZ.;;3103;Wkręt UNIX z łbem stożkowym z gwintem na całości U05.0X050-US-PZ-B WKR.UNIX STOZ.;st-h-stal-weglowa-hartowana;1264;2;1174
3103050050PZNL2T;U05.0X050-US-PZ-N WKR.UNIX STOZ.L2;;3103;Wkręt UNIX z łbem stożkowym z gwintem na całości U05.0X050-US-PZ-N WKR.UNIX STOZ.L2;st-h-stal-weglowa-hartowana;1264;2;1174
3103050055PZBDXK;U05.0X055-US-PZ-B WKR.UNIX STOZ.;;3103;Wkręt UNIX z łbem stożkowym z gwintem na całości U05.0X055-US-PZ-B WKR.UNIX STOZ.;st-h-stal-weglowa-hartowana;1264;2;1174
3103050060PZADXK;U05.0X060-US-PZ-A WKR.UNIX STOZ.;;3103;Wkręt UNIX z łbem stożkowym z gwintem na całości U05.0X060-US-PZ-A WKR.UNIX STOZ.;st-h-stal-weglowa-hartowana;1264;2;1174
3103050060PZBDXK;U05.0X060-US-PZ-B WKR.UNIX STOZ.;;3103;Wkręt UNIX z łbem stożkowym z gwintem na całości U05.0X060-US-PZ-B WKR.UNIX STOZ.;st-h-stal-weglowa-hartowana;1264;2;1174
3103050060PZBDXT;U05.0X060-US-PZ-B WKR.UNIX STOZ.;;3103;Wkręt UNIX z łbem stożkowym z gwintem na całości U05.0X060-US-PZ-B WKR.UNIX STOZ.;st-h-stal-weglowa-hartowana;1264;2;1174
3103050070PZBDXK;U05.0X070-US-PZ-B WKR.UNIX STOZ.;;3103;Wkręt UNIX z łbem stożkowym z gwintem na całości U05.0X070-US-PZ-B WKR.UNIX STOZ.;st-h-stal-weglowa-hartowana;1264;2;1174
3103050070PZBDXT;U05.0X070-US-PZ-B WKR.UNIX STOZ.;;3103;Wkręt UNIX z łbem stożkowym z gwintem na całości U05.0X070-US-PZ-B WKR.UNIX STOZ.;st-h-stal-weglowa-hartowana;1264;2;1174
3103060030PZBDXK;U06.0X030-US-PZ-B WKR.UNIX STOZ.;;3103;Wkręt UNIX z łbem stożkowym z gwintem na całości U06.0X030-US-PZ-B WKR.UNIX STOZ.;st-h-stal-weglowa-hartowana;1264;2;1174
3103060040PZNT;U06.0X040-US-PZ-N      WKR.UNIX STOZ.;;3103;Wkręt UNIX z łbem stożkowym z gwintem na całości U06.0X040-US-PZ-N      WKR.UNIX STOZ.;st-h-stal-weglowa-hartowana;1264;2;1174
3103060050PZBDXK;WKR DO DREW. 6.0X050-US-PZ-B;;3103;Wkręt UNIX z łbem stożkowym z gwintem na całości WKR DO DREW. 6.0X050-US-PZ-B;st-h-stal-weglowa-hartowana;1264;2;1174
3103060080PZADXK;U06.0X080-US-PZ-A WKR.UNIX STOZ.;;3103;Wkręt UNIX z łbem stożkowym z gwintem na całości U06.0X080-US-PZ-A WKR.UNIX STOZ.;st-h-stal-weglowa-hartowana;1264;2;1174
3104035045PZADXK;U03.5X045/30-US-PZ-A WKR.UNIX STOZ.;;3104;Wkręt UNIX z łbem stożkowym z gwintem na części U03.5X045/30-US-PZ-A WKR.UNIX STOZ.;st-h-stal-weglowa-hartowana;782;2;721
3104035050PZADXK;U03.5X050/30-US-PZ-A WKR.UNIX STOZ.;;3104;Wkręt UNIX z łbem stożkowym z gwintem na części U03.5X050/30-US-PZ-A WKR.UNIX STOZ.;st-h-stal-weglowa-hartowana;782;2;721
3104035050PZBDXK;U03.5X050/30-US-PZ-B WKR.UNIX STOZ.;;3104;Wkręt UNIX z łbem stożkowym z gwintem na części U03.5X050/30-US-PZ-B WKR.UNIX STOZ.;st-h-stal-weglowa-hartowana;782;2;721
3104035060PZADXT;WKR DO DREW. 3.5X060/35-US-PZ-A    ;;3104;Wkręt UNIX z łbem stożkowym z gwintem na części WKR DO DREW. 3.5X060/35-US-PZ-A;st-h-stal-weglowa-hartowana;782;2;721
3104040035PZ7022LT;U04.0X035/20-US-PZ RAL7022 WKR. UNIX.L2;;3104;Wkręt UNIX z łbem stożkowym z gwintem na części U04.0X035/20-US-PZ RAL7022 WKR. UNIX.L2;st-h-stal-weglowa-hartowana;782;2;721
3104040040PZADXT;U04.0X040-US-PZ-A-30  WKR.UNIX STOZ.;;3104;Wkręt UNIX z łbem stożkowym z gwintem na części U04.0X040-US-PZ-A-30  WKR.UNIX STOZ.;st-h-stal-weglowa-hartowana;782;2;721
3104040045PZADXK;U04.0X045/30-US-PZ-A WKR.UNIX STOZ.;;3104;Wkręt UNIX z łbem stożkowym z gwintem na części U04.0X045/30-US-PZ-A WKR.UNIX STOZ.;st-h-stal-weglowa-hartowana;782;2;721
3104040045PZBDXK;U04.0X045/30-US-PZ-B WKR.UNIX STOZ.;;3104;Wkręt UNIX z łbem stożkowym z gwintem na części U04.0X045/30-US-PZ-B WKR.UNIX STOZ.;st-h-stal-weglowa-hartowana;782;2;721
3104040050PZADXT;U04.0X050-US-PZ-A-30  WKR.UNIX STOZ.;;3104;Wkręt UNIX z łbem stożkowym z gwintem na części U04.0X050-US-PZ-A-30  WKR.UNIX STOZ.;st-h-stal-weglowa-hartowana;782;2;721
3104040050PZALAKK;U04.0X050-US-PZ-A-30 WKR.UNIX STOZ.LAKI.;;3104;Wkręt UNIX z łbem stożkowym z gwintem na części U04.0X050-US-PZ-A-30 WKR.UNIX STOZ.LAKI.;st-h-stal-weglowa-hartowana;782;2;721
3104040055PZAK;U04.0X055-US-PZ-A-35 WKR.UNIX STOZ.;;3104;Wkręt UNIX z łbem stożkowym z gwintem na części U04.0X055-US-PZ-A-35 WKR.UNIX STOZ.;st-h-stal-weglowa-hartowana;782;2;721
3104040060PZAF07T;U04.0X060/35-US-PZ-A WKR.UNIX STOZ. F07;;3104;Wkręt UNIX z łbem stożkowym z gwintem na części U04.0X060/35-US-PZ-A WKR.UNIX STOZ. F07;st-h-stal-weglowa-hartowana;782;2;721
3104040070PZADXK;U04.0X070/40-US-PZ-A WKR.UNIX STOZ.;;3104;Wkręt UNIX z łbem stożkowym z gwintem na części U04.0X070/40-US-PZ-A WKR.UNIX STOZ.;st-h-stal-weglowa-hartowana;782;2;721
3104040080PZADXK;U04.0X080/50-US-PZ-A WKR.UNIX STOZ.;;3104;Wkręt UNIX z łbem stożkowym z gwintem na części U04.0X080/50-US-PZ-A WKR.UNIX STOZ.;st-h-stal-weglowa-hartowana;782;2;721
3104040080PZBPRK;U04.0X080-US-PZ-B-35 PRK -kg~0,26tys;;3104;Wkręt UNIX z łbem stożkowym z gwintem na części U04.0X080-US-PZ-B-35 PRK -kg~0,26tys;st-h-stal-weglowa-hartowana;782;2;721
3104045045PZADXK;U04.5X045/30-US-PZ-A WKR.UNIX STOZ.;;3104;Wkręt UNIX z łbem stożkowym z gwintem na części U04.5X045/30-US-PZ-A WKR.UNIX STOZ.;st-h-stal-weglowa-hartowana;782;2;721
3104045045PZBDXK;U04.5X045/30-US-PZ-B WKR.UNIX STOZ.;;3104;Wkręt UNIX z łbem stożkowym z gwintem na części U04.5X045/30-US-PZ-B WKR.UNIX STOZ.;st-h-stal-weglowa-hartowana;782;2;721
3104045050PZADXK;U04.5X050/30-US-PZ-A WKR.UNIX STOZ.;;3104;Wkręt UNIX z łbem stożkowym z gwintem na części U04.5X050/30-US-PZ-A WKR.UNIX STOZ.;st-h-stal-weglowa-hartowana;782;2;721
3104045050PZBDXK;U04.5X050/30-US-PZ-B WKR.UNIX STOZ.;;3104;Wkręt UNIX z łbem stożkowym z gwintem na części U04.5X050/30-US-PZ-B WKR.UNIX STOZ.;st-h-stal-weglowa-hartowana;782;2;721
3104045050PZBG72LT;U04.5X050/30-US-PZ-BG 72/144 L2;;3104;Wkręt UNIX z łbem stożkowym z gwintem na części U04.5X050/30-US-PZ-BG 72/144 L2;st-h-stal-weglowa-hartowana;782;2;721
3104045060PZADXK;U04.5X060/35-US-PZ-A WKR.UNIX STOZ.;;3104;Wkręt UNIX z łbem stożkowym z gwintem na części U04.5X060/35-US-PZ-A WKR.UNIX STOZ.;st-h-stal-weglowa-hartowana;782;2;721
3104045070PZADXK;U04.5X070/40-US-PZ-A WKR.UNIX STOZ.;;3104;Wkręt UNIX z łbem stożkowym z gwintem na części U04.5X070/40-US-PZ-A WKR.UNIX STOZ.;st-h-stal-weglowa-hartowana;782;2;721
3104045080PZ2BT;U04.5X080-US-PZ-B-60  WKR.UNIX STOZ.;;3104;Wkręt UNIX z łbem stożkowym z gwintem na części U04.5X080-US-PZ-B-60  WKR.UNIX STOZ.;st-h-stal-weglowa-hartowana;782;2;721
3104045080PZADXK;U04.5X080/50-US-PZ-A WKR.UNIX STOZ.;;3104;Wkręt UNIX z łbem stożkowym z gwintem na części U04.5X080/50-US-PZ-A WKR.UNIX STOZ.;st-h-stal-weglowa-hartowana;782;2;721
3104050050PZADXK;U05.0X050/30-US-PZ-A WKR.UNIX STOZ.;;3104;Wkręt UNIX z łbem stożkowym z gwintem na części U05.0X050/30-US-PZ-A WKR.UNIX STOZ.;st-h-stal-weglowa-hartowana;782;2;721
3104050050PZALG72T;U05.0X050/30-US-PZ-B- GB 8 72/144;;3104;U05.0X050/30-US-PZ-B- GB 8 72/144;;782;2;721
3104050050PZBDXK;U05.0X050/30-US-PZ-B WKR.UNIX STOZ.;;3104;Wkręt UNIX z łbem stożkowym z gwintem na części U05.0X050/30-US-PZ-B WKR.UNIX STOZ.;st-h-stal-weglowa-hartowana;782;2;721
3104050050PZBLG72T;U05.0X050/30-US-PZ-B- GB 8 72/144;;3104;Wkręt UNIX z łbem stożkowym z gwintem na części U05.0X050/30-US-PZ-B- GB 8 72/144;st-h-stal-weglowa-hartowana;782;2;721
3104050055PZBDXK;U05.0X055/35-US-PZ-BWKR.UNIX STOZ.;;3104;Wkręt UNIX z łbem stożkowym z gwintem na części U05.0X055/35-US-PZ-BWKR.UNIX STOZ.;st-h-stal-weglowa-hartowana;782;2;721
3104050060PZADXK;U05.0X060/35-US-PZ-A WKR.UNIX STOZ.;;3104;Wkręt UNIX z łbem stożkowym z gwintem na części U05.0X060/35-US-PZ-A WKR.UNIX STOZ.;st-h-stal-weglowa-hartowana;782;2;721
3104050060PZAF07T;U05.0X060-US-PZ-A-35  WKR.UNIX STOZ. F07;;3104;Wkręt UNIX z łbem stożkowym z gwintem na części U05.0X060-US-PZ-A-35  WKR.UNIX STOZ. F07;st-h-stal-weglowa-hartowana;782;2;721
3104050060PZBDXK;U05.0X060/35-US-PZ-B WKR.UNIX STOZ.;;3104;Wkręt UNIX z łbem stożkowym z gwintem na części U05.0X060/35-US-PZ-B WKR.UNIX STOZ.;st-h-stal-weglowa-hartowana;782;2;721
3104050070PZADXT;WKR DO DREW. 5.0X070/40-US-PZ-A;;3104;Wkręt UNIX z łbem stożkowym z gwintem na części WKR DO DREW. 5.0X070/40-US-PZ-A;st-h-stal-weglowa-hartowana;782;2;721
3104050070PZAF07T;U05.0X070-US-PZ-A-40  WKR.UNIX STOZ. F07;;3104;Wkręt UNIX z łbem stożkowym z gwintem na części U05.0X070-US-PZ-A-40  WKR.UNIX STOZ. F07;st-h-stal-weglowa-hartowana;782;2;721
3104050070PZBDXK;U05.0X070/40-US-PZ-B WKR.UNIX STOZ.;;3104;Wkręt UNIX z łbem stożkowym z gwintem na części U05.0X070/40-US-PZ-B WKR.UNIX STOZ.;st-h-stal-weglowa-hartowana;782;2;721
3104050070PZRL2T;U05.0X070/40-US-PZ-R WKR.UNIX STOZ.L2;;3104;Wkręt UNIX z łbem stożkowym z gwintem na części U05.0X070/40-US-PZ-R WKR.UNIX STOZ.L2;st-h-stal-weglowa-hartowana;782;2;721
3104050080PZADXK;U05.0X080/50-US-PZ-A WKR.UNIX STOZ.;;3104;Wkręt UNIX z łbem stożkowym z gwintem na części U05.0X080/50-US-PZ-A WKR.UNIX STOZ.;st-h-stal-weglowa-hartowana;782;2;721
3104050080PZAF07T;U05.0X080/50-US-PZ-A WKR.UNIX STOZ. F07;;3104;Wkręt UNIX z łbem stożkowym z gwintem na części U05.0X080/50-US-PZ-A WKR.UNIX STOZ. F07;st-h-stal-weglowa-hartowana;782;2;721
3104050080TXCT;U05.0X080-US-TX-C-50  WKR.UNIX STOZ.;;3104;Wkręt UNIX z łbem stożkowym z gwintem na części U05.0X080-US-TX-C-50  WKR.UNIX STOZ.;st-h-stal-weglowa-hartowana;782;2;721
3104050090PZADXK;U05.0X090/55-US-PZ-A WKR.UNIX STOZ.;;3104;Wkręt UNIX z łbem stożkowym z gwintem na części U05.0X090/55-US-PZ-A WKR.UNIX STOZ.;st-h-stal-weglowa-hartowana;782;2;721
3104050090PZAF07T;U05.0X090-US-PZ-A-55  WKR.UNIX STOZ. F07;;3104;Wkręt UNIX z łbem stożkowym z gwintem na części U05.0X090-US-PZ-A-55  WKR.UNIX STOZ. F07;st-h-stal-weglowa-hartowana;782;2;721
3104050090PZBDXT;U05.0X090/55-US-PZ-B WKR.UNIX STOZ.;;3104;Wkręt UNIX z łbem stożkowym z gwintem na części U05.0X090/55-US-PZ-B WKR.UNIX STOZ.;st-h-stal-weglowa-hartowana;782;2;721
3104050090TXAL2T;U05.0X090-US-TX-A-55  WKR.UNIX STOZ. L2;;3104;Wkręt UNIX z łbem stożkowym z gwintem na części U05.0X090-US-TX-A-55  WKR.UNIX STOZ. L2;st-h-stal-weglowa-hartowana;782;2;721
3104050100PZADXK;U05.0X100/60-US-PZ-A WKR.UNIX STOZ.;;3104;Wkręt UNIX z łbem stożkowym z gwintem na części U05.0X100/60-US-PZ-A WKR.UNIX STOZ.;st-h-stal-weglowa-hartowana;782;2;721
3104050100PZBDXK;U05.0X100/60-US-PZ-B WKR.UNIX STOZ.;;3104;Wkręt UNIX z łbem stożkowym z gwintem na części U05.0X100/60-US-PZ-B WKR.UNIX STOZ.;st-h-stal-weglowa-hartowana;782;2;721
3104060050PZADXK;U06.0X050/30-US-PZ-A WKR.UNIX STOZ.;;3104;Wkręt UNIX z łbem stożkowym z gwintem na części U06.0X050/30-US-PZ-A WKR.UNIX STOZ.;st-h-stal-weglowa-hartowana;782;2;721
3104060050PZBDXK;U06.0X050/30-US-PZ-B WKR.UNIX STOZ.;;3104;Wkręt UNIX z łbem stożkowym z gwintem na części U06.0X050/30-US-PZ-B WKR.UNIX STOZ.;st-h-stal-weglowa-hartowana;782;2;721
3104060060PZADXK;U06.0X060/40-US-PZ-A WKR.UNIX STOZ.;;3104;Wkręt UNIX z łbem stożkowym z gwintem na części U06.0X060/40-US-PZ-A WKR.UNIX STOZ.;st-h-stal-weglowa-hartowana;782;2;721
3104060070PZADXK;U06.0X070/40-US-PZ-A WKR.UNIX STOZ.;;3104;Wkręt UNIX z łbem stożkowym z gwintem na części U06.0X070/40-US-PZ-A WKR.UNIX STOZ.;st-h-stal-weglowa-hartowana;782;2;721
3104060080PZADXK;U06.0X080/50-US-PZ-A WKR.UNIX STOZ.;;3104;Wkręt UNIX z łbem stożkowym z gwintem na części U06.0X080/50-US-PZ-A WKR.UNIX STOZ.;st-h-stal-weglowa-hartowana;782;2;721
3104060090PZBDXK;U06.0X090-US-PZ-B-50  WKR.UNIX STOZ.;;3104;Wkręt UNIX z łbem stożkowym z gwintem na części U06.0X090-US-PZ-B-50  WKR.UNIX STOZ.;st-h-stal-weglowa-hartowana;782;2;721
3104060100PZADXK;U06.0X100/60-US-PZ-A WKR.UNIX STOZ.;;3104;Wkręt UNIX z łbem stożkowym z gwintem na części U06.0X100/60-US-PZ-A WKR.UNIX STOZ.;st-h-stal-weglowa-hartowana;782;2;721
3104060100PZAF07T;U06.0X100/60-US-PZ-A WKR.UNIX STOZ. F07;;3104;Wkręt UNIX z łbem stożkowym z gwintem na części U06.0X100/60-US-PZ-A WKR.UNIX STOZ. F07;st-h-stal-weglowa-hartowana;782;2;721
3104060120PZADXK;U06.0X120/70-US-PZ-A WKR.UNIX STOZ.;;3104;Wkręt UNIX z łbem stożkowym z gwintem na części U06.0X120/70-US-PZ-A WKR.UNIX STOZ.;st-h-stal-weglowa-hartowana;782;2;721
3104060120PZAF07T;U06.0X120/70-US-PZ-A WKR.UNIX STOZ. F07;;3104;Wkręt UNIX z łbem stożkowym z gwintem na części U06.0X120/70-US-PZ-A WKR.UNIX STOZ. F07;st-h-stal-weglowa-hartowana;782;2;721
3104060140PZADXK;U06.0X140/75-US-PZ-A WKR.UNIX STOZ.;;3104;Wkręt UNIX z łbem stożkowym z gwintem na części U06.0X140/75-US-PZ-A WKR.UNIX STOZ.;st-h-stal-weglowa-hartowana;782;2;721
3104060140PZAF07T;U06.0X140/75-US-PZ-A WKR.UNIX STOZ. F07;;3104;Wkręt UNIX z łbem stożkowym z gwintem na części U06.0X140/75-US-PZ-A WKR.UNIX STOZ. F07;st-h-stal-weglowa-hartowana;782;2;721
3104060160PZADXK;U06.0X160/75-US-PZ-A WKR.UNIX STOZ.;;3104;Wkręt UNIX z łbem stożkowym z gwintem na części U06.0X160/75-US-PZ-A WKR.UNIX STOZ.;st-h-stal-weglowa-hartowana;782;2;721
3104060180PZADXK;U06.0X180/75-US-PZ-A WKR.UNIX STOZ.;;3104;Wkręt UNIX z łbem stożkowym z gwintem na części U06.0X180/75-US-PZ-A WKR.UNIX STOZ.;st-h-stal-weglowa-hartowana;782;2;721
3104060200PZADXK;U06.0X200/75-US-PZ-A WKR.UNIX STOZ.;;3104;Wkręt UNIX z łbem stożkowym z gwintem na części U06.0X200/75-US-PZ-A WKR.UNIX STOZ.;st-h-stal-weglowa-hartowana;782;2;721
3104060220PZADXK;U06.0X220/75-US-PZ-A WKR.UNIX STOZ.;;3104;Wkręt UNIX z łbem stożkowym z gwintem na części U06.0X220/75-US-PZ-A WKR.UNIX STOZ.;st-h-stal-weglowa-hartowana;782;2;721
3105040030PZAT;U04.0X030-UT-PZ-A     WKR.UNIX SOCZ.;;3105;Wkręt UNIX z łbem stożkowym soczewkowym z gwintem na całości U04.0X030-UT-PZ-A     WKR.UNIX SOCZ.;st-h-stal-weglowa-hartowana;73;2;69
3105040035PZAT;U04.0X035-UT-PZ-A     WKR.UNIX SOCZ.;;3105;Wkręt UNIX z łbem stożkowym soczewkowym z gwintem na całości U04.0X035-UT-PZ-A     WKR.UNIX SOCZ.;st-h-stal-weglowa-hartowana;73;2;69
3105050045PZAT;U05.0X045-UT-PZ-A  WKR.UNIX SOCZ.;;3105;Wkręt UNIX z łbem stożkowym soczewkowym z gwintem na całości U05.0X045-UT-PZ-A  WKR.UNIX SOCZ.;st-h-stal-weglowa-hartowana;73;2;69
3105060018PZBOC8T;U06.0X018-UT-PZ-B-OC8 WKR.UNIX SOCZ.;;3105;Wkręt UNIX z łbem stożkowym soczewkowym z gwintem na całości U06.0X018-UT-PZ-B-OC8 WKR.UNIX SOCZ.;st-h-stal-weglowa-hartowana;73;2;69
3107030009TXCT;U03.0X009-UW-TX-C      WKR.UNIX WALC.;;3107;Wkręt UNIX z łbem walcowym z gwintem na całości U03.0X009-UW-TX-C      WKR.UNIX WALC.;st-h-stal-weglowa-hartowana;359;2;355
3107030019TXCT;U03.0X019-UW-TX-C      WKR.UNIX WALC.;;3107;U03.0X019-UW-TX-C      WKR.UNIX WALC.;;359;2;355
3107035016PZBG72T;U03.5X016-UW-PZ-GB UNIX WALC.8m/72h/144h;;3107;Wkręt UNIX z łbem walcowym z gwintem na całości U03.5X016-UW-PZ-GB UNIX WALC.8m/72h/144h;st-h-stal-weglowa-hartowana;359;2;355
3107040025PZ7022T;U04.0X025-UW-PZ-RAL7022 WKR.UNIX WALC.;;3107;Wkręt UNIX z łbem walcowym z gwintem na całości U04.0X025-UW-PZ-RAL7022 WKR.UNIX WALC.;st-h-stal-weglowa-hartowana;359;2;355
3114040040TXBK;U04.0X040/24-UHS-B TX20 WKR.DR.EXTRA;;3114;Wkręty do drewna EXTRA U04.0X040/24-UHS-B TX20 WKR.DR.EXTRA;st-h-stal-weglowa-hartowana;250;2;247
3114040045TXBT;U04.0X045/30-UHS-B TX20 WK.DR.EXTRA;;3114;Wkręty do drewna EXTRA U04.0X045/30-UHS-B TX20 WK.DR.EXTRA;st-h-stal-weglowa-hartowana;250;2;247
3114060070TXBT;U06.0X070/42-UHS-B TX30 WK.DR.EXTRA;;3114;Wkręty do drewna EXTRA U06.0X070/42-UHS-B TX30 WK.DR.EXTRA;st-h-stal-weglowa-hartowana;250;2;247
3199042025CLB7022T;U04.2X025-UW-B-CLUTCH HEAD RAL 7022;;3199;Wkręty typu Unix - inne U04.2X025-UW-B-CLUTCH HEAD RAL 7022;st-h-stal-weglowa-hartowana;31;2;27
3199060100TXACT;US 6.0X100-TX-A CUT-POINT+MLYNEK;;3199;Wkręty typu Unix - inne US 6.0X100-TX-A CUT-POINT+MLYNEK;st-h-stal-weglowa-hartowana;31;2;27
3199060120TXACT;US 6.0X120-TX-A CUT-POINT+MLYNEK;;3199;Wkręty typu Unix - inne US 6.0X120-TX-A CUT-POINT+MLYNEK;st-h-stal-weglowa-hartowana;31;2;27
3199060160TXACT;US 6.0X160-TX-A CUT-POINT+MLYNEK;;3199;Wkręty typu Unix - inne US 6.0X160-TX-A CUT-POINT+MLYNEK;st-h-stal-weglowa-hartowana;31;2;27
3201050030BK;H05.0X030-6K----B    WKR.DREW KLUCZ;;3201;Wkręt do drewna z łbem 6-kątnym z gwintem na całości H05.0X030-6K----B    WKR.DREW KLUCZ;;53;2;51
3201050040BK;H05.0X040-6K----B    WKR.DREW KLUCZ;;3201;Wkręt do drewna z łbem 6-kątnym z gwintem na całości H05.0X040-6K----B    WKR.DREW KLUCZ;;53;2;51
3203060060BDXK;H06.0X060-6K----B WKR.DREW KLUCZ;;3203;Wkręt do drewna z łbem 6-kątnym z gwintem na części wg normy DIN-571 H06.0X060-6K----B WKR.DREW KLUCZ;;498;2;495
3203080080CT;H08.0X080-6K----C    WKR.DREW KLUCZ;;3203;Wkręt do drewna z łbem 6-kątnym z gwintem na części wg normy DIN-571 H08.0X080-6K----C    WKR.DREW KLUCZ;;498;2;495
3203200160BS;H20.0X160-6K----B WKR.DREW KLUCZ;;3203;Wkręt do drewna z łbem 6-kątnym z gwintem na części wg normy DIN-571 H20.0X160-6K----B WKR.DREW KLUCZ;;498;2;495
34061500125SMRPT;MIM S O15x11.5x7.3  [15] MRP +    ;;3406;Mimośród MIM S O15x11.5x7.3  [15] MRP +;;36;2;35
3499060035MOONT;ZLACZE MOON M6 FI 35;;3499;Konfirmat, EURO i złącza meblowe - inne ZLACZE MOON M6 FI 35;;29;6;28
3710BLM_PROMO;TOWAR PROMOCYJNY!#;;3710;Zawias hydrauliczny nakładany TOWAR PROMOCYJNY!#;;5;2;4
3801040040BT;SDM 4.0X40B   SZPILKA DWUSTRONNA;;3801;Szpilka z gwintem na całości SDM 4.0X40B   SZPILKA DWUSTRONNA;st-stal-weglowa;334;3;317
3801040055ST;SDM 4.0X55S SZPILKA DWUSTRONNA;;3801;Szpilka z gwintem na całości SDM 4.0X55S SZPILKA DWUSTRONNA;st-stal-weglowa;334;3;317
3801040145B48S;SDM 4.0X145B-04.8 SZPILKA DWUSTRONNA;;3801;Szpilka z gwintem na całości SDM 4.0X145B-04.8 SZPILKA DWUSTRONNA;st-stal-weglowa;334;3;317
3801040193B48S;SDM 4.0X193B-04.8 SZPILKA DWUSTRONNA;;3801;Szpilka z gwintem na całości SDM 4.0X193B-04.8 SZPILKA DWUSTRONNA;st-stal-weglowa;334;3;317
3801060060BF07T;SDM 6.0X.60B   SZPILKA DW F07;;3801;Szpilka z gwintem na całości SDM 6.0X.60B   SZPILKA DW F07;st-stal-weglowa;334;3;317
3801060090O88T;SDM 6.0X.90O-8.8 SZPILKA DWUSTRONNA;;3801;Szpilka z gwintem na całości SDM 6.0X.90O-8.8 SZPILKA DWUSTRONNA;st-stal-weglowa;334;3;317
3801060090S88T;SDM 6.0X.90S-8.8 SZPILKA DWUSTRONNA;;3801;Szpilka z gwintem na całości SDM 6.0X.90S-8.8 SZPILKA DWUSTRONNA;st-stal-weglowa;334;3;317
3801060730BS;SDM 6.0X730B  SZPILKA DWUSTRONNA;;3801;Szpilka z gwintem na całości SDM 6.0X730B  SZPILKA DWUSTRONNA;st-stal-weglowa;334;3;317
3801080060BF07T;SDM 8.0X.60B   SZPILKA DW F07;;3801;Szpilka z gwintem na całości SDM 8.0X.60B   SZPILKA DW F07;st-stal-weglowa;334;3;317
3801080080B88T;SDM 8.0X.80B-8.8   SZPILKA DWUSTRONNA;;3801;Szpilka z gwintem na całości SDM 8.0X.80B-8.8   SZPILKA DWUSTRONNA;st-stal-weglowa;334;3;317
3801080080BF07T;SDM 8.0X.80B   SZPILKA DW F07;;3801;Szpilka z gwintem na całości SDM 8.0X.80B   SZPILKA DW F07;st-stal-weglowa;334;3;317
3801080090BF07T;SDM 8.0X.90B   SZPILKA DW F07;;3801;Szpilka z gwintem na całości SDM 8.0X.90B   SZPILKA DW F07;st-stal-weglowa;334;3;317
3801080134BT;SDM 8.0X134B SZPILKA DWUSTRONNA;;3801;Szpilka z gwintem na całości SDM 8.0X134B SZPILKA DWUSTRONNA;st-stal-weglowa;334;3;317
3801080140BF07T;SDM 8.0X140B   SZPILKA DW  F07;;3801;Szpilka z gwintem na całości SDM 8.0X140B   SZPILKA DW  F07;st-stal-weglowa;334;3;317
3801080270BT;SDM 8.0X270B   SZPILKA DWUSTRONNA;;3801;Szpilka z gwintem na całości SDM 8.0X270B   SZPILKA DWUSTRONNA;st-stal-weglowa;334;3;317
3801100500BS;SDM10.0X500B   SZPILKA DWUSTRONNA;;3801;Szpilka z gwintem na całości SDM10.0X500B   SZPILKA DWUSTRONNA;st-stal-weglowa;334;3;317
3801160040BS;SDM16.0X.40B SZPILKA DWUSTRONNA;;3801;Szpilka z gwintem na całości SDM16.0X.40B SZPILKA DWUSTRONNA;st-stal-weglowa;334;3;317
3802080110010040BT;SDM-M 8.0X110/10/40B-8.8 SZPILKA DW;;3802;Szpilka dwustronna z gwintem na części SDM-M 8.0X110/10/40B-8.8 SZPILKA DW;st-stal-weglowa;162;2;158
3802080120055BF07T;SDM-M 8.0X120/55/55B SZPILKA DW F07;;3802;Szpilka dwustronna z gwintem na części SDM-M 8.0X120/55/55B SZPILKA DW F07;st-stal-weglowa;162;2;158
3802100120030BS;SDM-M 10.0X120/30/30B -SZPILKA DW.;;3802;Szpilka dwustronna z gwintem na części SDM-M 10.0X120/30/30B -SZPILKA DW.;st-stal-weglowa;162;2;158
3802100180040BS;SDM-M 10X180/40/40B SZPILKA DW;;3802;Szpilka dwustronna z gwintem na części SDM-M 10X180/40/40B SZPILKA DW;st-stal-weglowa;162;2;158
3811100085B10D835T;SDM10X85B KL.10.9 SZPILKA DWUSTR DIN835;;3811;SDM10X85B KL.10.9 SZPILKA DWUSTR DIN835;;68;2;67
3899060090B88S;SDM6x90B-8.8 SZPILKA METRYCZNA;;3899;Szpilki dwustronne - inne SDM6x90B-8.8 SZPILKA METRYCZNA;st-stal-weglowa;62;3;54
3899080330080SJS;SDM 8X330/80S SZPILKA JEDNOSTR.;;3899;Szpilki dwustronne - inne SDM 8X330/80S SZPILKA JEDNOSTR.;st-stal-weglowa;62;3;54
3899100150080SJK;SDM10X150/80S SZPILKA JEDNOSTR.;;3899;Szpilki dwustronne - inne SDM10X150/80S SZPILKA JEDNOSTR.;st-stal-weglowa;62;3;54
3899100150080SJLGK;SDM10X150/80S SZPILKA JEDNOSTR. LEWY GW.;;3899;Szpilki dwustronne - inne SDM10X150/80S SZPILKA JEDNOSTR. LEWY GW.;st-stal-weglowa;62;3;54
3899120180050BJS;SDM12X180/50B SZPILKA JEDNOSTR.;;3899;Szpilki dwustronne - inne SDM12X180/50B SZPILKA JEDNOSTR.;st-stal-weglowa;62;3;54
3899120180TXBS;SDM12.0X180-B-TX30 SZPILKA DWUSTRONNA;;3899;Szpilki dwustronne - inne SDM12.0X180-B-TX30 SZPILKA DWUSTRONNA;st-stal-weglowa;62;3;54
389912018820088OT;SDM-M 12.0X188/200-8.8 ODGIETA;;3899;Szpilki dwustronne - inne SDM-M 12.0X188/200-8.8 ODGIETA;st-stal-weglowa;62;3;54
3899140065SK;SDM14X65 -S- SZPILKA NR.RYS.345/14;;3899;Szpilki dwustronne - inne SDM14X65 -S- SZPILKA NR.RYS.345/14;st-stal-weglowa;62;3;54
39010040307HETS;PUSH TO OPEN MAGNET XL;;3901;Intermat PUSH TO OPEN MAGNET XL;;21;3;13
39010045550HETS;P2O PŁYTKA Z MUFA;;3901;Intermat P2O PŁYTKA Z MUFA;;21;3;13
39010060232HETS;P2OPINS.OTWIERADRZWIBEZUCHWYTO;;3901;Intermat P2OPINS.OTWIERADRZWIBEZUCHWYTO;;21;3;13
39010060233HETS;PUSH TO OPEN UNIVERSAL;;3901;Intermat PUSH TO OPEN UNIVERSAL;;21;3;13
39011071605HETS;PROWADNIK SYSTEM 9000-LR37*32-D0;;3901;Intermat PROWADNIK SYSTEM 9000-LR37*32-D0;;21;3;13
39011071626HETS;INTERMAT PROWADNIK KRZYZ.Z EUR.D1,5MMWYP;;3901;Intermat INTERMAT PROWADNIK KRZYZ.Z EUR.D1,5MMWYP;;21;3;13
39011071627HETS;INTERMATPROWADNIKKRZYZAK.ZEUROD3MM;;3901;Intermat INTERMATPROWADNIKKRZYZAK.ZEUROD3MM;;21;3;13
39019042839HETT;INTERMAT ZASLEPKA Z LOGO HETTICH;;3901;Intermat INTERMAT ZASLEPKA Z LOGO HETTICH;;21;3;13
39090013108HETT;VS 29 SRUBY LACZACE BIALE;;3909;Akc. meblowe HETTICH - inne VS 29 SRUBY LACZACE BIALE;;47;4;6
39090020014HETS;SZYNA ZE SKALA  L2000MM ALUM.;;3909;Akc. meblowe HETTICH - inne SZYNA ZE SKALA  L2000MM ALUM.;;47;4;6
39090020891HETS;TZ 4TD ZLACZE TRAPEZOWE BEZ Z;;3909;Akc. meblowe HETTICH - inne TZ 4TD ZLACZE TRAPEZOWE BEZ Z;;47;4;6
39090025066HETT;RASTEX 15/22 BEZ KOLNIERZA NIKIEL;;3909;Akc. meblowe HETTICH - inne RASTEX 15/22 BEZ KOLNIERZA NIKIEL;;47;4;6
39090041364HETP;KA 4932/600 EB 12,7 60KG;;3909;Akc. meblowe HETTICH - inne KA 4932/600 EB 12,7 60KG;;47;4;6
39090041394HETP;KA 4620/500 EB 19 90KG;;3909;Akc. meblowe HETTICH - inne KA 4620/500 EB 19 90KG;;47;4;6
39090044764HETS;ACCURA SZYNA ZE SKALA 500MM;;3909;Akc. meblowe HETTICH - inne ACCURA SZYNA ZE SKALA 500MM;;47;4;6
39090046413HETS;DRILL JIG DO ZAWIASOW 35/2X2,;;3909;Akc. meblowe HETTICH - inne DRILL JIG DO ZAWIASOW 35/2X2,;;47;4;6
39090047634HETP;999000724=STABILOFIX-ZL. KAT.;;3909;Akc. meblowe HETTICH - inne 999000724=STABILOFIX-ZL. KAT.;;47;4;6
39090062004HETS;UCHWYT DO WIERTLA R 18MM;;3909;Akc. meblowe HETTICH - inne UCHWYT DO WIERTLA R 18MM;;47;4;6
390900645861HETS;T24 STD ZLACZE TRAPEZOWE 20891;;3909;Akc. meblowe HETTICH - inne T24 STD ZLACZE TRAPEZOWE 20891;;47;4;6
39090065521HETT;VB36MD/19 ZL. MIMOSRODOWE NI;;3909;Akc. meblowe HETTICH - inne VB36MD/19 ZL. MIMOSRODOWE NI;;47;4;6
39090070263HETS;SZYNA ZE SKALA  L1000MM ALUM.;;3909;Akc. meblowe HETTICH - inne SZYNA ZE SKALA  L1000MM ALUM.;;47;4;6
39090070265HETS;SZABLON ALUM.;;3909;Akc. meblowe HETTICH - inne SZABLON ALUM.;;47;4;6
39090070266HETS;ZDERZAK REGULOWANY DO POJ. BOKOW;;3909;Akc. meblowe HETTICH - inne ZDERZAK REGULOWANY DO POJ. BOKOW;;47;4;6
39090070267HETS;ZDERZAK REGULOWANY DO ZAM. BOKOW;;3909;Akc. meblowe HETTICH - inne ZDERZAK REGULOWANY DO ZAM. BOKOW;;47;4;6
39090072053HETS;TZ 28 ZLACZE TRAPEZOWE BIALE;;3909;Akc. meblowe HETTICH - inne TZ 28 ZLACZE TRAPEZOWE BIALE;;47;4;6
39090073278HETP;KA 5632/350 EB12,7 45KG PROW.KULK.;;3909;Akc. meblowe HETTICH - inne KA 5632/350 EB12,7 45KG PROW.KULK.;;47;4;6
39090073281HETP;KA 5632/500 EB 12,7 45KG PROW.;;3909;Akc. meblowe HETTICH - inne KA 5632/500 EB 12,7 45KG PROW.;;47;4;6
39090073458HETF06T;RASTEX 15/22 BEZ KOLNIERZA NIKIEL F06;;3909;Akc. meblowe HETTICH - inne RASTEX 15/22 BEZ KOLNIERZA NIKIEL F06;;47;4;6
39090073458HETT;RASTEX 15/22 BEZ KOLNIERZA NIKIEL;;3909;Akc. meblowe HETTICH - inne RASTEX 15/22 BEZ KOLNIERZA NIKIEL;;47;4;6
39090074658HETS;WING LINE 170 ZESTAW NA 1 DRZ;;3909;Akc. meblowe HETTICH - inne WING LINE 170 ZESTAW NA 1 DRZ;;47;4;6
39090074688HETT;DU 279 TRZPIEN WKRECANIA BEZPOSR.;;3909;Akc. meblowe HETTICH - inne DU 279 TRZPIEN WKRECANIA BEZPOSR.;;47;4;6
39090079118HETS;EVERFIX ZLACZE Z TRZPIENIEM G;;3909;Akc. meblowe HETTICH - inne EVERFIX ZLACZE Z TRZPIENIEM G;;47;4;6
39090079324HETS;PODKLADKA DYSTANSOWA ROWNOLEG;;3909;Akc. meblowe HETTICH - inne PODKLADKA DYSTANSOWA ROWNOLEG;;47;4;6
39090079325HETS;PODKLADKADYSTANSOWAROWNOLEGLAD10MM;;3909;Akc. meblowe HETTICH - inne PODKLADKADYSTANSOWAROWNOLEGLAD10MM;;47;4;6
39090079350HETS;PODKLADKA KATOWA 10 ST.;;3909;Akc. meblowe HETTICH - inne PODKLADKA KATOWA 10 ST.;;47;4;6
39090079538HETT;MUFA ROZPOROWA Z KULKA NYLON. 12MM;;3909;Akc. meblowe HETTICH - inne MUFA ROZPOROWA Z KULKA NYLON. 12MM;;47;4;6
39090079568HETT;DU 853 TRZPIEN PODWOJNY CHROM;;3909;Akc. meblowe HETTICH - inne DU 853 TRZPIEN PODWOJNY CHROM;;47;4;6
39090079580HETS;DU 860 TRZPIEN PRZEGUBOWY CHROM;;3909;Akc. meblowe HETTICH - inne DU 860 TRZPIEN PRZEGUBOWY CHROM;;47;4;6
39090079690HETS;TURBO KLIPS F DO FRONTOW COKOLOW;;3909;Akc. meblowe HETTICH - inne TURBO KLIPS F DO FRONTOW COKOLOW;;47;4;6
3909080080HETS;STOPKA Z REGULACJA+ZASLEPKA M8X80 47640;;3909;Akc. meblowe HETTICH - inne STOPKA Z REGULACJA+ZASLEPKA M8X80 47640;;47;4;6
390908HETS;KATOWNIK DO COKOLU Z GWINTEM M8 71870;;3909;Akc. meblowe HETTICH - inne KATOWNIK DO COKOLU Z GWINTEM M8 71870;;47;4;6
39099020058HETT;DU232T-TRZPIEN/TC-DB6*11-S30/D5/R15;;3909;Akc. meblowe HETTICH - inne DU232T-TRZPIEN/TC-DB6*11-S30/D5/R15;;47;4;6
39099047861HETT;DU232T-TRZPIEN/TC-DB6*11-S30/D5/R15;;3909;Akc. meblowe HETTICH - inne DU232T-TRZPIEN/TC-DB6*11-S30/D5/R15;;47;4;6
39099047865HETT;DU644T-TWISTER-TRZPIEN/ZN-M6X7,8-S30/R15;;3909;Akc. meblowe HETTICH - inne DU644T-TWISTER-TRZPIEN/ZN-M6X7,8-S30/R15;;47;4;6
39099066772HETT;RASTEX 15/19 DAL ABD-RAND   FA 10026 NI;;3909;Akc. meblowe HETTICH - inne RASTEX 15/19 DAL ABD-RAND   FA 10026 NI;;47;4;6
39099079402HETS;BLUEJIG DO NAWIERCEN POD TRZPIENIE;;3909;Akc. meblowe HETTICH - inne BLUEJIG DO NAWIERCEN POD TRZPIENIE;;47;4;6
39099117492HETP;ZATRZASK DO QUADRO V6+ EB20;;3909;Akc. meblowe HETTICH - inne ZATRZASK DO QUADRO V6+ EB20;;47;4;6
39099129712HETS;DU 634 TRZPIEN PRZEGUBOWY CHR;;3909;Akc. meblowe HETTICH - inne DU 634 TRZPIEN PRZEGUBOWY CHR;;47;4;6
3909M078438HETS;PLYTKA MONTAZOWA 2.40.100.19.00;;3909;Akc. meblowe HETTICH - inne PLYTKA MONTAZOWA 2.40.100.19.00;;47;4;6
49071/4075S    ;KW/UCHWYT MAGNET.1/4 UNI. 75MM;;4907;KW/UCHWYT MAGNET.1/4 UNI. 75MM;;36;2;35
4923113529MTXO;BIT PH2X50 20SZT PLAST OPK MTX(113529)+;;4923;BIT - zestaw pudełko z towrzywa BIT PH2X50 20SZT PLAST OPK MTX(113529)+;crv-stal-chromowo-wanadowa;7;2;6
52150550205R7016S;MPT6 SP 5.5/6.3x205 WKR PLYT WAR.RAL7016;;5215;Wkręt do mocowania płyt warstwowych do stali o max. grubości 6 mm MPT6 SP 5.5/6.3x205 WKR PLYT WAR.RAL7016;;64;2;37
5215055065AR6020S;MPT6 SP 5.5/6.3x65 WKR PLYT WAR.RAL6020;;5215;Wkręt do mocowania płyt warstwowych do stali o max. grubości 6 mm MPT6 SP 5.5/6.3x65 WKR PLYT WAR.RAL6020;;64;2;37
5215055085R1015S;MPT6 SP 5.5/6.3x85  WKR PLYT WAR RAL1015;;5215;Wkręt do mocowania płyt warstwowych do stali o max. grubości 6 mm MPT6 SP 5.5/6.3x85  WKR PLYT WAR RAL1015;;64;2;37
5215055085R7016S;MPT6 SP 5.5/6.3x85  WKR PLYT WAR RAL7016;;5215;Wkręt do mocowania płyt warstwowych do stali o max. grubości 6 mm MPT6 SP 5.5/6.3x85  WKR PLYT WAR RAL7016;;64;2;37
5215055105R7015S;MPT6 SP 5.5/6.3x105 WKR PLYT WAR. R.7015;;5215;Wkręt do mocowania płyt warstwowych do stali o max. grubości 6 mm MPT6 SP 5.5/6.3x105 WKR PLYT WAR. R.7015;;64;2;37
5215055105R7016S;MPT6 SP 5.5/6.3x105 WKR PLYT WAR. R.7016;;5215;Wkręt do mocowania płyt warstwowych do stali o max. grubości 6 mm MPT6 SP 5.5/6.3x105 WKR PLYT WAR. R.7016;;64;2;37
5215055105R9006S;MPT6 SP 5.5/6.3x105 WKR PLYT WAR. R.9006;;5215;Wkręt do mocowania płyt warstwowych do stali o max. grubości 6 mm MPT6 SP 5.5/6.3x105 WKR PLYT WAR. R.9006;;64;2;37
5215055105R9007S;MPT6 SP 5.5/6.3x105 WKR PLYT WAR. R.9007;;5215;Wkręt do mocowania płyt warstwowych do stali o max. grubości 6 mm MPT6 SP 5.5/6.3x105 WKR PLYT WAR. R.9007;;64;2;37
5215055125A19R716S;MPT6 SP 5.5/6.3x125 WKR.+ A19 RAL 7016;;5215;Wkręt do mocowania płyt warstwowych do stali o max. grubości 6 mm MPT6 SP 5.5/6.3x125 WKR.+ A19 RAL 7016;;64;2;37
5215055125A19R906S;MPT6 SP 5.5/6.3x125 WKR.+ A19 RAL 9006;;5215;Wkręt do mocowania płyt warstwowych do stali o max. grubości 6 mm MPT6 SP 5.5/6.3x125 WKR.+ A19 RAL 9006;;64;2;37
5215055125R1015S;MPT6 SP 5.5/6.3x125 WKR PLYT WAR. R.1015;;5215;Wkręt do mocowania płyt warstwowych do stali o max. grubości 6 mm MPT6 SP 5.5/6.3x125 WKR PLYT WAR. R.1015;;64;2;37
5215055125R3009S;MPT6 SP 5.5/6.3x125 WKR PLYT WAR R.3009;;5215;Wkręt do mocowania płyt warstwowych do stali o max. grubości 6 mm MPT6 SP 5.5/6.3x125 WKR PLYT WAR R.3009;;64;2;37
5215055125R9002S;MPT6 SP 5.5/6.3x125 WKR PLYT WAR R.9002;;5215;Wkręt do mocowania płyt warstwowych do stali o max. grubości 6 mm MPT6 SP 5.5/6.3x125 WKR PLYT WAR R.9002;;64;2;37
5215055125R9006S;MPT6 SP 5.5/6.3x125 WKR PLYT WAR. R.9006;;5215;Wkręt do mocowania płyt warstwowych do stali o max. grubości 6 mm MPT6 SP 5.5/6.3x125 WKR PLYT WAR. R.9006;;64;2;37
5215055125R9010S;MPT6 SP 5.5/6.3x125 WKR PLYT WAR. R.9010;;5215;Wkręt do mocowania płyt warstwowych do stali o max. grubości 6 mm MPT6 SP 5.5/6.3x125 WKR PLYT WAR. R.9010;;64;2;37
5215055155A19H311S;MPT6 SP 5.5/6.3x155 WKR PLYT WAR.RAL3011;;5215;Wkręt do mocowania płyt warstwowych do stali o max. grubości 6 mm MPT6 SP 5.5/6.3x155 WKR PLYT WAR.RAL3011;;64;2;37
5215055155R1015S;MPT6 SP 5.5/6.3x155 WKR PLYT WAR. R.1015;;5215;Wkręt do mocowania płyt warstwowych do stali o max. grubości 6 mm MPT6 SP 5.5/6.3x155 WKR PLYT WAR. R.1015;;64;2;37
5215055155R7016S;MPT6 SP 5.5/6.3x155 WKR PLYT WAR R.7016;;5215;Wkręt do mocowania płyt warstwowych do stali o max. grubości 6 mm MPT6 SP 5.5/6.3x155 WKR PLYT WAR R.7016;;64;2;37
5215055155R9002S;MPT6 SP 5.5/6.3x155 WKR PLYT WAR. R.9002;;5215;Wkręt do mocowania płyt warstwowych do stali o max. grubości 6 mm MPT6 SP 5.5/6.3x155 WKR PLYT WAR. R.9002;;64;2;37
5215055155R9006S;MPT6 SP 5.5/6.3x155 WKR PLYT WAR. R.9006;;5215;Wkręt do mocowania płyt warstwowych do stali o max. grubości 6 mm MPT6 SP 5.5/6.3x155 WKR PLYT WAR. R.9006;;64;2;37
5215055175A19R716S;MPT6 SP 5.5/6.3x175 WKR.+ A19 RAL 7016;;5215;Wkręt do mocowania płyt warstwowych do stali o max. grubości 6 mm MPT6 SP 5.5/6.3x175 WKR.+ A19 RAL 7016;;64;2;37
5215055175R7016S;MPT6 SP 5.5/6.3x175 WKR PLYT WAR R.7016;;5215;Wkręt do mocowania płyt warstwowych do stali o max. grubości 6 mm MPT6 SP 5.5/6.3x175 WKR PLYT WAR R.7016;;64;2;37
5215055175R8012S;MPT6 SP 5.5/6.3x175 WKR PLYT WAR.RAL8012;;5215;Wkręt do mocowania płyt warstwowych do stali o max. grubości 6 mm MPT6 SP 5.5/6.3x175 WKR PLYT WAR.RAL8012;;64;2;37
5215055205R7024S;MPT6 SP 5.5/6.3x205 WKR PLYT WAR. R.7024;;5215;Wkręt do mocowania płyt warstwowych do stali o max. grubości 6 mm MPT6 SP 5.5/6.3x205 WKR PLYT WAR. R.7024;;64;2;37
5215055205R9006S;MPT6 SP 5.5/6.3x205 WKR PLYT WAR. R.9006;;5215;Wkręt do mocowania płyt warstwowych do stali o max. grubości 6 mm MPT6 SP 5.5/6.3x205 WKR PLYT WAR. R.9006;;64;2;37
5215055205R9016S;MPT6 SP 5.5/6.3x205 WKR PLYT WAR. R.9016;;5215;Wkręt do mocowania płyt warstwowych do stali o max. grubości 6 mm MPT6 SP 5.5/6.3x205 WKR PLYT WAR. R.9016;;64;2;37
5215055275AR7016S;MPT6 SP 5.5/6.3x275  WKR. WARST. RAL7016;;5215;Wkręt do mocowania płyt warstwowych do stali o max. grubości 6 mm MPT6 SP 5.5/6.3x275  WKR. WARST. RAL7016;;64;2;37
5222064105A19309S;MPTC SP 6.4/7.0X105 WKR P.W.DREW R.3009;;5222;Wkręt do mocowania płyt warstwowych do betonu/drewna MPTC SP 6.4/7.0X105 WKR P.W.DREW R.3009;;35;2;27
5222064125A19309S;MPTC SP 6.4/7.0x125 WKR P.W.DREW R.3009;;5222;Wkręt do mocowania płyt warstwowych do betonu/drewna MPTC SP 6.4/7.0x125 WKR P.W.DREW R.3009;;35;2;27
5222064125A19910S;MPTC SP 6.4/7.0x125 WKR P.W.DREW R.9010;;5222;Wkręt do mocowania płyt warstwowych do betonu/drewna MPTC SP 6.4/7.0x125 WKR P.W.DREW R.9010;;35;2;27
5222064165A17035S;MPTC SP 6.4/7.0x165 WARST.DREW RAL7035;;5222;Wkręt do mocowania płyt warstwowych do betonu/drewna MPTC SP 6.4/7.0x165 WARST.DREW RAL7035;;35;2;27
5222064165A19906S;MPTC SP 6.4/7.0x165 WKR P.W.DREW R9006;;5222;Wkręt do mocowania płyt warstwowych do betonu/drewna MPTC SP 6.4/7.0x165 WKR P.W.DREW R9006;;35;2;27
5222064195A197016S;MPTC SP 6.4/7.0X195 WARST.DREW RAL7016;;5222;Wkręt do mocowania płyt warstwowych do betonu/drewna MPTC SP 6.4/7.0X195 WARST.DREW RAL7016;;35;2;27
5222064295A19H10S;MPTC SP 6.4/7.0x295  WKR PLYT WARST.;;5222;Wkręt do mocowania płyt warstwowych do betonu/drewna MPTC SP 6.4/7.0x295  WKR PLYT WARST.;;35;2;27
5222B64165A199006S;MPTC SP 6.4/7.0x165 WKR PL WAR.BET R9006;;5222;Wkręt do mocowania płyt warstwowych do betonu/drewna MPTC SP 6.4/7.0x165 WKR PL WAR.BET R9006;;35;2;27
5229048020TXB910T;MPZ-P02 WKRET SAMOWI.TX25-4.8X20 RAL9010;;5229;Wkręt samowiercący MPZP 02 (ocynk) - zdolność przewiercania 2 x 1,25 mm MPZ-P02 WKRET SAMOWI.TX25-4.8X20 RAL9010;;6;2;5
5252055035A14H309T;MPT12-A14 WKRET SAMOWIE.-5.5X35 RAL3009;;5252;Wkręt samowiercący MPT 12 (powłoka ceramiczna) - zdolność przewiercenia 12,5 mm MPT12-A14 WKRET SAMOWIE.-5.5X35 RAL3009;;15;2;10
5252055035A14H716T;MPT12-A14 WKRET SAMOWIE.-5.5X35 RAL7016;;5252;Wkręt samowiercący MPT 12 (powłoka ceramiczna) - zdolność przewiercenia 12,5 mm MPT12-A14 WKRET SAMOWIE.-5.5X35 RAL7016;;15;2;10
5252055035A14H907T;MPT12-A14 WKRET SAMOWIE.-5.5X35 RAL9007;;5252;Wkręt samowiercący MPT 12 (powłoka ceramiczna) - zdolność przewiercenia 12,5 mm MPT12-A14 WKRET SAMOWIE.-5.5X35 RAL9007;;15;2;10
5252055035A14H910T;MPT12-A14 WKRET SAMOWIE.-5.5X35 RAL9010;;5252;Wkręt samowiercący MPT 12 (powłoka ceramiczna) - zdolność przewiercenia 12,5 mm MPT12-A14 WKRET SAMOWIE.-5.5X35 RAL9010;;15;2;10
5252055035H055010T;MPT12-A16 WKRET SAMOWIER.-5.5X35 RAL5010;;5252;Wkręt samowiercący MPT 12 (powłoka ceramiczna) - zdolność przewiercenia 12,5 mm MPT12-A16 WKRET SAMOWIER.-5.5X35 RAL5010;;15;2;10
5263055025I162003T;MPX5-I16 WKR.SAMOWIER.BIM-5.5X25 RAL2003;;5263;Wkręt samowiercący bimetaliczny MPX 5 - zdolność przewiercania 6,5 mm MPX5-I16 WKR.SAMOWIER.BIM-5.5X25 RAL2003;;30;2;24
5263055025I162011T;MPX5-I16 WKR.SAMOWIER.BIM-5.5X25 RAL2011;;5263;Wkręt samowiercący bimetaliczny MPX 5 - zdolność przewiercania 6,5 mm MPX5-I16 WKR.SAMOWIER.BIM-5.5X25 RAL2011;;30;2;24
5263055025I167016T;MPX5-I16 WKR.SAMOWIER.BIM-5.5X25 RAL7016;;5263;Wkręt samowiercący bimetaliczny MPX 5 - zdolność przewiercania 6,5 mm MPX5-I16 WKR.SAMOWIER.BIM-5.5X25 RAL7016;;30;2;24
5263055025I167035T;MPX5-I16 WKR.SAMOWIER.BIM-5.5X25 RAL7035;;5263;Wkręt samowiercący bimetaliczny MPX 5 - zdolność przewiercania 6,5 mm MPX5-I16 WKR.SAMOWIER.BIM-5.5X25 RAL7035;;30;2;24
5263055025I167040T;MPX5-I16 WKR.SAMOWIER.BIM-5.5X25 RAL7040;;5263;Wkręt samowiercący bimetaliczny MPX 5 - zdolność przewiercania 6,5 mm MPX5-I16 WKR.SAMOWIER.BIM-5.5X25 RAL7040;;30;2;24
5263055025I169006T;MPX5-I16 WKR.SAMOWIER.BIM-5.5X25 RAL9006;;5263;Wkręt samowiercący bimetaliczny MPX 5 - zdolność przewiercania 6,5 mm MPX5-I16 WKR.SAMOWIER.BIM-5.5X25 RAL9006;;30;2;24
5270064065A16H05T;MPTC-A16 WKRET DREWNO.SAMOGW.-6.4x65   ;;5270;Wkręt samowiercący MPTC (powłoka ceramiczna) MPTC-A16 WKRET DREWNO.SAMOGW.-6.4x65;;15;2;14
5299060475ZWB88S;PG-M 6X 475B-ZW-08.8 PRET GWIINTO;;5299;Zamocowania do pokryć i elewacji - inne PG-M 6X 475B-ZW-08.8 PRET GWIINTO;;32;3;31
5301060085200BT;HDL-6.0X85X20B HAK TYP L GWINT DO DREW. ;;5301;Hak kątowy typu L z gwintem do drewna HDL-6.0X85X20B HAK TYP L GWINT DO DREW.;st-stal-weglowa;58;2;57
5305080080RUSBFISS;HDR-08.0X080B HAK TYP R DO DREW.FIS80918;;5305;HDR-08.0X080B HAK TYP R DO DREW.;;44;2;25
5305080090CZRUSBS;HDR-08.0X090B HAK TYP R GWINT DO DREW.;;5305;Hak do rusztowań HDR-08.0X090B HAK TYP R GWINT DO DREW.;;44;2;25
5305080100RUSBFISS;HDR-08.0X100B HAK TYP R DO DREW FIS80919;;5305;HDR-08.0X100B HAK TYP R DO DREW;;44;2;25
5305080120CZRUSBS;HDR-08.0X120B HAK TYP R GWINT DO DREW.;;5305;Hak do rusztowań HDR-08.0X120B HAK TYP R GWINT DO DREW.;;44;2;25
5305080120RUSBFISS;HDR-08.0X120B HAK TYP R DO DREW FIS80920;;5305;HDR-08.0X120B HAK TYP R DO DREW;;44;2;25
5305080160CZRUSBS;HDR-08.0X160B HAK TYP R GWINT DO DREW.;;5305;Hak do rusztowań HDR-08.0X160B HAK TYP R GWINT DO DREW.;;44;2;25
5305100160RUSBFISS;HDR-10.0X160B HAK TYP R DO DREW FIS80929;;5305;HDR-10.0X160B HAK TYP R DO DREW;;44;2;25
5305120090CZRUSBT;HDR-12.0X090B HAK TYP R GWINT DO DREW.;;5305;Hak do rusztowań HDR-12.0X090B HAK TYP R GWINT DO DREW.;;44;2;25
5305120090RUSBFISS;HDR-12.0X090B HAK TYP R DO DREW FIS80925;;5305;HDR-12.0X090B HAK TYP R DO DREW;;44;2;25
5305120120CZRUSBT;HDR-12.0X120B HAK TYP R GWINT DO DREW.;;5305;Hak do rusztowań HDR-12.0X120B HAK TYP R GWINT DO DREW.;;44;2;25
5305120120RUSBFISS;HDR-12.0X120B HAK TYP R DO DREW FIS80926;;5305;HDR-12.0X120B HAK TYP R DO DREW;;44;2;25
5305120160RUSBFISS;HDR-12.0X160B HAK TYP R DO DREW FIS80927;;5305;HDR-12.0X160B HAK TYP R DO DREW;;44;2;25
5305120190CZRUSBT;HDR-12.0X190B HAK TYP R GWINT DO DREW.;;5305;Hak do rusztowań HDR-12.0X190B HAK TYP R GWINT DO DREW.;;44;2;25
5305120190RUSBFISS;HDR-12.0X190B HAK TYP R DO DREW FIS80960;;5305;HDR-12.0X190B HAK TYP R DO DREW;;44;2;25
5305120230CZRUSBT;HDR-12.0X230B HAK TYP R GWINT DO DREW.;;5305;Hak do rusztowań HDR-12.0X230B HAK TYP R GWINT DO DREW.;;44;2;25
5305120230RUSBFISS;HDR-12.0X230B HAK TYP R DO DREW FIS80961;;5305;HDR-12.0X230B HAK TYP R DO DREW;;44;2;25
5305120300CZRUSBT;HDR-12.0X300B HAK TYP R GWINT DO DREW.;;5305;Hak do rusztowań HDR-12.0X300B HAK TYP R GWINT DO DREW.;;44;2;25
5305120300RUSBFISS;HDR-12.0X300B HAK TYP R DO DREW FIS81269;;5305;HDR-12.0X300B HAK TYP R DO DREW;;44;2;25
5305120350RUSBFISS;HDR-12.0X350B HAK TYP R DO DREW FIS80962;;5305;HDR-12.0X350B HAK TYP R DO DREW;;44;2;25
5352040100MD976S;PG-M 4X1000M PRET GWINTOW.DIN976;;5352;Pręt gwintowany metryczny PG-M 4X1000M PRET GWINTOW.DIN976;st-stal-weglowa;385;2;341
5352050100B88LGS;PG-M 5X1000B-08.8 PRET GWINT. LEWY GWINT;;5352;Pręt gwintowany metryczny PG-M 5X1000B-08.8 PRET GWINT. LEWY GWINT;st-stal-weglowa;385;2;341
5352050100MD976S;PG-M 5X1000M PRET GWINTOW.DIN976;;5352;Pręt gwintowany metryczny PG-M 5X1000M PRET GWINTOW.DIN976;st-stal-weglowa;385;2;341
53520600325BD975S;PG-M 6X 325B PRET GWINTOW.DIN975;;5352;Pręt gwintowany metryczny PG-M 6X 325B PRET GWINTOW.DIN975;st-stal-weglowa;385;2;341
53520600485BD975S;PG-M 6X 485B PRET GWINTOW.DIN975;;5352;Pręt gwintowany metryczny PG-M 6X 485B PRET GWINTOW.DIN975;st-stal-weglowa;385;2;341
5352060100B88LGS;PG-M 6X1000B-08.8 PRET GWINT. LEWY GWINT;;5352;Pręt gwintowany metryczny PG-M 6X1000B-08.8 PRET GWINT. LEWY GWINT;st-stal-weglowa;385;2;341
5352060100MD976S;PG-M 6X1000M PRET GWINTOW.DIN976;;5352;Pręt gwintowany metryczny PG-M 6X1000M PRET GWINTOW.DIN976;st-stal-weglowa;385;2;341
5352060100S10D975S;PG-M 6X1000S-10.9 PRET GWINTOW.DIN975;;5352;Pręt gwintowany metryczny PG-M 6X1000S-10.9 PRET GWINTOW.DIN975;st-stal-weglowa;385;2;341
5352080100B88LGS;PG-M 8X1000B-08.8 PRET GWINT. LEWY GWINT;;5352;Pręt gwintowany metryczny PG-M 8X1000B-08.8 PRET GWINT. LEWY GWINT;st-stal-weglowa;385;2;341
5352080100B88LGT;PG-M08X1000B-08.8 PRET GWINT. LEWY GWINT;;5352;Pręt gwintowany metryczny PG-M08X1000B-08.8 PRET GWINT. LEWY GWINT;st-stal-weglowa;385;2;341
5352080100MD976S;PG-M 8X1000M PRET GWINTOW.DIN976;;5352;Pręt gwintowany metryczny PG-M 8X1000M PRET GWINTOW.DIN976;st-stal-weglowa;385;2;341
5352080100R10D976S;PG-M 8X1000R-10.9 PRET GWINTOW.DIN976;;5352;Pręt gwintowany metryczny PG-M 8X1000R-10.9 PRET GWINTOW.DIN976;st-stal-weglowa;385;2;341
5352080100S10D975S;PG-M 8X1000S-10.9 PRET GWINTOW. DIN975;;5352;Pręt gwintowany metryczny PG-M 8X1000S-10.9 PRET GWINTOW. DIN975;st-stal-weglowa;385;2;341
5352080100S88D975S;PG-M 8X1000S-08.8 PRET GWINTOW. DIN975;;5352;Pręt gwintowany metryczny PG-M 8X1000S-08.8 PRET GWINTOW. DIN975;st-stal-weglowa;385;2;341
5352080100S88D976T;PG-M 8X1000S-08.8 PRET GWINTOW.DIN975;;5352;Pręt gwintowany metryczny PG-M 8X1000S-08.8 PRET GWINTOW.DIN975;st-stal-weglowa;385;2;341
5352100100B88LGS;PG-M10X1000B-08.8 PRET GWINT. LEWY GWINT;;5352;Pręt gwintowany metryczny PG-M10X1000B-08.8 PRET GWINT. LEWY GWINT;st-stal-weglowa;385;2;341
5352100100MD976S;PG-M10X1000M PRET GWINTOW. DIN976;;5352;Pręt gwintowany metryczny PG-M10X1000M PRET GWINTOW. DIN976;st-stal-weglowa;385;2;341
5352100100R10D976S;PG-M10X1000R-10.9 PRET GWINTOW.DIN976;;5352;Pręt gwintowany metryczny PG-M10X1000R-10.9 PRET GWINTOW.DIN976;st-stal-weglowa;385;2;341
5352100100S10D975S;PG-M10X1000S-10.9 PRET GWINTOW. DIN975;;5352;Pręt gwintowany metryczny PG-M10X1000S-10.9 PRET GWINTOW. DIN975;st-stal-weglowa;385;2;341
5352100100S88D975S;PG-M10X1000S-08.8 PRET GWINTOW. DIN975;;5352;Pręt gwintowany metryczny PG-M10X1000S-08.8 PRET GWINTOW. DIN975;st-stal-weglowa;385;2;341
5352120100MD976S;PG-M12X1000M PRET GWINTOW. DIN976;;5352;Pręt gwintowany metryczny PG-M12X1000M PRET GWINTOW. DIN976;st-stal-weglowa;385;2;341
5352120100R10D976S;PG-M12X1000R-10.9 PRET GWINTOW.DIN976;;5352;Pręt gwintowany metryczny PG-M12X1000R-10.9 PRET GWINTOW.DIN976;st-stal-weglowa;385;2;341
5352120100S10D975S;PG-M12X1000S-10.9 PRET GWINTOW. DIN975;;5352;Pręt gwintowany metryczny PG-M12X1000S-10.9 PRET GWINTOW. DIN975;st-stal-weglowa;385;2;341
5352140100B88LGS;PG-M14X1000B-08.8 PRET GWINT. LEWY GWINT;;5352;Pręt gwintowany metryczny PG-M14X1000B-08.8 PRET GWINT. LEWY GWINT;st-stal-weglowa;385;2;341
5352140100S10D975S;PG-M14X1000S-10.9 PRET GWINTOW. DIN975;;5352;Pręt gwintowany metryczny PG-M14X1000S-10.9 PRET GWINTOW. DIN975;st-stal-weglowa;385;2;341
53521600396BS;PG M16X396;;5352;Pręt gwintowany metryczny PG M16X396;st-stal-weglowa;385;2;341
5352160100MD976S;PG-M16X1000M PRET GWINTOW. DIN976;;5352;Pręt gwintowany metryczny PG-M16X1000M PRET GWINTOW. DIN976;st-stal-weglowa;385;2;341
5352160100S10D975S;PG-M16X1000S-10.9 PRET GWINTOW. DIN975;;5352;Pręt gwintowany metryczny PG-M16X1000S-10.9 PRET GWINTOW. DIN975;st-stal-weglowa;385;2;341
5352160200S88D975S;PG-M16X2000S-08.8 PRET GWINTOW. DIN975;;5352;Pręt gwintowany metryczny PG-M16X2000S-08.8 PRET GWINTOW. DIN975;st-stal-weglowa;385;2;341
5352200100R10D976S;PG-M20X1000R-10.9 PRET GWINTOW.DIN976;;5352;Pręt gwintowany metryczny PG-M20X1000R-10.9 PRET GWINTOW.DIN976;st-stal-weglowa;385;2;341
5352200200S88D975S;PG-M20X2000S-08.8 PRET GWINTOW.DIN975;;5352;Pręt gwintowany metryczny PG-M20X2000S-08.8 PRET GWINTOW.DIN975;st-stal-weglowa;385;2;341
5352200300B88D976S;PG-M20X3000B-08.8 PRET GWINTOW.DIN976;;5352;Pręt gwintowany metryczny PG-M20X3000B-08.8 PRET GWINTOW.DIN976;st-stal-weglowa;385;2;341
5352240100S58D976S;PG-M24X1000S-05.8 PRET GWINTOW. DIN976;;5352;Pręt gwintowany metryczny PG-M24X1000S-05.8 PRET GWINTOW. DIN976;st-stal-weglowa;385;2;341
5352270100S10D975S;PG-M27X1000S-10.9 PRET GWINTOW.DIN975;;5352;Pręt gwintowany metryczny PG-M27X1000S-10.9 PRET GWINTOW.DIN975;st-stal-weglowa;385;2;341
5352300200S88D975S;PG-M30X2000S-08.8 PRET GWINTOW. DIN975;;5352;Pręt gwintowany metryczny PG-M30X2000S-08.8 PRET GWINTOW. DIN975;st-stal-weglowa;385;2;341
5352330100B88LGS;PG-M33X1000B-08.8 PRET GWINT. LEWY GWINT;;5352;Pręt gwintowany metryczny PG-M33X1000B-08.8 PRET GWINT. LEWY GWINT;st-stal-weglowa;385;2;341
5352330100S10D975S;PG-M33X1000S-10.9 PRET GWINTOW. DIN975;;5352;Pręt gwintowany metryczny PG-M33X1000S-10.9 PRET GWINTOW. DIN975;st-stal-weglowa;385;2;341
5352330100S88D975S;PG-M33X1000S-08.8 PRET GWINTOW. DIN975;;5352;Pręt gwintowany metryczny PG-M33X1000S-08.8 PRET GWINTOW. DIN975;st-stal-weglowa;385;2;341
5352360100G88976S;PG-M36X1000G-08.8 DIN976;;5352;Pręt gwintowany metryczny PG-M36X1000G-08.8 DIN976;st-stal-weglowa;385;2;341
5352360100S88D975S;PG-M36X1000S-08.8 PRET GWINTOW. DIN975;;5352;Pręt gwintowany metryczny PG-M36X1000S-08.8 PRET GWINTOW. DIN975;st-stal-weglowa;385;2;341
53523/80072BUNCS;"""PGC 3/8""""-16 L=72”-B-08.8 UNC DIN 976-1";;5352;"Pręt gwintowany metryczny ""PGC 3/8""""-16 L=72”-B-08.8 UNC DIN 976-1";st-stal-weglowa;385;2;341
5352390100S88D975S;PG-M39X1000S-08.8 PRET GWINTOW. DIN975;;5352;Pręt gwintowany metryczny PG-M39X1000S-08.8 PRET GWINTOW. DIN975;st-stal-weglowa;385;2;341
5352420100B88LGS;PG-M42X1000B-08.8 PRET GWINT. LEWY GWINT;;5352;Pręt gwintowany metryczny PG-M42X1000B-08.8 PRET GWINT. LEWY GWINT;st-stal-weglowa;385;2;341
5352420100S88D975S;PG-M42X1000S-08.8 PRET GWINTOW. DIN975;;5352;Pręt gwintowany metryczny PG-M42X1000S-08.8 PRET GWINTOW. DIN975;st-stal-weglowa;385;2;341
5354180100150S10S;PGD- 18X1.5X1000S-10.9  PRET GWINTOW.;;5354;Pręt gwintowany metryczny z gwintem drobnozwojnym PGD- 18X1.5X1000S-10.9  PRET GWINTOW.;;38;2;31
5354200100S88150S;PGD- 20X1.5X1000S-08.8  PRET GWINTOW.;;5354;Pręt gwintowany metryczny z gwintem drobnozwojnym PGD- 20X1.5X1000S-08.8  PRET GWINTOW.;;38;2;31
5354200100S88200S;PGD- 20X2.0X1000S-08.8 PRET GWINTOW.;;5354;Pręt gwintowany metryczny z gwintem drobnozwojnym PGD- 20X2.0X1000S-08.8 PRET GWINTOW.;;38;2;31
5354270100S10200S;PGD- 27X2.0X1000S-10.9  PRET GWINTOW.;;5354;Pręt gwintowany metryczny z gwintem drobnozwojnym PGD- 27X2.0X1000S-10.9  PRET GWINTOW.;;38;2;31
5354300100150B88S;PGD- 30X1.5X1000S-08.8 PRET GWINTOW.;;5354;Pręt gwintowany metryczny z gwintem drobnozwojnym PGD- 30X1.5X1000S-08.8 PRET GWINTOW.;;38;2;31
5354360100300B880S;PGD- 36X3.0X1000B-08.8 PRET GWINTOW.;;5354;Pręt gwintowany metryczny z gwintem drobnozwojnym PGD- 36X3.0X1000B-08.8 PRET GWINTOW.;;38;2;31
5354360100300B88S;PGD- 36X3.0X1000B-08.8 PRET GWINTOW.;;5354;Pręt gwintowany metryczny z gwintem drobnozwojnym PGD- 36X3.0X1000B-08.8 PRET GWINTOW.;;38;2;31
5355040100BD975S;PGM- 4X1000B PRET GWINTOW.DIN975;;5355;Łącznik gwintowany PGM- 4X1000B PRET GWINTOW.DIN975;st-stal-weglowa;138;2;22
5355050100B88D975S;PGM - 5X1000B-08.8 PRET GWINTOW.DIN975;;5355;Łącznik gwintowany PGM - 5X1000B-08.8 PRET GWINTOW.DIN975;st-stal-weglowa;138;2;22
5355050100BD975S;PGM - 5X1000B PRET GWINTOW.DIN975;;5355;Łącznik gwintowany PGM - 5X1000B PRET GWINTOW.DIN975;st-stal-weglowa;138;2;22
5355050100BD976S;PGM- 5X1000B PRET GWINTOW.DIN976;;5355;Łącznik gwintowany PGM- 5X1000B PRET GWINTOW.DIN976;st-stal-weglowa;138;2;22
5355060100B88D975S;PGM - 6X1000B-08.8 PRET GWINTOW.DIN975;;5355;Łącznik gwintowany PGM - 6X1000B-08.8 PRET GWINTOW.DIN975;st-stal-weglowa;138;2;22
5355060100BD975S;PGM - 6X1000B PRET GWINTOW.DIN975;;5355;Łącznik gwintowany PGM - 6X1000B PRET GWINTOW.DIN975;st-stal-weglowa;138;2;22
5355060100BD976S;PGM- 6X1000B PRET GWINTOW.DIN976;;5355;Łącznik gwintowany PGM- 6X1000B PRET GWINTOW.DIN976;st-stal-weglowa;138;2;22
5355060100SD975S;PGM - 6X1000S PRET GWINTOW.DIN975;;5355;Łącznik gwintowany PGM - 6X1000S PRET GWINTOW.DIN975;st-stal-weglowa;138;2;22
5355060200BD975S;PGM - 6X2000B PRET GWINTOW.DIN975;;5355;Łącznik gwintowany PGM - 6X2000B PRET GWINTOW.DIN975;st-stal-weglowa;138;2;22
5355070100B88D976S;PGM- 7X1000B-08.8 PRET GWINTOW.DIN976;;5355;Łącznik gwintowany PGM- 7X1000B-08.8 PRET GWINTOW.DIN976;st-stal-weglowa;138;2;22
5355080100B88D975S;PGM - 8X1000B-08.8 PRET GWINTOW.DIN975;;5355;Łącznik gwintowany PGM - 8X1000B-08.8 PRET GWINTOW.DIN975;st-stal-weglowa;138;2;22
5355080100B88D976S;PGM- 8X1000B-08.8 PRET GWINTOW.DIN976;;5355;Łącznik gwintowany PGM- 8X1000B-08.8 PRET GWINTOW.DIN976;st-stal-weglowa;138;2;22
5355080100BD975S;PGM - 8X1000B PRET GWINTOW.DIN975;;5355;Łącznik gwintowany PGM - 8X1000B PRET GWINTOW.DIN975;st-stal-weglowa;138;2;22
5355080100S88D976S;PGM- 8X1000S-08.8 PRET GWINTOW.DIN976;;5355;Łącznik gwintowany PGM- 8X1000S-08.8 PRET GWINTOW.DIN976;st-stal-weglowa;138;2;22
5355080100SD975S;PGM - 8X1000S PRET GWINTOW.DIN975;;5355;Łącznik gwintowany PGM - 8X1000S PRET GWINTOW.DIN975;st-stal-weglowa;138;2;22
5355080100SD976S;PGM- 8X1000S PRET GWINTOW.DIN976;;5355;Łącznik gwintowany PGM- 8X1000S PRET GWINTOW.DIN976;st-stal-weglowa;138;2;22
5355080200B88D975S;PGM - 8X2000B-08.8 PRET GWINTOW.DIN975;;5355;Łącznik gwintowany PGM - 8X2000B-08.8 PRET GWINTOW.DIN975;st-stal-weglowa;138;2;22
5355080200BD975S;PGM - 8X2000B PRET GWINTOW.DIN975;;5355;Łącznik gwintowany PGM - 8X2000B PRET GWINTOW.DIN975;st-stal-weglowa;138;2;22
5355100100B88D975S;PGM -10X1000B-08.8 PRET GWINTOW.DIN975;;5355;Łącznik gwintowany PGM -10X1000B-08.8 PRET GWINTOW.DIN975;st-stal-weglowa;138;2;22
5355100100B88D976S;PGM-10X1000B-08.8 PRET GWINTOW.DIN976;;5355;Łącznik gwintowany PGM-10X1000B-08.8 PRET GWINTOW.DIN976;st-stal-weglowa;138;2;22
5355100100BD975S;PGM -10X1000B PRET GWINTOW.DIN975;;5355;Łącznik gwintowany PGM -10X1000B PRET GWINTOW.DIN975;st-stal-weglowa;138;2;22
5355100100BD976S;PGM- 10X1000B PRET GWINTOW.DIN976;;5355;Łącznik gwintowany PGM- 10X1000B PRET GWINTOW.DIN976;st-stal-weglowa;138;2;22
5355100100G88D975S;PGM -10X1000G-08.8 PRET GWINTOW.DIN975;;5355;Łącznik gwintowany PGM -10X1000G-08.8 PRET GWINTOW.DIN975;st-stal-weglowa;138;2;22
5355100100SD975S;PGM -10X1000S PRET GWINTOW.DIN975;;5355;Łącznik gwintowany PGM -10X1000S PRET GWINTOW.DIN975;st-stal-weglowa;138;2;22
5355100100SD976S;PGM- 10X1000S PRET GWINTOW.DIN976;;5355;Łącznik gwintowany PGM- 10X1000S PRET GWINTOW.DIN976;st-stal-weglowa;138;2;22
5355100200B88D975S;PGM -10X2000B-08.8 PRET GWINTOW.DIN975;;5355;Łącznik gwintowany PGM -10X2000B-08.8 PRET GWINTOW.DIN975;st-stal-weglowa;138;2;22
5355100200BD975S;PGM -10X2000B PRET GWINTOW.DIN975;;5355;Łącznik gwintowany PGM -10X2000B PRET GWINTOW.DIN975;st-stal-weglowa;138;2;22
5355120100B88D975S;PGM -12X1000B-08.8 PRET GWINTOW.DIN975;;5355;Łącznik gwintowany PGM -12X1000B-08.8 PRET GWINTOW.DIN975;st-stal-weglowa;138;2;22
5355120100B88D976S;PGM-12X1000B-08.8 PRET GWINTOW.DIN976;;5355;Łącznik gwintowany PGM-12X1000B-08.8 PRET GWINTOW.DIN976;st-stal-weglowa;138;2;22
5355120100BD975S;PGM -12X1000B PRET GWINTOW.DIN975;;5355;Łącznik gwintowany PGM -12X1000B PRET GWINTOW.DIN975;st-stal-weglowa;138;2;22
5355120100BD976S;PGM- 12X1000B PRET GWINTOW.DIN976;;5355;Łącznik gwintowany PGM- 12X1000B PRET GWINTOW.DIN976;st-stal-weglowa;138;2;22
5355120100G88D975S;PGM -12X1000G-08.8 PRET GWINTOW.DIN975;;5355;Łącznik gwintowany PGM -12X1000G-08.8 PRET GWINTOW.DIN975;st-stal-weglowa;138;2;22
5355120100S12D976S;PGM- 12X1000S-12.9 PRET GWINTOW.DIN976;;5355;Łącznik gwintowany PGM- 12X1000S-12.9 PRET GWINTOW.DIN976;st-stal-weglowa;138;2;22
5355120100SD975S;PGM -12X1000S PRET GWINTOW.DIN975;;5355;Łącznik gwintowany PGM -12X1000S PRET GWINTOW.DIN975;st-stal-weglowa;138;2;22
5355120100SD976S;PGM- 12X1000S PRET GWINTOW.DIN976;;5355;Łącznik gwintowany PGM- 12X1000S PRET GWINTOW.DIN976;st-stal-weglowa;138;2;22
5355120200B42D976S;PGM-12X2000B-42CRMO4 PRET GWINTOW.DIN976;;5355;Łącznik gwintowany PGM-12X2000B-42CRMO4 PRET GWINTOW.DIN976;st-stal-weglowa;138;2;22
5355120200B88D975S;PGM -12X2000B-08.8 PRET GWINTOW.DIN975;;5355;Łącznik gwintowany PGM -12X2000B-08.8 PRET GWINTOW.DIN975;st-stal-weglowa;138;2;22
5355120200B88D976S;PGM- 12X2000B-08.8 PRET GWINTOW.DIN976;;5355;Łącznik gwintowany PGM- 12X2000B-08.8 PRET GWINTOW.DIN976;st-stal-weglowa;138;2;22
5355120200BD975S;PGM -12X2000B PRET GWINTOW.DIN975;;5355;Łącznik gwintowany PGM -12X2000B PRET GWINTOW.DIN975;st-stal-weglowa;138;2;22
5355120200BD976S;PGM- 12X2000B PRET GWINTOW.DIN976;;5355;Łącznik gwintowany PGM- 12X2000B PRET GWINTOW.DIN976;st-stal-weglowa;138;2;22
5355140100B88D975S;PGM -14X1000B-08.8 PRET GWINTOW.DIN975;;5355;Łącznik gwintowany PGM -14X1000B-08.8 PRET GWINTOW.DIN975;st-stal-weglowa;138;2;22
5355140100B88D976S;PGM-14X1000B-08.8 PRET GWINTOW.DIN976;;5355;Łącznik gwintowany PGM-14X1000B-08.8 PRET GWINTOW.DIN976;st-stal-weglowa;138;2;22
5355140100BD975S;PGM -14X1000B PRET GWINTOW.DIN975;;5355;Łącznik gwintowany PGM -14X1000B PRET GWINTOW.DIN975;st-stal-weglowa;138;2;22
5355140100BD976S;PGM- 14X1000B PRET GWINTOW.DIN976;;5355;Łącznik gwintowany PGM- 14X1000B PRET GWINTOW.DIN976;st-stal-weglowa;138;2;22
5355140100S10D976S;PGM- 14X1000S-10.9 PRET GWINTOW.DIN976;;5355;Łącznik gwintowany PGM- 14X1000S-10.9 PRET GWINTOW.DIN976;st-stal-weglowa;138;2;22
5355140100SD975S;PGM -14X1000S PRET GWINTOW.DIN975;;5355;Łącznik gwintowany PGM -14X1000S PRET GWINTOW.DIN975;st-stal-weglowa;138;2;22
5355140200B88D975S;PGM -14X2000B-08.8 PRET GWINTOW.DIN975;;5355;Łącznik gwintowany PGM -14X2000B-08.8 PRET GWINTOW.DIN975;st-stal-weglowa;138;2;22
5355140200BD975S;PGM -14X2000B PRET GWINTOW.DIN975;;5355;Łącznik gwintowany PGM -14X2000B PRET GWINTOW.DIN975;st-stal-weglowa;138;2;22
5355140200SD975S;PGM -14X2000S PRET GWINTOW.DIN975;;5355;Łącznik gwintowany PGM -14X2000S PRET GWINTOW.DIN975;st-stal-weglowa;138;2;22
5355160100B88D975S;PGM -16X1000B-08.8 PRET GWINTOW.DIN975;;5355;Łącznik gwintowany PGM -16X1000B-08.8 PRET GWINTOW.DIN975;st-stal-weglowa;138;2;22
5355160100B88D976S;PGM-16X1000B-08.8 PRET GWINTOW.DIN976;;5355;Łącznik gwintowany PGM-16X1000B-08.8 PRET GWINTOW.DIN976;st-stal-weglowa;138;2;22
5355160100BD975S;PGM -16X1000B PRET GWINTOW.DIN975;;5355;Łącznik gwintowany PGM -16X1000B PRET GWINTOW.DIN975;st-stal-weglowa;138;2;22
5355160100BD976S;PGM- 16X1000B PRET GWINTOW.DIN976;;5355;Łącznik gwintowany PGM- 16X1000B PRET GWINTOW.DIN976;st-stal-weglowa;138;2;22
5355160100G88D975S;PGM -16X1000G-08.8 PRET GWINTOW.DIN975;;5355;Łącznik gwintowany PGM -16X1000G-08.8 PRET GWINTOW.DIN975;st-stal-weglowa;138;2;22
5355160100SD975S;PGM -16X1000S PRET GWINTOW.DIN975;;5355;Łącznik gwintowany PGM -16X1000S PRET GWINTOW.DIN975;st-stal-weglowa;138;2;22
5355160100SD976S;PGM- 16X1000S PRET GWINTOW.DIN976;;5355;Łącznik gwintowany PGM- 16X1000S PRET GWINTOW.DIN976;st-stal-weglowa;138;2;22
5355160200B42D976S;PGM-16X2000B-42CRMO4 PRET GWINTOW.DIN976;;5355;Łącznik gwintowany PGM-16X2000B-42CRMO4 PRET GWINTOW.DIN976;st-stal-weglowa;138;2;22
5355160200B88D975S;PGM -16X2000B-08.8 PRET GWINTOW.DIN975;;5355;Łącznik gwintowany PGM -16X2000B-08.8 PRET GWINTOW.DIN975;st-stal-weglowa;138;2;22
5355160200B88D976S;PGM- 16X2000B-08.8 PRET GWINTOW.DIN976;;5355;Łącznik gwintowany PGM- 16X2000B-08.8 PRET GWINTOW.DIN976;st-stal-weglowa;138;2;22
5355160200BD975S;PGM -16X2000B PRET GWINTOW.DIN975;;5355;Łącznik gwintowany PGM -16X2000B PRET GWINTOW.DIN975;st-stal-weglowa;138;2;22
5355160200BD976S;PGM- 16X2000B PRET GWINTOW.DIN976;;5355;Łącznik gwintowany PGM- 16X2000B PRET GWINTOW.DIN976;st-stal-weglowa;138;2;22
5355180100B88D975S;PGM -18X1000B-08.8 PRET GWINTOW.DIN975;;5355;Łącznik gwintowany PGM -18X1000B-08.8 PRET GWINTOW.DIN975;st-stal-weglowa;138;2;22
5355180100BD975S;PGM -18X1000B PRET GWINTOW.DIN975;;5355;Łącznik gwintowany PGM -18X1000B PRET GWINTOW.DIN975;st-stal-weglowa;138;2;22
5355200100B88D975S;PGM -20X1000B-08.8 PRET GWINTOW.DIN975;;5355;Łącznik gwintowany PGM -20X1000B-08.8 PRET GWINTOW.DIN975;st-stal-weglowa;138;2;22
5355200100B88D976S;PGM-20X1000B-08.8 PRET GWINTOW.DIN976;;5355;Łącznik gwintowany PGM-20X1000B-08.8 PRET GWINTOW.DIN976;st-stal-weglowa;138;2;22
5355200100BD975S;PGM -20X1000B PRET GWINTOW.DIN975;;5355;Łącznik gwintowany PGM -20X1000B PRET GWINTOW.DIN975;st-stal-weglowa;138;2;22
5355200100BD976S;PGM- 20X1000B PRET GWINTOW.DIN976;;5355;Łącznik gwintowany PGM- 20X1000B PRET GWINTOW.DIN976;st-stal-weglowa;138;2;22
5355200100G88D975S;PGM -20X1000G-08.8 PRET GWINTOW.DIN975;;5355;Łącznik gwintowany PGM -20X1000G-08.8 PRET GWINTOW.DIN975;st-stal-weglowa;138;2;22
5355200100SD975S;PGM -20X1000S PRET GWINTOW.DIN975;;5355;Łącznik gwintowany PGM -20X1000S PRET GWINTOW.DIN975;st-stal-weglowa;138;2;22
5355200100SD976S;PGM- 20X1000S PRET GWINTOW.DIN976;;5355;Łącznik gwintowany PGM- 20X1000S PRET GWINTOW.DIN976;st-stal-weglowa;138;2;22
5355200200B88D975S;PGM -20X2000B-08.8 PRET GWINTOW.DIN975;;5355;Łącznik gwintowany PGM -20X2000B-08.8 PRET GWINTOW.DIN975;st-stal-weglowa;138;2;22
5355200200BD42976S;PGM-20X2000B-42CRMO4 PRET GWINTOW.DIN976;;5355;Łącznik gwintowany PGM-20X2000B-42CRMO4 PRET GWINTOW.DIN976;st-stal-weglowa;138;2;22
5355200200BD975S;PGM -20X2000B PRET GWINTOW.DIN975;;5355;Łącznik gwintowany PGM -20X2000B PRET GWINTOW.DIN975;st-stal-weglowa;138;2;22
5355200200SD975S;PGM -20X2000S PRET GWINTOW.DIN975;;5355;Łącznik gwintowany PGM -20X2000S PRET GWINTOW.DIN975;st-stal-weglowa;138;2;22
5355220100B88D975S;PGM -22X1000B-08.8 PRET GWINTOW.DIN975;;5355;Łącznik gwintowany PGM -22X1000B-08.8 PRET GWINTOW.DIN975;st-stal-weglowa;138;2;22
5355220100B88D976S;PGM-22X1000B-08.8 PRET GWINTOW.DIN976;;5355;Łącznik gwintowany PGM-22X1000B-08.8 PRET GWINTOW.DIN976;st-stal-weglowa;138;2;22
5355220100BD975S;PGM -22X1000B PRET GWINTOW.DIN975;;5355;Łącznik gwintowany PGM -22X1000B PRET GWINTOW.DIN975;st-stal-weglowa;138;2;22
5355220100BD976S;PGM- 22X1000B PRET GWINTOW.DIN976;;5355;Łącznik gwintowany PGM- 22X1000B PRET GWINTOW.DIN976;st-stal-weglowa;138;2;22
5355220200B88D976S;PGM- 22X2000B-08.8 PRET GWINTOW.DIN976;;5355;Łącznik gwintowany PGM- 22X2000B-08.8 PRET GWINTOW.DIN976;st-stal-weglowa;138;2;22
5355240100B88D975S;PGM -24X1000B-08.8 PRET GWINTOW.DIN975;;5355;Łącznik gwintowany PGM -24X1000B-08.8 PRET GWINTOW.DIN975;st-stal-weglowa;138;2;22
5355240100B88D976S;PGM-24X1000B-08.8 PRET GWINTOW.DIN976;;5355;Łącznik gwintowany PGM-24X1000B-08.8 PRET GWINTOW.DIN976;st-stal-weglowa;138;2;22
5355240100BD975S;PGM -24X1000B PRET GWINTOW.DIN975;;5355;Łącznik gwintowany PGM -24X1000B PRET GWINTOW.DIN975;st-stal-weglowa;138;2;22
5355240100BD976S;PGM- 24X1000B PRET GWINTOW.DIN976;;5355;Łącznik gwintowany PGM- 24X1000B PRET GWINTOW.DIN976;st-stal-weglowa;138;2;22
5355240100G88D975S;PGM -24X1000G-08.8 PRET GWINTOW.DIN975;;5355;Łącznik gwintowany PGM -24X1000G-08.8 PRET GWINTOW.DIN975;st-stal-weglowa;138;2;22
5355240100R10D976S;PGM- 24X1000R-10.9 PRET GWINTOW.DIN976;;5355;Łącznik gwintowany PGM- 24X1000R-10.9 PRET GWINTOW.DIN976;st-stal-weglowa;138;2;22
5355240100SD975S;PGM -24X1000S PRET GWINTOW.DIN975;;5355;Łącznik gwintowany PGM -24X1000S PRET GWINTOW.DIN975;st-stal-weglowa;138;2;22
5355240100SD976S;PGM- 24X1000S PRET GWINTOW.DIN976;;5355;Łącznik gwintowany PGM- 24X1000S PRET GWINTOW.DIN976;st-stal-weglowa;138;2;22
5355240200B42D976S;PGM-24X2000B-42CRMO4 PRET GWINTOW.DIN976;;5355;Łącznik gwintowany PGM-24X2000B-42CRMO4 PRET GWINTOW.DIN976;st-stal-weglowa;138;2;22
5355240200B88D975S;PGM -24X2000B-08.8 PRET GWINTOW.DIN975;;5355;Łącznik gwintowany PGM -24X2000B-08.8 PRET GWINTOW.DIN975;st-stal-weglowa;138;2;22
5355240200BD975S;PGM -24X2000B PRET GWINTOW.DIN975;;5355;Łącznik gwintowany PGM -24X2000B PRET GWINTOW.DIN975;st-stal-weglowa;138;2;22
5355270100B88D975S;PGM -27X1000B-08.8 PRET GWINTOW.DIN975;;5355;Łącznik gwintowany PGM -27X1000B-08.8 PRET GWINTOW.DIN975;st-stal-weglowa;138;2;22
5355270100BD975S;PGM -27X1000B PRET GWINTOW.DIN975;;5355;Łącznik gwintowany PGM -27X1000B PRET GWINTOW.DIN975;st-stal-weglowa;138;2;22
5355270100SD975S;PGM -27X1000S PRET GWINTOW.DIN975;;5355;Łącznik gwintowany PGM -27X1000S PRET GWINTOW.DIN975;st-stal-weglowa;138;2;22
5355270200B42D976S;PGM-27X2000B-42CRMO4 PRET GWINTOW.DIN976;;5355;Łącznik gwintowany PGM-27X2000B-42CRMO4 PRET GWINTOW.DIN976;st-stal-weglowa;138;2;22
5355300100B88D975S;PGM -30X1000B-08.8 PRET GWINTOW.DIN975;;5355;Łącznik gwintowany PGM -30X1000B-08.8 PRET GWINTOW.DIN975;st-stal-weglowa;138;2;22
5355300100BD975S;PGM -30X1000B PRET GWINTOW.DIN975;;5355;Łącznik gwintowany PGM -30X1000B PRET GWINTOW.DIN975;st-stal-weglowa;138;2;22
5355300100G88D975S;PGM -30X1000G-08.8 PRET GWINTOW.DIN975;;5355;Łącznik gwintowany PGM -30X1000G-08.8 PRET GWINTOW.DIN975;st-stal-weglowa;138;2;22
5355300100SD975S;PGM -30X1000S PRET GWINTOW.DIN975;;5355;Łącznik gwintowany PGM -30X1000S PRET GWINTOW.DIN975;st-stal-weglowa;138;2;22
5355300200B42D976S;PGM-30X2000B-42CRMO4 PRET GWINTOW.DIN976;;5355;Łącznik gwintowany PGM-30X2000B-42CRMO4 PRET GWINTOW.DIN976;st-stal-weglowa;138;2;22
5355300200B88D975S;PGM -30X2000B-08.8 PRET GWINTOW.DIN975;;5355;Łącznik gwintowany PGM -30X2000B-08.8 PRET GWINTOW.DIN975;st-stal-weglowa;138;2;22
5355300200BD975S;PGM -30X2000B PRET GWINTOW.DIN975;;5355;Łącznik gwintowany PGM -30X2000B PRET GWINTOW.DIN975;st-stal-weglowa;138;2;22
5355330100B88D975S;PGM -33X1000B-08.8 PRET GWINTOW.DIN975;;5355;Łącznik gwintowany PGM -33X1000B-08.8 PRET GWINTOW.DIN975;st-stal-weglowa;138;2;22
5355330200B42D976S;PGM-33X2000B-42CRMO4 PRET GWINTOW.DIN976;;5355;Łącznik gwintowany PGM-33X2000B-42CRMO4 PRET GWINTOW.DIN976;st-stal-weglowa;138;2;22
5355360100B88D975S;PGM -36X1000B-08.8 PRET GWINTOW.DIN975;;5355;Łącznik gwintowany PGM -36X1000B-08.8 PRET GWINTOW.DIN975;st-stal-weglowa;138;2;22
5355360100BD975S;PGM -36X1000B PRET GWINTOW.DIN975;;5355;Łącznik gwintowany PGM -36X1000B PRET GWINTOW.DIN975;st-stal-weglowa;138;2;22
5355360100S12D976S;PGM- 36X1000S-12.9 PRET GWINTOW.DIN976;;5355;Łącznik gwintowany PGM- 36X1000S-12.9 PRET GWINTOW.DIN976;st-stal-weglowa;138;2;22
5355360200B42D976S;PGM-36X2000B-42CRMO4 PRET GWINTOW.DIN976;;5355;Łącznik gwintowany PGM-36X2000B-42CRMO4 PRET GWINTOW.DIN976;st-stal-weglowa;138;2;22
5355390100B88D975S;PGM -39X1000B-08.8 PRET GWINTOW.DIN975;;5355;Łącznik gwintowany PGM -39X1000B-08.8 PRET GWINTOW.DIN975;st-stal-weglowa;138;2;22
5355390200B88D975S;PGM -39X2000B-08.8 PRET GWINTOW.DIN975;;5355;Łącznik gwintowany PGM -39X2000B-08.8 PRET GWINTOW.DIN975;st-stal-weglowa;138;2;22
5355420100B88D975S;PGM -42X1000B-08.8 PRET GWINTOW.DIN975;;5355;Łącznik gwintowany PGM -42X1000B-08.8 PRET GWINTOW.DIN975;st-stal-weglowa;138;2;22
5355420100B88D976S;PGM-42X1000B-08.8 PRET GWINTOW.DIN976;;5355;Łącznik gwintowany PGM-42X1000B-08.8 PRET GWINTOW.DIN976;st-stal-weglowa;138;2;22
5355450100B88D975S;PGM -45X1000B-08.8 PRET GWINTOW.DIN975;;5355;Łącznik gwintowany PGM -45X1000B-08.8 PRET GWINTOW.DIN975;st-stal-weglowa;138;2;22
5355450100B88D976S;PGM-45X1000B-08.8 PRET GWINTOW.DIN976;;5355;Łącznik gwintowany PGM-45X1000B-08.8 PRET GWINTOW.DIN976;st-stal-weglowa;138;2;22
5355480100B88D975S;PGM -48X1000B-08.8 PRET GWINTOW.DIN975;;5355;Łącznik gwintowany PGM -48X1000B-08.8 PRET GWINTOW.DIN975;st-stal-weglowa;138;2;22
5355480100B88D976S;PGM-48X1000B-08.8 PRET GWINTOW.DIN976;;5355;Łącznik gwintowany PGM-48X1000B-08.8 PRET GWINTOW.DIN976;st-stal-weglowa;138;2;22
5355520100B88D976S;PGM-52X1000B-08.8 PRET GWINTOW.DIN976;;5355;Łącznik gwintowany PGM-52X1000B-08.8 PRET GWINTOW.DIN976;st-stal-weglowa;138;2;22
5399080050SLRTS;SLRT- 8X.50-14-GR.ART.820T TUL.KOTWY ROZ;;5399;SLRT- 8X.50-14-GR.ART.820T TUL.KOTWY ROZ;;244;10;200
5399080070SLRH88S;SLRH- 8X.70-12-  SR.KL 8.8-;;5399;Pręty gwintowane, haki i gwoździowkręty - inne SLRH- 8X.70-12-  SR.KL 8.8-;;244;10;200
5399080080SDFS;KOLEK  8/ 80  SDF-KBV;;5399;Pręty gwintowane, haki i gwoździowkręty - inne KOLEK  8/ 80  SDF-KBV;;244;10;200
5399080090SLRH88S;SLRH- 8X.90-12-GR.ART.820H  SRUBA KL 8.8;;5399;Pręty gwintowane, haki i gwoździowkręty - inne SLRH- 8X.90-12-GR.ART.820H  SRUBA KL 8.8;;244;10;200
5399080100SDFS;KOLEK  8/100  SDF-KBV;;5399;Pręty gwintowane, haki i gwoździowkręty - inne KOLEK  8/100  SDF-KBV;;244;10;200
5399080120SDFS;KOLEK  8120  SDF-KBV !!WYP;;5399;Pręty gwintowane, haki i gwoździowkręty - inne KOLEK  8120  SDF-KBV !!WYP;;244;10;200
5399080140SDPS;KOLEK  8140  SDP-KBV;;5399;Pręty gwintowane, haki i gwoździowkręty - inne KOLEK  8140  SDP-KBV;;244;10;200
5399080160SDPS;KOLEK  8160  SDP-KBV;;5399;Pręty gwintowane, haki i gwoździowkręty - inne KOLEK  8160  SDP-KBV;;244;10;200
5399080180SDPS;KOLEK  8180  SDP-KBV;;5399;Pręty gwintowane, haki i gwoździowkręty - inne KOLEK  8180  SDP-KBV;;244;10;200
53990801900SLNPBS;SL- M 8X1900B + NPM8;;5399;SL- M 8X1900B + NPM8;;244;10;200
5399080220SDPS;KOLEK  8220  SDP-KBV;;5399;Pręty gwintowane, haki i gwoździowkręty - inne KOLEK  8220  SDP-KBV;;244;10;200
5399080KBTS;KOLEK KBT 8   60-12   DO GAZOBETONU;;5399;KOLEK KBT 8   60-12   DO GAZOBETONU;;244;10;200
5399100055SLRTS;SLRT-10X.55-16-A820T TUL.KOT.ROZ;;5399;Pręty gwintowane, haki i gwoździowkręty - inne SLRT-10X.55-16-A820T TUL.KOT.ROZ;;244;10;200
5399100080SDPS;KOLEK 10S.80 SDP-KBV;;5399;Pręty gwintowane, haki i gwoździowkręty - inne KOLEK 10S.80 SDP-KBV;;244;10;200
5399100080SLRH88S;SLRH-10X.80-15-GR.ART.820H  SRUBA KL 8.8;;5399;Pręty gwintowane, haki i gwoździowkręty - inne SLRH-10X.80-15-GR.ART.820H  SRUBA KL 8.8;;244;10;200
5399100100RAMT;P- 10X100   KOLEK ROZPOROWY RAMOWY;;5399;P- 10X100   KOLEK ROZPOROWY RAMOWY;;244;10;200
5399100100SDPS;KOLEK 10S100 SDP-KBV;;5399;Pręty gwintowane, haki i gwoździowkręty - inne KOLEK 10S100 SDP-KBV;;244;10;200
5399100120SDPS;KOLEK 10S120 SDP-KBV;;5399;Pręty gwintowane, haki i gwoździowkręty - inne KOLEK 10S120 SDP-KBV;;244;10;200
5399100140SDPS;KOLEK 10S140 SDP-KBV;;5399;Pręty gwintowane, haki i gwoździowkręty - inne KOLEK 10S140 SDP-KBV;;244;10;200
5399100160RAMT;P- 10X160   KOLEK ROZPOROWY RAMOWY;;5399;P- 10X160   KOLEK ROZPOROWY RAMOWY;;244;10;200
5399100160SDPS;KOLEK 10S160 SDP-KBV;;5399;Pręty gwintowane, haki i gwoździowkręty - inne KOLEK 10S160 SDP-KBV;;244;10;200
5399100180SDPS;KOLEK 10S180 SDP-KBV;;5399;Pręty gwintowane, haki i gwoździowkręty - inne KOLEK 10S180 SDP-KBV;;244;10;200
5399100200SDPS;KOLEK 10S200 SDP-KBV;;5399;Pręty gwintowane, haki i gwoździowkręty - inne KOLEK 10S200 SDP-KBV;;244;10;200
5399100220SDPS;KOLEK 10S220 SDP-KBV;;5399;Pręty gwintowane, haki i gwoździowkręty - inne KOLEK 10S220 SDP-KBV;;244;10;200
5399100KBTS;KOLEK KBT 10  70-14   DO GAZOBETONU;;5399;KOLEK KBT 10  70-14   DO GAZOBETONU;;244;10;200
5399120100SLRH88S;SLRH-12X100-18-A820HSR.KL 8.8-;;5399;Pręty gwintowane, haki i gwoździowkręty - inne SLRH-12X100-18-A820HSR.KL 8.8-;;244;10;200
5399120120SLRH88S;SLRH-12X120-18-A820HSR.KL 8.8-;;5399;Pręty gwintowane, haki i gwoździowkręty - inne SLRH-12X120-18-A820HSR.KL 8.8-;;244;10;200
5399140080SDFSW17S;KOLEK 14U.80  SDF-KBV SW 17;;5399;Pręty gwintowane, haki i gwoździowkręty - inne KOLEK 14U.80  SDF-KBV SW 17;;244;10;200
5399140100SDFSW17S;KOLEK 14U100   SDF-KBV SW 17;;5399;Pręty gwintowane, haki i gwoździowkręty - inne KOLEK 14U100   SDF-KBV SW 17;;244;10;200
5399140100SDPS;KOLEK 14100   SDP-KBV;;5399;KOLEK 14100   SDP-KBV;;244;10;200
5399140120SDFSW17S;KOLEK 14U120   SDF-KBV SW 17-;;5399;Pręty gwintowane, haki i gwoździowkręty - inne KOLEK 14U120   SDF-KBV SW 17-;;244;10;200
5399140140SDPS;KOLEK 14140  SDP-KBV;;5399;Pręty gwintowane, haki i gwoździowkręty - inne KOLEK 14140  SDP-KBV;;244;10;200
5399140160SDPS;KOLEK 14160  SDP-KBV;;5399;Pręty gwintowane, haki i gwoździowkręty - inne KOLEK 14160  SDP-KBV;;244;10;200
5399140180SDPS;KOLEK 14180  SDP-KBV;;5399;Pręty gwintowane, haki i gwoździowkręty - inne KOLEK 14180  SDP-KBV;;244;10;200
5399140200SDPS;KOLEK 14200  SDP-KBV;;5399;Pręty gwintowane, haki i gwoździowkręty - inne KOLEK 14200  SDP-KBV;;244;10;200
5399140220SDPS;KOLEK 14220  SDP-KBV;;5399;Pręty gwintowane, haki i gwoździowkręty - inne KOLEK 14220  SDP-KBV;;244;10;200
5399160120SLRH88S;SLRH-16X120-24-A820HSR.KL 8.8-;;5399;Pręty gwintowane, haki i gwoździowkręty - inne SLRH-16X120-24-A820HSR.KL 8.8-;;244;10;200
5399450035LISBS;LIA-ISO TAK 45X.35MM STALBETON-;;5399;Pręty gwintowane, haki i gwoździowkręty - inne LIA-ISO TAK 45X.35MM STALBETON-;;244;10;200
5399450060LISBS;LIA-ISO TAK   45X.60MM    STALBETON;;5399;LIA-ISO TAK   45X.60MM    STALBETON;;244;10;200
5399450080LISBT;LIA-ISO TAK   45X.80MM    STAL/BETON;;5399;LIA-ISO TAK   45X.80MM    STAL/BETON;;244;10;200
5399450120LISBS;LIA-ISO TAK   45X120MM    STALBETON;;5399;LIA-ISO TAK   45X120MM    STALBETON;;244;10;200
5399450150LISBS;LIA-ISO TAK   45X150MM    STALBETON;;5399;LIA-ISO TAK   45X150MM    STALBETON;;244;10;200
5399450165LISBS;LIA-ISO TAK 45X165MMSTALBETON;;5399;Pręty gwintowane, haki i gwoździowkręty - inne LIA-ISO TAK 45X165MMSTALBETON;;244;10;200
5399450285LISBS;LIA-ISO TAK 45X285MM STALBETON-;;5399;Pręty gwintowane, haki i gwoździowkręty - inne LIA-ISO TAK 45X285MM STALBETON-;;244;10;200
5513100080080TX6PS;RAM-6P-10X.80 KOLEK RAMOWY+WKR.H6P-TX;;5513;Kołek ramowy z wkrętem z łbem sześciokątnym RAM-6P-10X.80 KOLEK RAMOWY+WKR.H6P-TX;;84;2;83
5799048100LIWPS;LIA-GUARDIAN  WKRET  4.8X100/.9B PS TX25;;5799;Zamocowania do materiałów izolacyjnych - inne LIA-GUARDIAN  WKRET  4.8X100/.9B PS TX25;;22;2;15
5799048120LIWPS;LIA-GUARDIAN  WKRET  4.8X120/.9B PS TX25;;5799;Zamocowania do materiałów izolacyjnych - inne LIA-GUARDIAN  WKRET  4.8X120/.9B PS TX25;;22;2;15
5799450060LISBS;LIA-ISO TAK   45X.60MM    STAL/BETON;;5799;LIA-ISO TAK   45X.60MM    STAL/BETON;;22;2;15
5799450080LISBS;LIA-GUARDIAN   45X.80MM    STAL/BETON;;5799;Zamocowania do materiałów izolacyjnych - inne LIA-GUARDIAN   45X.80MM    STAL/BETON;;22;2;15
5799450120LISBS;LIA-ISO TAK   45X120MM    STAL/BETON;;5799;Zamocowania do materiałów izolacyjnych - inne LIA-ISO TAK   45X120MM    STAL/BETON;;22;2;15
5799450150LISBS;LIA-ISO TAK   45X150MM    STAL/BETON;;5799;Zamocowania do materiałów izolacyjnych - inne LIA-ISO TAK   45X150MM    STAL/BETON;;22;2;15
5799480300LISBS  ;LIA-ISO TAK   48X300MM    STAL/BETON;;5799;Zamocowania do materiałów izolacyjnych - inne LIA-ISO TAK   48X300MM    STAL/BETON;;22;2;15
6299200042SVIP;ZLACZE KROKWIOWO-PLATWIOWE SVI200X42X62;;6299;Łączniki budowlane - inne ZLACZE KROKWIOWO-PLATWIOWE SVI200X42X62;;148;3;133
6299240040SVIP;ZLACZE KROK 40X60X240X2,0 PARA SVI240-B;;6299;Łączniki budowlane - inne ZLACZE KROK 40X60X240X2,0 PARA SVI240-B;;148;3;133
6299270045SFHP;ZLACZE KROKWIOWO-PLATWIOWE SFH270X45;;6299;Łączniki budowlane - inne ZLACZE KROKWIOWO-PLATWIOWE SFH270X45;;148;3;133
6299AC105105S;LACZNIK ACLR 10520 105x105x90x2;;6299;Łączniki budowlane - inne LACZNIK ACLR 10520 105x105x90x2;;148;3;133
6299BSNN060100BS;LACZNIK BUD.WIESZAK BELKI BSNN60/100;;6299;Łączniki budowlane - inne LACZNIK BUD.WIESZAK BELKI BSNN60/100;;148;3;133
6299BSNN080150BS;LACZNIK BUD.WIESZAK BELKI BSNN80/150;;6299;Łączniki budowlane - inne LACZNIK BUD.WIESZAK BELKI BSNN80/150;;148;3;133
6299KLR3909065S;LACZNIK KLR 3 90X90X65;;6299;Łączniki budowlane - inne LACZNIK KLR 3 90X90X65;;148;3;133
6299LS5057124S;KATOWNIK GIETY LS50 57X57X124;;6299;Łączniki budowlane - inne KATOWNIK GIETY LS50 57X57X124;;148;3;133
6299PLYKOL105210S;PLYTKA KOLCZASTA 105x210x1.5         ;;6299;Łączniki budowlane - inne PLYTKA KOLCZASTA 105x210x1.5;;148;3;133
6299PLYKOL126252S;PLYTKA KOLCZASTA 126x252x1.5      ;;6299;Łączniki budowlane - inne PLYTKA KOLCZASTA 126x252x1.5;;148;3;133
6299PLYKOL70168S;PLYTKA KOLCZASTA 70x168x1.5;;6299;Łączniki budowlane - inne PLYTKA KOLCZASTA 70x168x1.5;;148;3;133
6299PODK040050010S;LACZNIK BUD.PODKLADKA 40X50X10;;6299;Łączniki budowlane - inne LACZNIK BUD.PODKLADKA 40X50X10;;148;3;133
6299VTCR090050S;KLIPS DO WIAZAROW VTCR 90X50X63X1,2;;6299;Łączniki budowlane - inne KLIPS DO WIAZAROW VTCR 90X50X63X1,2;;148;3;133
6299WSPOZA355117S;WSPORNIK PODWOJNIE ZAGIETY B 35,5x117;;6299;Łączniki budowlane - inne WSPORNIK PODWOJNIE ZAGIETY B 35,5x117;;148;3;133
6299WSV1090070110S;LACZNIK BUD.WSV 1 B  90X70X110;;6299;Łączniki budowlane - inne LACZNIK BUD.WSV 1 B  90X70X110;;148;3;133
6301016OC1X07M;GAL-LINA STALOWA 1.6 OCYNK;;6301;Lina stalowa ocynkowana GAL-LINA STALOWA 1.6 OCYNK;;64;4;59
6301018OC6X07M;GAL-LINA STALOWA 1.8 OCYNK;;6301;Lina stalowa ocynkowana GAL-LINA STALOWA 1.8 OCYNK;;64;4;59
6301025OC1X19M;GAL-LINA STALOWA 2.5 OCYNK;;6301;Lina stalowa ocynkowana GAL-LINA STALOWA 2.5 OCYNK;;64;4;59
6301063OC6X19M;GAL-LINA STALOWA 6.3 OCYNK;;6301;Lina stalowa ocynkowana GAL-LINA STALOWA 6.3 OCYNK;;64;4;59
6301080OC6X37M;GAL-LINA STALOWA 8.0 OCYNK;;6301;Lina stalowa ocynkowana GAL-LINA STALOWA 8.0 OCYNK;;64;4;59
6302080OC6X07M;GAL-LINA STAL. 8.0 OCYNK.(6.0+2.0PCV);;6302;Lina stalowa ocynkowana w osłonie PCV GAL-LINA STAL. 8.0 OCYNK.(6.0+2.0PCV);;61;2;59
6302100OC6X07M;GAL-LINA STAL.10.0 OCYNK.(8.0+2.0PCV);;6302;Lina stalowa ocynkowana w osłonie PCV GAL-LINA STAL.10.0 OCYNK.(8.0+2.0PCV);;61;2;59
6314060BS;NZU M 6B NAKRETKA Z UCHEM ~DIN582;;6314;Nakrętka z uchem NZU M 6B NAKRETKA Z UCHEM ~DIN582;;61;3;50
6314080BS;NZU M 8B NAKRETKA Z UCHEM ~DIN582;;6314;Nakrętka z uchem NZU M 8B NAKRETKA Z UCHEM ~DIN582;;61;3;50
6314100BS;NZU M10B NAKRETKA Z UCHEM ~DIN582;;6314;Nakrętka z uchem NZU M10B NAKRETKA Z UCHEM ~DIN582;;61;3;50
6314120BS;NZU M12B NAKRETKA Z UCHEM ~DIN582;;6314;Nakrętka z uchem NZU M12B NAKRETKA Z UCHEM ~DIN582;;61;3;50
6314140BS;NZU M14B NAKRETKA Z UCHEM ~DIN582;;6314;Nakrętka z uchem NZU M14B NAKRETKA Z UCHEM ~DIN582;;61;3;50
6314160BS;NZU M16B NAKRETKA Z UCHEM ~DIN582;;6314;Nakrętka z uchem NZU M16B NAKRETKA Z UCHEM ~DIN582;;61;3;50
6314200BS;NZU M20B NAKRETKA Z UCHEM ~DIN582;;6314;Nakrętka z uchem NZU M20B NAKRETKA Z UCHEM ~DIN582;;61;3;50
6314240BS;NZU M24B NAKRETKA Z UCHEM ~DIN582;;6314;Nakrętka z uchem NZU M24B NAKRETKA Z UCHEM ~DIN582;;61;3;50
6314300BS;NZU M30B NAKRETKA Z UCHEM ~DIN582;;6314;Nakrętka z uchem NZU M30B NAKRETKA Z UCHEM ~DIN582;;61;3;50
6314360BS;NZU M36B NAKRETKA Z UCHEM ~DIN582;;6314;Nakrętka z uchem NZU M36B NAKRETKA Z UCHEM ~DIN582;;61;3;50
6314420BS;NZU M42B NAKRETKA Z UCHEM ~DIN582;;6314;Nakrętka z uchem NZU M42B NAKRETKA Z UCHEM ~DIN582;;61;3;50
63990012T02S;GAL-SZEKLA 1/2CALA  UDZWIG 2 T;;6399;Liny, łańcuchy i akcesoria - inne GAL-SZEKLA 1/2CALA  UDZWIG 2 T;;166;12;131
639900308T01S;GAL-SZEKLA 3/8CALA  UDZWIG 1 T;;6399;Liny, łańcuchy i akcesoria - inne GAL-SZEKLA 3/8CALA  UDZWIG 1 T;;166;12;131
639900516T075S;GAL-SZEKLA 5/16CALA  UDZWIG 0,75T;;6399;Liny, łańcuchy i akcesoria - inne GAL-SZEKLA 5/16CALA  UDZWIG 0,75T;;166;12;131
6399010HSZZABS;GAL-HAK ZAWIES. Z UCHEM Z ZAB. 10 GM334;;6399;Liny, łańcuchy i akcesoria - inne GAL-HAK ZAWIES. Z UCHEM Z ZAB. 10 GM334;;166;12;131
6399016HZSZABS;GAL-HAK ZAWIES.SWORZ. Z ZAB. 16 GM333;;6399;Liny, łańcuchy i akcesoria - inne GAL-HAK ZAWIES.SWORZ. Z ZAB. 16 GM333;;166;12;131
639905T6S;GAL-SZEKLA 7.9MM 0.5T  KL.6;;6399;Liny, łańcuchy i akcesoria - inne GAL-SZEKLA 7.9MM 0.5T  KL.6;;166;12;131
6399060050BPETS;GAL-LINA STALOWA Z PETELKAMI 6.0x0.5m;;6399;Liny, łańcuchy i akcesoria - inne GAL-LINA STALOWA Z PETELKAMI 6.0x0.5m;;166;12;131
6399060050BPPETS;GAL-LINA STAL. PCW Z PETELKAMI 6.0x0.5m;;6399;Liny, łańcuchy i akcesoria - inne GAL-LINA STAL. PCW Z PETELKAMI 6.0x0.5m;;166;12;131
6399075T6S;GAL-SZEKLA 9.3MM 0.75T  KL.6;;6399;Liny, łańcuchy i akcesoria - inne GAL-SZEKLA 9.3MM 0.75T  KL.6;;166;12;131
6399100G6X19TSM;GAL-LINA 10 HDG TS 1770N/MM2/MBL54,33kN;;6399;Liny, łańcuchy i akcesoria - inne GAL-LINA 10 HDG TS 1770N/MM2/MBL54,33kN;;166;12;131
6399100GS355D1478S;GAL-NAKR.NAPINAJACA-M10-G-S355 DIN1478;;6399;Liny, łańcuchy i akcesoria - inne GAL-NAKR.NAPINAJACA-M10-G-S355 DIN1478;;166;12;131
6399120C6X26KOWM;GAL-LINA KOWARKOWANA  12.0 6X26 CZARNA;;6399;Liny, łańcuchy i akcesoria - inne GAL-LINA KOWARKOWANA  12.0 6X26 CZARNA;;166;12;131
6399120G6X19TSM;GAL-LINA 12 HDG TS 1770N/MM2/MBL78,24kN;;6399;Liny, łańcuchy i akcesoria - inne GAL-LINA 12 HDG TS 1770N/MM2/MBL78,24kN;;166;12;131
6399140MAL04S;GAL-OGNIWO ZAWIESI. ZBIORCZE 14 MAL-KL.4;;6399;Liny, łańcuchy i akcesoria - inne GAL-OGNIWO ZAWIESI. ZBIORCZE 14 MAL-KL.4;;166;12;131
6399160BS355D1478S;GAL-NAKR.NAPINAJACA-M16-B-S355 DIN1478;;6399;Liny, łańcuchy i akcesoria - inne GAL-NAKR.NAPINAJACA-M16-B-S355 DIN1478;;166;12;131
63991T6S;GAL-SZEKLA 11MM 1.0T  KL.6;;6399;Liny, łańcuchy i akcesoria - inne GAL-SZEKLA 11MM 1.0T  KL.6;;166;12;131
6399200G1480KORPS;GAL-SR.RZYMSKA M20G KORPUS D1480;;6399;Liny, łańcuchy i akcesoria - inne GAL-SR.RZYMSKA M20G KORPUS D1480;;166;12;131
6399200TULZACS;GAL-TULEJA ZACISKO FI 20MM DIN3093 AL.;;6399;Liny, łańcuchy i akcesoria - inne GAL-TULEJA ZACISKO FI 20MM DIN3093 AL.;;166;12;131
6399240G1480KORPS;GAL-SR.RZYMSKA M24G KORPUS D1480;;6399;Liny, łańcuchy i akcesoria - inne GAL-SR.RZYMSKA M24G KORPUS D1480;;166;12;131
63992T6S;GAL-SZEKLA 15.7MM 2.0T  KL.6;;6399;Liny, łańcuchy i akcesoria - inne GAL-SZEKLA 15.7MM 2.0T  KL.6;;166;12;131
63992T6ZS;GAL-SZEKLA 15.7MM 2T KL.6 Z ZAB;;6399;Liny, łańcuchy i akcesoria - inne GAL-SZEKLA 15.7MM 2T KL.6 Z ZAB;;166;12;131
6399325T6S;GAL-SZEKLA 18.5MM 3.25T  KL.6;;6399;Liny, łańcuchy i akcesoria - inne GAL-SZEKLA 18.5MM 3.25T  KL.6;;166;12;131
6399325T6ZS;GAL-SZEKLA 18.5MM 3.25T KL.6 Z ZAB;;6399;Liny, łańcuchy i akcesoria - inne GAL-SZEKLA 18.5MM 3.25T KL.6 Z ZAB;;166;12;131
639942010TZACZEPS;PUNKT ZACZEPOWY M42 -10TON;;6399;Liny, łańcuchy i akcesoria - inne PUNKT ZACZEPOWY M42 -10TON;;166;12;131
6399475T6S;GAL-SZEKLA 21.5MM 4.75T  KL.6;;6399;Liny, łańcuchy i akcesoria - inne GAL-SZEKLA 21.5MM 4.75T  KL.6;;166;12;131
6399475T6ZS;GAL-SZEKLA 21.5MM 4.75T KL.6 Z ZAB;;6399;Liny, łańcuchy i akcesoria - inne GAL-SZEKLA 21.5MM 4.75T KL.6 Z ZAB;;166;12;131
639965T6S;GAL-SZEKLA 24.5MM 6.5T  KL.6;;6399;Liny, łańcuchy i akcesoria - inne GAL-SZEKLA 24.5MM 6.5T  KL.6;;166;12;131
639965T6ZS;GAL-SZEKLA 24.5MM 6.5T KL.6 Z ZAB;;6399;Liny, łańcuchy i akcesoria - inne GAL-SZEKLA 24.5MM 6.5T KL.6 Z ZAB;;166;12;131
639985T6S;GAL-SZEKLA 27.5MM 8.5T  KL.6;;6399;Liny, łańcuchy i akcesoria - inne GAL-SZEKLA 27.5MM 8.5T  KL.6;;166;12;131
639985T6ZS;GAL-SZEKLA 27.5MM 8.5T KL.6 Z ZAB;;6399;Liny, łańcuchy i akcesoria - inne GAL-SZEKLA 27.5MM 8.5T KL.6 Z ZAB;;166;12;131
639995T6S;GAL-SZEKLA 32MM 9.5T  KL.6;;6399;Liny, łańcuchy i akcesoria - inne GAL-SZEKLA 32MM 9.5T  KL.6;;166;12;131
639995T6ZS;GAL-SZEKLA 32MM 9.5T KL.6 Z ZAB;;6399;Liny, łańcuchy i akcesoria - inne GAL-SZEKLA 32MM 9.5T KL.6 Z ZAB;;166;12;131
6399T0005UBXGS;GAL-SZEKLA UBX Z ZAB. OC.G UDZ. 0,5 T;;6399;Liny, łańcuchy i akcesoria - inne GAL-SZEKLA UBX Z ZAB. OC.G UDZ. 0,5 T;;166;12;131
6399T0010UBXGS;GAL-SZEKLA UBX Z ZAB. OC.G UDZ. 1,0 T;;6399;Liny, łańcuchy i akcesoria - inne GAL-SZEKLA UBX Z ZAB. OC.G UDZ. 1,0 T;;166;12;131
6399T0015UBXGS;GAL-SZEKLA UBX Z ZAB. OC.G UDZ. 1,5 T;;6399;Liny, łańcuchy i akcesoria - inne GAL-SZEKLA UBX Z ZAB. OC.G UDZ. 1,5 T;;166;12;131
6499010012W1S;OBEJMA MOCU. RSGU 10/12 W1;;6499;Opaski i obejmy - inne OBEJMA MOCU. RSGU 10/12 W1;;70;3;64
6499012W1R/08S;OPASKA SPR. ZAC. 12/8 GEOMET 500H SST;;6499;Opaski i obejmy - inne OPASKA SPR. ZAC. 12/8 GEOMET 500H SST;;70;3;64
6499014020W1S;OBEJMA MOCU. RSGU 14/20 W1;;6499;Opaski i obejmy - inne OBEJMA MOCU. RSGU 14/20 W1;;70;3;64
6499015020W1S;OBEJMA MOCU. RSGU 15/20 W1;;6499;Opaski i obejmy - inne OBEJMA MOCU. RSGU 15/20 W1;;70;3;64
6499018015W1S;OBEJMA MOCU. RSGU 18/15 W1;;6499;Opaski i obejmy - inne OBEJMA MOCU. RSGU 18/15 W1;;70;3;64
6499020020W1S;OBEJMA MOCU. RSGU 20/20 W1;;6499;Opaski i obejmy - inne OBEJMA MOCU. RSGU 20/20 W1;;70;3;64
665005SZDRS;SZCZOTKA DRUCIANA 5 RZEDOW;;6650;Szczotka druciana SZCZOTKA DRUCIANA 5 RZEDOW;;8;2;2
665006SZDRS;SZCZOTKA DRUCIANA 6 RZEDOW;;6650;Szczotka druciana SZCZOTKA DRUCIANA 6 RZEDOW;;8;2;2
66507482457SPAS;SZCZOTKA DRUCIANA 5 RZ.SPARTA(7482457);;6650;Szczotka druciana SZCZOTKA DRUCIANA 5 RZ.SPARTA(7482457);;8;2;2
66507482657SPAS;SZCZOTKA DRUCIANA 6 RZ.SPARTA(7482657);;6650;Szczotka druciana SZCZOTKA DRUCIANA 6 RZ.SPARTA(7482657);;8;2;2
66507485057SPAS;SZCZOTKA DRUCIANA 120 SPATRA(7485057);;6650;Szczotka druciana SZCZOTKA DRUCIANA 120 SPATRA(7485057);;8;2;2
6650SZDRS;SZCZOTKA DRUCIANA;;6650;Szczotka druciana SZCZOTKA DRUCIANA;;8;2;2
6703040119FESS;WIERTLO NWKB SZLIF.HSS CO  4.0X119  T;;6703;Wiertło do metalu szlifowane kobaltowe WIERTLO NWKB SZLIF.HSS CO  4.0X119  T;;216;2;208
6703046075FESS;WIERTLO NWKA SZLIF.HSS CO 4.6X75 T;;6703;Wiertło do metalu szlifowane kobaltowe WIERTLO NWKA SZLIF.HSS CO 4.6X75 T;;216;2;208
6703086117FESS;WIERTLO NWKA SZLIF.HSS CO  8.6X117  T;;6703;Wiertło do metalu szlifowane kobaltowe WIERTLO NWKA SZLIF.HSS CO  8.6X117  T;;216;2;208
6703088117FESS;WIERTLO NWKA SZLIF.HSS CO  8.8X117   T;;6703;Wiertło do metalu szlifowane kobaltowe WIERTLO NWKA SZLIF.HSS CO  8.8X117   T;;216;2;208
6703089117FESS;WIERTLO NWKA SZLIF.HSS CO  8.9X117  T;;6703;Wiertło do metalu szlifowane kobaltowe WIERTLO NWKA SZLIF.HSS CO  8.9X117  T;;216;2;208
6703092125FESS;WIERTLO NWKA SZLIF.HSS CO 9.2X125 T;;6703;Wiertło do metalu szlifowane kobaltowe WIERTLO NWKA SZLIF.HSS CO 9.2X125 T;;216;2;208
6703094125FESS;WIERTLO NWKA SZLIF.HSS CO 9.4X125 T;;6703;Wiertło do metalu szlifowane kobaltowe WIERTLO NWKA SZLIF.HSS CO 9.4X125 T;;216;2;208
6703122142FESS;WIERTLO NWKA SZLIF.HSS CO  12.2X142  T;;6703;Wiertło do metalu szlifowane kobaltowe WIERTLO NWKA SZLIF.HSS CO  12.2X142  T;;216;2;208
6709030300FESS;WIERTLO 3/300 SPIRALNE DO DREWNA T;;6709;Wiertło spiralne do drewna WIERTLO 3/300 SPIRALNE DO DREWNA T;;121;2;106
6709040300FESS;WIERTLO 4/300 SPIRALNE DO DREWNA T;;6709;Wiertło spiralne do drewna WIERTLO 4/300 SPIRALNE DO DREWNA T;;121;2;106
6709060400FESS;WIERTLO 6/400 SPIRALNE DO DREWNA T;;6709;Wiertło spiralne do drewna WIERTLO 6/400 SPIRALNE DO DREWNA T;;121;2;106
6709060460FESS;SWIDER SPIRALNY 6X460 T;;6709;Wiertło spiralne do drewna SWIDER SPIRALNY 6X460 T;;121;2;106
6709080400FESS;WIERTLO 8/400 SPIRALNE DO DREWNA T;;6709;Wiertło spiralne do drewna WIERTLO 8/400 SPIRALNE DO DREWNA T;;121;2;106
6709080460FESS;SWIDER SPIRALNY 8X460 T;;6709;Wiertło spiralne do drewna SWIDER SPIRALNY 8X460 T;;121;2;106
6709100400FESS;WIERTLO 10/400 SPIRALNE DO DREWNA T;;6709;Wiertło spiralne do drewna WIERTLO 10/400 SPIRALNE DO DREWNA T;;121;2;106
6709100460FESS;SWIDER SPIRALNY 10X460 T;;6709;Wiertło spiralne do drewna SWIDER SPIRALNY 10X460 T;;121;2;106
6709120400FESS;WIERTLO 12/400 SPIRALNE DO DREWNA T;;6709;Wiertło spiralne do drewna WIERTLO 12/400 SPIRALNE DO DREWNA T;;121;2;106
6709120450FESS;SWIDER SPIRALNY 12X460 T;;6709;Wiertło spiralne do drewna SWIDER SPIRALNY 12X460 T;;121;2;106
6709140400FESS;WIERTLO 14/400 SPIRALNE DO DREWNA T;;6709;Wiertło spiralne do drewna WIERTLO 14/400 SPIRALNE DO DREWNA T;;121;2;106
6709140460FESS;SWIDER SPIRALNY 14X460 T;;6709;Wiertło spiralne do drewna SWIDER SPIRALNY 14X460 T;;121;2;106
6709160460FESS;SWIDER SPIRALNY 16X460 T;;6709;Wiertło spiralne do drewna SWIDER SPIRALNY 16X460 T;;121;2;106
6709180460FESS;SWIDER SPIRALNY 18X460 T;;6709;Wiertło spiralne do drewna SWIDER SPIRALNY 18X460 T;;121;2;106
6709200460FESS;SWIDER SPIRALNY 20X460 T;;6709;Wiertło spiralne do drewna SWIDER SPIRALNY 20X460 T;;121;2;106
6799030150PCFESS;WIERTLO NWKP WALC.CO  3.0X150/100;;6799;Wiertła - inne WIERTLO NWKP WALC.CO  3.0X150/100;;272;3;263
6799030190PCFESS;WIERTLO NWKP WALC.CO  3.0X190/130;;6799;Wiertła - inne WIERTLO NWKP WALC.CO  3.0X190/130;;272;3;263
6799080300JORS;WIERTLA PROWADZACE8.0X300 JOR-;;6799;Wiertła - inne WIERTLA PROWADZACE8.0X300 JOR-;;272;3;263
6799100SZKLOFESS;WIERTLA DO SZKLA 10MM T;;6799;Wiertła - inne WIERTLA DO SZKLA 10MM T;;272;3;263
6799120SZKLOFESS;WIERTLA DO SZKLA 12MM T;;6799;Wiertła - inne WIERTLA DO SZKLA 12MM T;;272;3;263
6799150MORSES;WIERTLO NWKC HSS 15.0  MORSE’A;;6799;Wiertła - inne WIERTLO NWKC HSS 15.0  MORSE’A;;272;3;263
6799160MORSES;WIERTLO NWKC HSS 16.0  MORSE’A;;6799;Wiertła - inne WIERTLO NWKC HSS 16.0  MORSE’A;;272;3;263
6799165MORSES;WIERTLO NWKC HSS 16.5  MORSE’A;;6799;Wiertła - inne WIERTLO NWKC HSS 16.5  MORSE’A;;272;3;263
6799180MORSES;WIERTLO NWKC HSS 18.0  MORSE’A;;6799;Wiertła - inne WIERTLO NWKC HSS 18.0  MORSE’A;;272;3;263
771102160120BD931K;77-S16.0X120-6K-B-38-05.8-SRUBA DIN931;;7711;77 77-S16.0X120-6K-B-38-05.8-SRUBA DIN931;;4;2;2
771108100030BD603K;S10.0X030-ZG-B-BLEDNA CECHA 8.8 ;;7711;77 S10.0X030-ZG-B-BLEDNA CECHA 8.8;;4;2;2
FIS-BL-KOLEK07935O;FIS-BL K4 UX10X60RSK+H6K8,0X80 -90880;;FIS-;;;1653;21;520
FIS-BL-KOLEK13795O;FIS-BL-KOL DO GAZOB. 4x GB 8 K 52491-;;FIS-;;;1653;21;520
FIS-BL-KOLEK13806O;FIS-BL-KOLEK 20x SX 8x40 K 49108-;;FIS-;;;1653;21;520
FIS-BL-KOLEK13825O;FIS-BL-KOLEK+HP 4x UX 6x35 WH K    94623;;FIS-;;;1653;21;520
FIS-BL-KOLEK13826O;FIS-BL-KOLEK+HP 4x UX 8x50 WH K    94625;;FIS-;;;1653;21;520
FIS-BL-KOLEK13827O;FIS-BL-KOLEK+HP 2x UX10x60 WH K    94626;;FIS-;;;1653;21;520
FIS-BL-KOLEK13829O;FIS-BL-KOL+HO 4x UX6x35 RH K 94619;;FIS-;;;1653;21;520
FIS-BL-KOLEK13830O;FIS-BL-KOL+HO 4x UX8x50 RH K 94621;;FIS-;;;1653;21;520
FIS-BL-KOLEK13831O;FIS-BL-KOL+HO 2x UX10x60 RH K94622;;FIS-;;;1653;21;520
FIS-BL-KOLEK38974O;FIS-UX12x70 SK MOCOWANIE UNIW. [090875];;FIS-;;;1653;21;520
FIS-BL-KOLEK38975O;FIS-UX14x75 SK MOCOWANIE UNIW. [090876];;FIS-;;;1653;21;520
FIS-BL-KOLEK38976O;FIS-UX8x50 RSK MOCOWANIE UNIW. [090879];;FIS-;;;1653;21;520
FIS-BL-KOTW013794O;FIS-BL-KOL RAM. 4x FUR10X160 SS62417-;;FIS-;;;1653;21;520
FIS-BL-KOTW013818O;FIS-BL-KOL.UN+W 10x FU6x35 SK84326;;FIS-;;;1653;21;520
FIS-BL-KOTW013819O;FIS-BL-KOLEK UNIW+W  6x FU 8x50 SK 84327;;FIS-;;;1653;21;520
FIS-BL-KOTW013821O;FIS-BL-KOL.UN+W 4x FU10x60 SK84328;;FIS-;;;1653;21;520
FIS-BL-KOTW013822O;FIS-BL-METAL.MOC.+HO 2x KDH 3 K   45475;;FIS-;;;1653;21;520
FIS-BL-KOTW013823O;FIS-BL-METAL.MOC.+HO2xKDH4K84342;;FIS-;;;1653;21;520
FIS-BL-KOTW013824O;FIS-BL-MOCOW. LUSTRA SKL M K 1KPL  45490;;FIS-;;;1653;21;520
FIS-BOX653838O;FIS-ROUNDBOX DUOPOWER 6X30 535981 +;;FIS-;;;1653;21;520
FIS-BOX653839O;FIS-ROUNDBOX DUOPOWER 8X40 535982 +;;FIS-;;;1653;21;520
FIS-BOX653840O;FIS-ROUNDBOX DUOPOWER 10X50 541921 +;;FIS-;;;1653;21;520
FIS-CYNK00004667S;FIS-CYNK ALU  400 ML 509241  FISCHER;;FIS-;;;1653;21;520
FIS-CYNK00004668S;FIS-CYNK SPRAY 400 ML 509242  FISCHER;;FIS-;;;1653;21;520
FIS-CYNK00004948S;FIS-CYNK W SPRAYU DO ALUM. 400ML 509241;;FIS-;;;1653;21;520
FIS-CYNK00004950S;FIS-CYNK W SPRAYU STAL 400ML 509242;;FIS-;;;1653;21;520
FIS-CZZAM049933P;FIS-CZESCI ZAMIENNE;;FIS-;;;1653;21;520
FIS-DLUTO079148S;FIS-DLUTO SDS-MAX  25/600       504287;;FIS-;;;1653;21;520
FIS-DYBE011108S;FIS-DYBEL DO PUST.PRZEST.NA6X30;;FIS-;;;1653;21;520
FIS-DYBE645340S;FIS-DYBEL PRZECHYLNY KM10 50326;;FIS-;;;1653;21;520
FIS-DYBELM001964S;FIS-DYBEL WBIJANY  6X60 A2    FISCHER;;FIS-;;;1653;21;520
FIS-DYBELM010363S;FIS-DYBEL MOSIEZNY MS  4X16    FISCHER;;FIS-;;;1653;21;520
FIS-DYBELM084199S;FIS-DYBEL MOSIEZNY MS 8X30  78981;;FIS-;;;1653;21;520
FIS-DYBELM084200S;FIS-DYBEL MOSIEZNY MS  10X32  78661;;FIS-;;;1653;21;520
FIS-DYBELM084201S;FIS-DYBEL MOSIEZNY PO M 12X40FISCHER-;;FIS-;;;1653;21;520
FIS-FBH-030832S;FIS-FBH-HOLDER W1 UCHWYT DO BITOW 533148;;FIS-;;;1653;21;520
FIS-FBH-U024193S;FIS-FBH - UVH UCHWYT DO BITOW    FISCHER;;FIS-;;;1653;21;520
FIS-FCSCAN022115S;FIS-FCS CAN ZAPRAWA DO PEKNIEC   FISCHER;;FIS-;;;1653;21;520
FIS-FCSLIQ022883S;FIS-FCS LIQUID ZAPRAWA DO PEKNIEC FISCHE;;FIS-;;;1653;21;520
FIS-FDBPH2024189S;FIS-FDB PH2 BIT    FISCHER;;FIS-;;;1653;21;520
FIS-FDBPH3024190S;FIS-FDB PH3 BIT    FISCHER;;FIS-;;;1653;21;520
FIS-FDBPZ2024191S;FIS-FDB PZ2 BIT    FISCHER;;FIS-;;;1653;21;520
FIS-FDBPZ3024192S;FIS-FDB PZ3 BIT    FISCHER;;FIS-;;;1653;21;520
FIS-FFS7001686S;FIS-FFS  7.5X102 T30   WKRET OKIENNY;;FIS-;;;1653;21;520
FIS-FFS7022776S;FIS-FFS7.5X152 T30 WKR OKIENNY;;FIS-;;;1653;21;520
FIS-FFS7022777S;FIS-FFS  7.5X132 T30   WKRET OKIENNY;;FIS-;;;1653;21;520
FIS-FFS7022865S;FIS-FFS7.5X112 T30 WKR OKIENNY;;FIS-;;;1653;21;520
FIS-FFSZ7004462S;FIS-FFSZ 7.5X102 T25 WKR.OKIENNY 092701;;FIS-;;;1653;21;520
FIS-FFSZ7022778S;FIS-FFSZ 7.5X152 T25 WKR.OKIENNY 092705;;FIS-;;;1653;21;520
FIS-FFSZ7022779S;FIS-FFSZ 7.5X132 T25 WKR.OKIENNY 092704;;FIS-;;;1653;21;520
FIS-FFSZ7034494S;FIS-FFSZ 7.5X122 T25 WKR. OKIENNY 092703;;FIS-;;;1653;21;520
FIS-FPFCTP4060T;FIS-FPF II CTP 4.0X60 BC  670175;;FIS-;;;1653;21;520
FIS-FPFCTPT;FIS-FPF II CTP 3.0X45 BC  670021;;FIS-;;;1653;21;520
FIS-FPFCZF649692T;FIS-FPF II CZF 4.0X25 BC  670190;;FIS-;;;1653;21;520
FIS-FPFHH031589T;FIS-FPF-HH 4.5X30 ZPP  658020;;FIS-;;;1653;21;520
FIS-FPFLZ016644S;FIS-FPF-LZ 4.5X60 ZPF 652537;;FIS-;;;1653;21;520
FIS-FPFLZ016719S;FIS-FPF-LZ 4.5X50 A2F 657346;;FIS-;;;1653;21;520
FIS-FPFPT001685S;FIS-FPF-PT 3.0X16 ZPF;;FIS-;;;1653;21;520
FIS-FPFPT032183T;FIS-FPF-PT 4.0X20 A2F   657367;;FIS-;;;1653;21;520
FIS-FPFPZF699025T;FIS-FPF II PZF 4.0X50 BC 670248;;FIS-;;;1653;21;520
FIS-FPFST000000S;FIS-FPF-ST 5.0X70 A4P 40504;;FIS-;;;1653;21;520
FIS-FPFST014655T;FIS-FPF-ST 4.0X70 YZP-TX- A 653518;;FIS-;;;1653;21;520
FIS-FPFST015242S;FIS-FPF-ST 4.0X45B ZPP 652386;;FIS-;;;1653;21;520
FIS-FPFST016639S;FIS-FPF-ST 4.5X60 ZPP 652421;;FIS-;;;1653;21;520
FIS-FPFST031542T;FIS-FPF-ST 4.5X70 A4P 200 40504;;FIS-;;;1653;21;520
FIS-FPFST031590T;FIS-FPF-ST 3.5X40 YZP-TX- A  653463;;FIS-;;;1653;21;520
FIS-FPFST031619T;FIS-FPF-ST 4.5x30 BZP (669018);;FIS-;;;1653;21;520
FIS-FPFST038442T;FIS-FPF-ST 3.0X45 ZPP  652319;;FIS-;;;1653;21;520
FIS-FPFST046302S;FIS-FPF-ST 4.0X60 ZPP 652392;;FIS-;;;1653;21;520
FIS-FPFST056741S;FIS-FPF-ST 5.0X45ZPF-B-TX  652440;;FIS-;;;1653;21;520
FIS-FPFST056929T;FIS-FPF-ST 4.0X40 YZP-TX- A  653507;;FIS-;;;1653;21;520
FIS-FPFST057983S;FIS-FPF-ST 4.0X50 A4P 200 657285;;FIS-;;;1653;21;520
FIS-FPFST075477T;FIS-FPF-ST 4.0X45 YZP   653510;;FIS-;;;1653;21;520
FIS-FPFST079676T;FIS-FPF-ST 3.5X50 YZP-TX- A  653475;;FIS-;;;1653;21;520
FIS-FPFST079870T;FIS-FPF-ST 3.5X45 ZPP-TX- B  652349;;FIS-;;;1653;21;520
FIS-FPFST640482T;FIS-FPF-ST 5.0X60 ZPP-TX- B  652450;;FIS-;;;1653;21;520
FIS-FPFST642249T;FIS-FPF-ST 4.0X25 YZF-TX- A 653486;;FIS-;;;1653;21;520
FIS-FPFST656525T;FIS-FPF-ST 5.0X120 A2P 657100;;FIS-;;;1653;21;520
FIS-FPFSZ016638S;FIS-FPF-SZ 4.5X60 ZPP 652177;;FIS-;;;1653;21;520
FIS-FPFSZ016717S;FIS-FPF-SZ 4.5X60 A2P 657200;;FIS-;;;1653;21;520
FIS-FPFSZ016833S;FIS-FPF-SZ 4.0X60 ZPP 652392;;FIS-;;;1653;21;520
FIS-FPFSZ030869T;FIS-FPF-SZ 3.0X020  ZPF 652032;;FIS-;;;1653;21;520
FIS-FPFSZ051730S;FIS-FPF-SZ 4.0X50 A2P 657180;;FIS-;;;1653;21;520
FIS-FPFSZ639628T;FIS-FPF-SZ 4.0X60 ZPF 652840;;FIS-;;;1653;21;520
FIS-FTSST016726S;FIS-FPF-ST 5.0X60 A2P 660606;;FIS-;;;1653;21;520
FIS-KATOWN000152S;FIS-MW 38-90 KATOWNIK;;FIS-;;;1653;21;520
FIS-KATOWN004123S;FIS-KATOWNIK MW 27-90 79655;;FIS-;;;1653;21;520
FIS-KATOWN041864S;FIS-WK 100-100 KATOWNIK  63559;;FIS-;;;1653;21;520
FIS-KATOWN041865S;FIS-UWS KATOWNIK  49479;;FIS-;;;1653;21;520
FIS-KATOWN087619S;FIS-KATOWNIK MW 38-45  79658;;FIS-;;;1653;21;520
FIS-KLAMRA000159S;FIS-KLAMRA TKR  21-42    504363;;FIS-;;;1653;21;520
FIS-KLAMRA001459S;FIS-KLAMRA TKR  27/18    79411;;FIS-;;;1653;21;520
FIS-KLAMRA024580S;FIS-KLAMRA   TKL M9    FISCHER-;;FIS-;;;1653;21;520
FIS-KLAMRA024581S;FIS-KLAMRA TKR  21-42 A2  -;;FIS-;;;1653;21;520
FIS-KLAMRA030406S;FIS-KLAMRA   TKL M12    FISCHER;;FIS-;;;1653;21;520
FIS-KLAMRA080151S;FIS-KLAMRA   TKL M8    FISCHER;;FIS-;;;1653;21;520
FIS-KLAMRA080152S;FIS-KLAMRA   TKL M10    FISCHER;;FIS-;;;1653;21;520
FIS-KLAMRA637984S;FIS-KLAMRA TKR 31    538751;;FIS-;;;1653;21;520
FIS-KLESZC026696S;FIS-KLESZCZE LZ DZIURKACZ    FISCHER;;FIS-;;;1653;21;520
FIS-KOLEK074774S;FIS-KOLEK RAM.SXRL 14X120 FUS 530948;;FIS-;;;1653;21;520
FIS-KOLEK074775S;FIS-KOLEK RAM.SXRL 12X120 FUS 45795;;FIS-;;;1653;21;520
FIS-KOLEK639196O;FIS-KOLEK ROZP. SX-10X50  720 SZT 507909;;FIS-;;;1653;21;520
FIS-KOLEK697784S;FIS-KOLEK DUOPOWER 8X40 WH +HAK 535001;;FIS-;;;1653;21;520
FIS-KOLEK715496T;FIS-KOLEK DUOPOWER 5X25 555005;;FIS-;;;1653;21;520
FIS-KOLEK715497T;FIS-KOLEK DUOPOWER 5X25 +WK. 555105;;FIS-;;;1653;21;520
FIS-KOLEK715498T;FIS-KOLEK DUOPOWER 6X30 555006+;;FIS-;;;1653;21;520
FIS-KOLEK715499T;FIS-KOLEK DUOPOWER 6X30 +WK. 555106;;FIS-;;;1653;21;520
FIS-KOLEK715500T;FIS-KOLEK DUOPOWER 6X50 S 538245;;FIS-;;;1653;21;520
FIS-KOLEK715501T;FIS-KOLEK DUOPOWER 6X50   538240;;FIS-;;;1653;21;520
FIS-KOLEK715502T;FIS-KOLEK DUOPOWER 8X40 555008;;FIS-;;;1653;21;520
FIS-KOLEK715503T;FIS-KOLEK DUOPOWER 8X40 +WK. 555108;;FIS-;;;1653;21;520
FIS-KOLEK715504T;FIS-KOLEK DUOPOWER 8X65   538241;;FIS-;;;1653;21;520
FIS-KOLEK715505T;FIS-KOLEK DUOPOWER 8X65 S 538246;;FIS-;;;1653;21;520
FIS-KOLEK715506T;FIS-KOLEK DUOPOWER 10X50 555010;;FIS-;;;1653;21;520
FIS-KOLEK715507T;FIS-KOLEK DUOPOWER 10X50 +WK. 555110;;FIS-;;;1653;21;520
FIS-KOLEK715508T;FIS-KOLEK DUOPOWER 10X80   538242;;FIS-;;;1653;21;520
FIS-KOLEK715509T;FIS-KOLEK DUOPOWER 12X60 S 538248;;FIS-;;;1653;21;520
FIS-KOLEK715510T;FIS-KOLEK DUOPOWER 12X60  538243;;FIS-;;;1653;21;520
FIS-KOLEK715511T;FIS-KOLEK DUOPOWER 14X70   538244;;FIS-;;;1653;21;520
FIS-KOLEK715512T;FIS-KOLEK DUOTEC 10 537258;;FIS-;;;1653;21;520
FIS-KOLEK715513T;FIS-KOLEK DUOTEC 12 542796;;FIS-;;;1653;21;520
FIS-KOLEK715514T;FIS-KOLEK DUOXPAND 10X100 FUS 562168;;FIS-;;;1653;21;520
FIS-KOLEK715515T;FIS-KOLEK DUOXPAND 10X100 T 562156;;FIS-;;;1653;21;520
FIS-KOLEK715516T;FIS-KOLEK DUOXPAND 10X120 FUS 562169;;FIS-;;;1653;21;520
FIS-KOLEK715517T;FIS-KOLEK DUOXPAND 10X120 T 562157;;FIS-;;;1653;21;520
FIS-KOLEK715518T;FIS-KOLEK DUOXPAND 10X140 FUS 562170;;FIS-;;;1653;21;520
FIS-KOLEK715519T;FIS-KOLEK DUOXPAND 10X140 T 562158;;FIS-;;;1653;21;520
FIS-KOLEK715520T;FIS-KOLEK DUOXPAND 10X160 FUS 562171;;FIS-;;;1653;21;520
FIS-KOLEK715521T;FIS-KOLEK DUOXPAND 10X160 T 562159;;FIS-;;;1653;21;520
FIS-KOLEK715522T;FIS-KOLEK DUOXPAND 10X80 FUS 562167;;FIS-;;;1653;21;520
FIS-KOLEK715523T;FIS-KOLEK DUOXPAND 10X80 T 562155;;FIS-;;;1653;21;520
FIS-KOLEK715524T;FIS-KOLEK DUOXPAND 8X100 FUS 562153;;FIS-;;;1653;21;520
FIS-KOLEK715525T;FIS-KOLEK DUOXPAND 8X100 T 562150;;FIS-;;;1653;21;520
FIS-KOLEK715526T;FIS-KOLEK DUOXPAND 8X120 FUS 562154;;FIS-;;;1653;21;520
FIS-KOLEK715527T;FIS-KOLEK DUOXPAND 8X120 T 562151;;FIS-;;;1653;21;520
FIS-KOLEK715528T;FIS-KOLEK DUOXPAND 8X80 FUS 562152;;FIS-;;;1653;21;520
FIS-KOLEK715529T;FIS-KOLEK DUOXPAND 8X80 T 562149;;FIS-;;;1653;21;520
FIS-KOLEK732055S;FIS-KOLEK DUOPOWER 8X65 S DIY 538256+;;FIS-;;;1653;21;520
FIS-KOLEK732547S;FIS-KOLEK DUOPOWER 8X65 DIY 538251;;FIS-;;;1653;21;520
FIS-KOLEK732548S;FIS-KOLEK DUOPOWER 5X25 DIY 535452+;;FIS-;;;1653;21;520
FIS-KOLEK732549T;FIS-KOLEK DUOPOWER 10X80 DIY 538252;;FIS-;;;1653;21;520
FIS-KOLEK732550T;FIS-KOLEK DUOPOWER 5X25 DIY 535452;;FIS-;;;1653;21;520
FIS-KOLEK733056T;FIS-KOLEK DUOPOWER 8X65 DIY 538251+;;FIS-;;;1653;21;520
FIS-KOLEK733186S;FIS-KOLEK DUOPOWER 12X60 DIY 538253+;;FIS-;;;1653;21;520
FIS-KOLEK733187S;FIS-KOLEK DUOPOWER 6X50 S DIY 538255+;;FIS-;;;1653;21;520
FIS-KOLEK733493S;FIS-KOLEK DUOPOWER 10X80S DIY+H6K538257+;;FIS-;;;1653;21;520
FIS-KOLEK734850S;FIS-KOLEK DUOPOWER 6X30 570409;;FIS-;;;1653;21;520
FIS-KOLEK734851S;FIS-KOLEK DUOPOWER 8X40 570410;;FIS-;;;1653;21;520
FIS-KOLEK735575S;FIS-KOLEK DUOPOWER  6X30  DIY 535453+;;FIS-;;;1653;21;520
FIS-KOLEK735576S;FIS-KOLEK DUOPOWER 6X50 DIY 538250+;;FIS-;;;1653;21;520
FIS-KOLEK735578S;FIS-KOLEK DUOPOWER 10X50 DIY 535456+;;FIS-;;;1653;21;520
FIS-KOLEK735579S;FIS-KOLEK DUOPOWER 10X80 DIY 538252+;;FIS-;;;1653;21;520
FIS-KOLEK735581S;FIS-KOLEK DUOPOWER 14X70 DIY 538254+;;FIS-;;;1653;21;520
FIS-KOLEK735585S;FIS-KOLEK DUOPOWER 8X40 DIY 535455+;;FIS-;;;1653;21;520
FIS-KOLEK762454S;FIS-KOLEK DUOPOWER 5X25 DIY 535452;;FIS-;;;1653;21;520
FIS-KOLEK771066O;FIS-KOLEK DUOPOWER 10X50WH+HAK 535002;;FIS-;;;1653;21;520
FIS-KOLEK794691S;FIS-KOLEK DUOHM 5X55 S PZ 572921;;FIS-;;;1653;21;520
FIS-KOLEK794692S;FIS-KOLEK DUOHM 6X55 S PZ 572922;;FIS-;;;1653;21;520
FIS-KOLEK795509S;FIS-KOLEK DUOHM 4X55 S PZ 572920;;FIS-;;;1653;21;520
FIS-KOLEK795510O;FIS-SX PLUS 6X30 PLUG/HOOK (8SZT) 567835;;FIS-;;;1653;21;520
FIS-KOLEK795511O;FIS-SX PLUS 8X40 PLUG/HOOK (8SZT) 567844;;FIS-;;;1653;21;520
FIS-KOLEK795512O;FIS-SX PLUS 5X25 PLUG/HOOK (8SZT) 567843;;FIS-;;;1653;21;520
FIS-KOLEKD011456S;FIS-KOLEK DO BALUSTR. P9K    FISCHER;;FIS-;;;1653;21;520
FIS-KOLEKD011457S;FIS-KOLEK DO STOPNI STAL. TB   FISCHER;;FIS-;;;1653;21;520
FIS-KOLEKD037895S;FIS-KOLEK DO GAZOBETONU FMD 10X60 61209;;FIS-;;;1653;21;520
FIS-KOLEKD085157S;FIS-KOLEK DO GAZOBETONU FMD 8X60 61226;;FIS-;;;1653;21;520
FIS-KOLEKD094460S;FIS-KOLEK DO GAZOBETONU FMD 6X35;;FIS-;;;1653;21;520
FIS-KOLEKD094461S;FIS-KOLEK DO GAZOBETONU FMD 8X38;;FIS-;;;1653;21;520
FIS-KOLEKD697783S;FIS-KOLEK DO STYR.FID II PLUS 80 570349+;;FIS-;;;1653;21;520
FIS-KOLEKD740022S;FIS-KOLEK DO G-K DUOBLADE S+WKR.545678;;FIS-;;;1653;21;520
FIS-KOLEKD742033S;FIS-KOLEK DO STYR..FID II 50 570347+;;FIS-;;;1653;21;520
FIS-KOLEKD762455S;FIS-KOLEK DO G-K DUOBLADE S+WKR.545678+;;FIS-;;;1653;21;520
FIS-KOLEKG0015467S;FIS-KOŁEK GWOŹDZIOWY N 5X50 Z   FISCHER;;FIS-;;;1653;21;520
FIS-KOLEKG002030S;FIS-KOLEK GWOZDZIOWY N6X40 ZZ;;FIS-;;;1653;21;520
FIS-KOLEKG004868S;FIS-KOLEK GWOZDZIOWY N8X80 Z  50358;;FIS-;;;1653;21;520
FIS-KOLEKG009184S;FIS-KOL GWOZDZIOWY N 6X40 FN 50342;;FIS-;;;1653;21;520
FIS-KOLEKG009192S;FIS-KOLEK GWOZDZIOWY N6X60Z  050355;;FIS-;;;1653;21;520
FIS-KOLEKG009197S;FIS-KOLEK GWOZDZIOWY N8X100Z FIS;;FIS-;;;1653;21;520
FIS-KOLEKG010769S;FIS-KOL GWOZDZIOWY N6X40 Z 050354;;FIS-;;;1653;21;520
FIS-KOLEKG018182S;FIS-KOLEK GWOZDZIOWY N 5X50 Z   FISCHER;;FIS-;;;1653;21;520
FIS-KOLEKG082845S;FIS-KOLEK GKS   G-K;;FIS-;;;1653;21;520
FIS-KOLEKG096841T;FIS-KOLEK GWOZDZIOWY N5X30 FZ  50338;;FIS-;;;1653;21;520
FIS-KOLEKG715494T;FIS-KOLEK DO G-K DUOBLADE 545675;;FIS-;;;1653;21;520
FIS-KOLEKG715495T;FIS-KOLEK DO G-K DUOBLADE S+WKR.545676;;FIS-;;;1653;21;520
FIS-KOLEKG762690S;FIS-KOLEK DO G-K DUOBLADE DIY 545677+;;FIS-;;;1653;21;520
FIS-KOLEKM002721S;FIS-KOLEK UVD 14X75    FISCHER;;FIS-;;;1653;21;520
FIS-KOLEKM010901S;FIS-KOLEK MOSI. PA4 M6X13.5 059484 !!WYP;;FIS-;;;1653;21;520
FIS-KOLEKM079554S;FIS-KOL MOSIEZNY PA4 M6X7.5 50484-;;FIS-;;;1653;21;520
FIS-KOLEKM079555S;FIS-KOLEK MOSI. PA4 M6X10.5 058484 !!WYP;;FIS-;;;1653;21;520
FIS-KOLEKM079557S;FIS-KOLEK MOSIEZNY PA4 M8X25;;FIS-;;;1653;21;520
FIS-KOLEKM088895S;FIS-KOL MET.DO GIPSOKAR.HM4X59S;;FIS-;;;1653;21;520
FIS-KOLEKM093551S;FIS-KOLEKMET.DOGIPSOK.HM5X65HFISCHE;;FIS-;;;1653;21;520
FIS-KOLEKM093552S;FIS-KOL MET.DO GIPSOKAR.HM4X32H;;FIS-;;;1653;21;520
FIS-KOLEKM099699S;FIS-KOLEK MOSIEZNY PA4 M10X25;;FIS-;;;1653;21;520
FIS-KOLEKM637769S;FIS-KOL MOSIEZNY PA4 M6X7.5 50484;;FIS-;;;1653;21;520
FIS-KOLEKM715530T;FIS-KOLEK METRYCZNY S M 6 50152;;FIS-;;;1653;21;520
FIS-KOLEKM715531T;FIS-KOLEK METRYCZNY S M 8 50153;;FIS-;;;1653;21;520
FIS-KOLEKM715532T;FIS-KOLEK METRYCZNY S M 10 50154;;FIS-;;;1653;21;520
FIS-KOLEKM715533T;FIS-KOLEK METRYCZNY S M 12 50155;;FIS-;;;1653;21;520
FIS-KOLEKP074864S;FIS-KOLEK PD 10 G-K  15935;;FIS-;;;1653;21;520
FIS-KOLEKP082859S;FIS-KOLEK PD  8 G-K  24771;;FIS-;;;1653;21;520
FIS-KOLEKP082885S;FIS-KOLEK PD 12;;FIS-;;;1653;21;520
FIS-KOLEKR000787S;FIS-KOLEK ROZP.RAM FUR10X100 T A4 88785;;FIS-;;;1653;21;520
FIS-KOLEKR000788S;FIS-KOLEK RAM.SXR 10X260 T 46271;;FIS-;;;1653;21;520
FIS-KOLEKR002494S;FIS-KOLEK ROZP.RAMOWY FUR14X240 T;;FIS-;;;1653;21;520
FIS-KOLEKR004748S;FIS-KOLEK ROZP.GWOZDZ.N 10X160 Z FISCHER;;FIS-;;;1653;21;520
FIS-KOLEKR004865O;FIS-BL-MOCOWANIE DO IZOLACJI F 50 K 4x;;FIS-;;;1653;21;520
FIS-KOLEKR006622S;FIS-KOLEK ROZP. S14H100R FISCHER;;FIS-;;;1653;21;520
FIS-KOLEKR008280S;FIS-KOLEK RAM.SXR  8X 60;;FIS-;;;1653;21;520
FIS-KOLEKR009193P;FIS-KOLEK ROZP.DO MOC.UMYWALKI WD 10X120;;FIS-;;;1653;21;520
FIS-KOLEKR009198S;FIS-KOLEK ROZP.GWOZDZ. N 8X120 Z FISCHER;;FIS-;;;1653;21;520
FIS-KOLEKR009200S;FIS-KOL ROZP.GWOZDZ. N 6X80Z 50353-;;FIS-;;;1653;21;520
FIS-KOLEKR009207S;FIS-KOLEK ROZP.METR.KOSZUL.M6S-;;FIS-;;;1653;21;520
FIS-KOLEKR009335S;FIS-KOLEK ROZP.GWOZDZ. N10X230 Z  FISCHE;;FIS-;;;1653;21;520
FIS-KOLEKR009534S;FIS-KOLEK RAM.SXRL 10X 80 T A4 522709;;FIS-;;;1653;21;520
FIS-KOLEKR009655S;FIS-KOLEK RAM.SXR  6X 35 Z;;FIS-;;;1653;21;520
FIS-KOLEKR009656S;FIS-KOLEK RAM.SXR  6X 50 Z 503232;;FIS-;;;1653;21;520
FIS-KOLEKR009657S;FIS-KOLEK RAM.SXR  6X 60 Z;;FIS-;;;1653;21;520
FIS-KOLEKR010283S;FIS-KOLEK RAM.SXR  6X 50 503229;;FIS-;;;1653;21;520
FIS-KOLEKR010777S;FIS-KOLEK ROZP.GWOZDZ. N 5X30  Z FISCHER;;FIS-;;;1653;21;520
FIS-KOLEKR010795S;FIS-KOLEK ROZPOR.SCHODOWY TB   60580;;FIS-;;;1653;21;520
FIS-KOLEKR010870T;FIS-KOLEK ROZPOROWY S4    FISCHER;;FIS-;;;1653;21;520
FIS-KOLEKR010871T;FIS-KOLEK ROZPOROWY S- 6X30   50106;;FIS-;;;1653;21;520
FIS-KOLEKR010872T;FIS-KOLEK ROZPOROWY S- 8X40  050108;;FIS-;;;1653;21;520
FIS-KOLEKR010873T;FIS-KOLEK ROZPOROWY S-10X50 050110;;FIS-;;;1653;21;520
FIS-KOLEKR011100S;FIS-KOLEK ROZP.RAM.S6  R50;;FIS-;;;1653;21;520
FIS-KOLEKR011463S;FIS-KOLEK ROZP.DO RUSZT.S14ROE185 52164;;FIS-;;;1653;21;520
FIS-KOLEKR015537S;FIS-KOLEK ROZP.RAMOWY FUR10X100 FUS;;FIS-;;;1653;21;520
FIS-KOLEKR018527S;FIS-KOLEK RAM.SXR  8X 80;;FIS-;;;1653;21;520
FIS-KOLEKR019547S;FIS-KOLEK RAMOWY 10X.72 F10M.72G-;;FIS-;;;1653;21;520
FIS-KOLEKR020570S;FIS-KOLEK ROZP.RAMOWY FUR14X180 T;;FIS-;;;1653;21;520
FIS-KOLEKR021047S;FIS-KOLEK RAM.SXR 10X260 FUS;;FIS-;;;1653;21;520
FIS-KOLEKR021048S;FIS-KOLEK RAM.SXR 10X230 FUS;;FIS-;;;1653;21;520
FIS-KOLEKR021149S;FIS-KOLEK ROZP.RAM FUR14X360 FUS  090764;;FIS-;;;1653;21;520
FIS-KOLEKR021312S;FIS-KOL ROZP.RAMOWY FUR10X.80 SSA4-;;FIS-;;;1653;21;520
FIS-KOLEKR021787S;FIS-KOL ROZP.RAM. FUR10X.80 T A4-;;FIS-;;;1653;21;520
FIS-KOLEKR022056S;FIS-KOLEK RAM.SXR 10X 80 FUS 046330;;FIS-;;;1653;21;520
FIS-KOLEKR022057S;FIS-KOLEK ROZPOROWY SX- 6X50 R 078185;;FIS-;;;1653;21;520
FIS-KOLEKR022438S;FIS-KOLEK ROZPOR. S10 H 115R   FISCHER;;FIS-;;;1653;21;520
FIS-KOLEKR022448S;FIS-KOLEK ROZPOR. S 8 H 100R   FISCHER;;FIS-;;;1653;21;520
FIS-KOLEKR022449S;FIS-KOLEK ROZPOR. S 8 H 120R   FISCHER;;FIS-;;;1653;21;520
FIS-KOLEKR022450S;FIS-KOLEK ROZPOR. S10 H 100R   FISCHER;;FIS-;;;1653;21;520
FIS-KOLEKR022451S;FIS-KOLEK ROZPOR. S10 H 135R   FISCHER;;FIS-;;;1653;21;520
FIS-KOLEKR022452S;FIS-KOLEK ROZPOR. S10 H 160R   FISCHER;;FIS-;;;1653;21;520
FIS-KOLEKR022453S;FIS-KOLEK ROZPOR. S10 H 230R   FISCHER;;FIS-;;;1653;21;520
FIS-KOLEKR022454S;FIS-KOLEK ROZPOR. S14 H 160R   FISCHER;;FIS-;;;1653;21;520
FIS-KOLEKR022455S;FIS-KOLEK ROZPOR. S14 H 230R   FISCHER;;FIS-;;;1653;21;520
FIS-KOLEKR022456S;FIS-KOLEK ROZPOR. S16 H 135R   FISCHER;;FIS-;;;1653;21;520
FIS-KOLEKR022502S;FIS-KOLEK RAM.SXR 10X180 T;;FIS-;;;1653;21;520
FIS-KOLEKR022503S;FIS-KOLEK RAM.SXR 10X200 T;;FIS-;;;1653;21;520
FIS-KOLEKR022755S;FIS-KOLEK ROZP.RAMOWY FUR14X300 T;;FIS-;;;1653;21;520
FIS-KOLEKR023104S;FIS-KOLEK RAM.SXR 10X 60 FUS;;FIS-;;;1653;21;520
FIS-KOLEKR023106S;FIS-KOL ROZP.RAMOWY FUR14X80 FUS;;FIS-;;;1653;21;520
FIS-KOLEKR023109S;FIS-KOLEK ROZP.RAMOWY FUR14X100 T;;FIS-;;;1653;21;520
FIS-KOLEKR024793S;FIS-KOLEK ROZP.RAMOWY FUR14X300 US;;FIS-;;;1653;21;520
FIS-KOLEKR024911S;FIS-KOL ROZP.RAM.FUR8X100 SS A 4-;;FIS-;;;1653;21;520
FIS-KOLEKR025263S;FIS-KOL ROZP.RAMOWY FUR10X100 SSA4;;FIS-;;;1653;21;520
FIS-KOLEKR031958S;FIS-KOLEK RAM.SXRL 10X 80 A4 FUS 522730;;FIS-;;;1653;21;520
FIS-KOLEKR032688S;FIS-KOLEK RAM.SXR  6X 60;;FIS-;;;1653;21;520
FIS-KOLEKR034066S;FIS-KOLEK RAM.SXR  8X120T 503002;;FIS-;;;1653;21;520
FIS-KOLEKR041796S;FIS-KOLEK ROZP. DO GAZOBETONU GB10 50492;;FIS-;;;1653;21;520
FIS-KOLEKR041848S;FIS-KOLEK DUOTEC 10 S 537259;;FIS-;;;1653;21;520
FIS-KOLEKR043219S;FIS-KOLEK RAM.SXRL 10X 80 T 533228;;FIS-;;;1653;21;520
FIS-KOLEKR043220S;FIS-KOLEK RAM.SXRL 10X100 T 533229;;FIS-;;;1653;21;520
FIS-KOLEKR043225S;FIS-KOLEK RAM.SXRL  8X 80 T 540114;;FIS-;;;1653;21;520
FIS-KOLEKR049276S;FIS-KOLEK RAM.SXR 10X 80 FUS A4 46340;;FIS-;;;1653;21;520
FIS-KOLEKR049961S;FIS-KOLEK ROZP.DO RUSZT.S14ROE 70  52160;;FIS-;;;1653;21;520
FIS-KOLEKR051248S;FIS-KOLEK RAM.SXRL 10X290 FUS 522729;;FIS-;;;1653;21;520
FIS-KOLEKR051251S;FIS-KOLEK RAM.SXRL 10X120 T 522700;;FIS-;;;1653;21;520
FIS-KOLEKR051252S;FIS-KOLEK RAM.SXRL 10X140 T 522701;;FIS-;;;1653;21;520
FIS-KOLEKR051253S;FIS-KOLEK RAM.SXRL 10X160 T 522703;;FIS-;;;1653;21;520
FIS-KOLEKR051254S;FIS-KOLEK RAM.SXRL 10X180 T 522704;;FIS-;;;1653;21;520
FIS-KOLEKR051255S;FIS-KOLEK RAM.SXRL 10X200 T 522705;;FIS-;;;1653;21;520
FIS-KOLEKR051257S;FIS-KOLEK RAM.SXRL 10X230 T 522706;;FIS-;;;1653;21;520
FIS-KOLEKR051258S;FIS-KOLEK RAM.SXRL 10X260 T 522707;;FIS-;;;1653;21;520
FIS-KOLEKR051259S;FIS-KOLEK RAM.SXRL 10X290 T 522708;;FIS-;;;1653;21;520
FIS-KOLEKR051972S;FIS-KOLEK ROZP.DO RUSZT.S14ROE100 52161;;FIS-;;;1653;21;520
FIS-KOLEKR051973S;FIS-KOLEK ROZP.DO RUSZT.S14ROE135 52162;;FIS-;;;1653;21;520
FIS-KOLEKR054387T;FIS-KOLEK ROZPOROWY S12    FISCHER;;FIS-;;;1653;21;520
FIS-KOLEKR054607S;FIS-KOLEK ROZPOROWY S-16X80 050116;;FIS-;;;1653;21;520
FIS-KOLEKR056719S;FIS-KOLEK ROZP.RAM FUR10X.80 T 088756;;FIS-;;;1653;21;520
FIS-KOLEKR057980S;FIS-KOL ROZP. S12 R 100 FISCHER;;FIS-;;;1653;21;520
FIS-KOLEKR058585S;FIS-KOLEK ROZPOROWY S20 50120;;FIS-;;;1653;21;520
FIS-KOLEKR060035S;FIS-KOLEK ROZP.RAMOWY FUR10X160 SS;;FIS-;;;1653;21;520
FIS-KOLEKR060036S;FIS-KOLEK ROZP.RAMOWY FUR10X200 SS;;FIS-;;;1653;21;520
FIS-KOLEKR071777S;FIS-KOLEK RAM.SXRL 14X200 FUS 530952;;FIS-;;;1653;21;520
FIS-KOLEKR071778S;FIS-KOLEK RAM.SXRL 14X230 FUS 530953;;FIS-;;;1653;21;520
FIS-KOLEKR079478S;FIS-KOLEK RAM.SXRL 14X 80 FUS 530946;;FIS-;;;1653;21;520
FIS-KOLEKR079480S;FIS-KOLEK RAM.SXRL 14X100 FUS 530947;;FIS-;;;1653;21;520
FIS-KOLEKR079542S;FIS-KOLEK ROZPOROWY SX- 6 S10   FISCHER;;FIS-;;;1653;21;520
FIS-KOLEKR079544S;FIS-KOLEK ROZPOROWY SX- 8 S20   FISCHER;;FIS-;;;1653;21;520
FIS-KOLEKR079550S;FIS-KOLEK ROZPOROWY SX-16     070016;;FIS-;;;1653;21;520
FIS-KOLEKR079556S;FIS-KOLEK ROZP.DO GAZOBETONU GB14 50493;;FIS-;;;1653;21;520
FIS-KOLEKR079577S;FIS-KOLEK ROZP.RAM. FUR10X135 SS 088778;;FIS-;;;1653;21;520
FIS-KOLEKR079697S;FIS-KOLEK RAM.SXRL 14X360 FUS  530931;;FIS-;;;1653;21;520
FIS-KOLEKR079698S;FIS-KOLEK ROZP.GWOZDZ. N 6X60  Z FISCHER;;FIS-;;;1653;21;520
FIS-KOLEKR079699S;FIS-KOL ROZP.GWOZDZ. N 8X60Z FISCHER;;FIS-;;;1653;21;520
FIS-KOLEKR079969S;FIS-KOLEK ROZP.RAM FUR10X115 T 088760;;FIS-;;;1653;21;520
FIS-KOLEKR079976S;FIS-KOLEK ROZP.RAMOWY FUR 8X120 SS 70132;;FIS-;;;1653;21;520
FIS-KOLEKR079978S;FIS-KOLEK ROZP.RAM. FUR10X115 SS 088783;;FIS-;;;1653;21;520
FIS-KOLEKR079984S;FIS-KOLEK ROZPOROWY SX- 6X50    FISCHER;;FIS-;;;1653;21;520
FIS-KOLEKR083691S;FIS-KOLEK ROZP.RAM FUR10X230 SS;;FIS-;;;1653;21;520
FIS-KOLEKR083982S;FIS-KOLEK ROZP.RAMOWY FUR10X185 SS;;FIS-;;;1653;21;520
FIS-KOLEKR084042S;FIS-KOLEK ROZP.RAM.FUR 10X200 T 88764;;FIS-;;;1653;21;520
FIS-KOLEKR084198S;FIS-KOLEK ROZP.RAM FUR14X140 FUS 048726;;FIS-;;;1653;21;520
FIS-KOLEKR084426S;FIS-KOLEK ROZP.RAMOWY FUR10X185 T;;FIS-;;;1653;21;520
FIS-KOLEKR084806S;FIS-KOLEK ROZP.RAMOWY FUR14X100 FUS;;FIS-;;;1653;21;520
FIS-KOLEKR086364S;FIS-KOLEK ROZP.RAMOWY FUR14X140 T;;FIS-;;;1653;21;520
FIS-KOLEKR086382S;FIS-KOL.RO.RAM. FUR14X180 FUS 48728!!WYP;;FIS-;;;1653;21;520
FIS-KOLEKR086894S;FIS-KOLEK ROZPOROWY UX- 8 WH    FISCHER;;FIS-;;;1653;21;520
FIS-KOLEKR087046S;FIS-KOLEK RAM.SXRL 14X260 FUS  530954;;FIS-;;;1653;21;520
FIS-KOLEKR087397S;FIS-KOLEK RAM.SXRL 14X180 FUS  530951;;FIS-;;;1653;21;520
FIS-KOLEKR087436S;FIS-KOLEK ROZP.RAMOWY FUR10X200 SS.88781;;FIS-;;;1653;21;520
FIS-KOLEKR091152T;FIS-KOLEK ROZPOROWY S5    FISCHER;;FIS-;;;1653;21;520
FIS-KOLEKR093549S;FIS-KOLEK ROZP.RAM FUR10X230 T 088762;;FIS-;;;1653;21;520
FIS-KOLEKR094101S;FIS-KOL ROZPOR. S10 H80R FISCHER;;FIS-;;;1653;21;520
FIS-KOLEKR094462S;FIS-KOLEK ROZPOROWY S14    FISCHER;;FIS-;;;1653;21;520
FIS-KOLEKR094897S;FIS-KOLEK ROZPOROWY SX-16X100    FISCHER;;FIS-;;;1653;21;520
FIS-KOLEKR094898S;FIS-KOLEK ROZPOROWY SX-16X135    FISCHER;;FIS-;;;1653;21;520
FIS-KOLEKR094899S;FIS-KOLEK ROZPOROWY SX-16X160    FISCHER;;FIS-;;;1653;21;520
FIS-KOLEKR095196S;FIS-KOLEK ROZP. S16 H 160R FISCHER;;FIS-;;;1653;21;520
FIS-KOLEKR095236S;FIS-KOLEK ROZP.RAMOWY SXS 8X.60;;FIS-;;;1653;21;520
FIS-KOLEKR095355S;FIS-KOLEK ROZP.RAM FUR14X165 FUS 048727;;FIS-;;;1653;21;520
FIS-KOLEKR095356S;FIS-KOLEK ROZP.RAMOWY FUR14X210 FUS;;FIS-;;;1653;21;520
FIS-KOLEKR095359S;FIS-KOLEK ROZP.RAMOWY FUR14X240 FUS;;FIS-;;;1653;21;520
FIS-KOLEKR095362S;FIS-KOLEK ROZP.RAMOWY FUR14X270 FUS;;FIS-;;;1653;21;520
FIS-KOLEKR096423S;FIS-KOLEK ROZPOR. S16 H 100R   FISCHER;;FIS-;;;1653;21;520
FIS-KOLEKR097362S;FIS-KOLEK ROZP.RAMOWY FUR14X270 T;;FIS-;;;1653;21;520
FIS-KOLEKR098729S;FIS-KOLEK ROZPOROWY UX- 8X50 RH 94412;;FIS-;;;1653;21;520
FIS-KOLEKR098730S;FIS-KOL ROZPOROWY UX-8X50 WH 94413-;;FIS-;;;1653;21;520
FIS-KOLEKR098837S;FIS-KOLEK RAM.SXR 10X200 FUS;;FIS-;;;1653;21;520
FIS-KOLEKR098838S;FIS-KOLEK RAM.SXR 10X140 FUS 46333 !!WYP;;FIS-;;;1653;21;520
FIS-KOLEKR099248S;FIS-KOLEK ROZPOROWY UX- 635 RH;;FIS-;;;1653;21;520
FIS-KOLEKR099259S;FIS-KOLEK RAM.SXR 10X120 FUS;;FIS-;;;1653;21;520
FIS-KOLEKR099260S;FIS-KOLEK RAM.SXR 10X100 FUS 046331;;FIS-;;;1653;21;520
FIS-KOLEKR099261S;FIS-KOLEK RAM.SXR 10X160 FUS;;FIS-;;;1653;21;520
FIS-KOLEKR099262S;FIS-KOLEK RAM.SXR 10X180 FUS;;FIS-;;;1653;21;520
FIS-KOLEKR099263S;FIS-KOLEK RAM.SXR 10X 80 T;;FIS-;;;1653;21;520
FIS-KOLEKR099264S;FIS-KOLEK RAM.SXR 10X100 T 46264;;FIS-;;;1653;21;520
FIS-KOLEKR099265S;FIS-KOLEK RAM.SXR 10X120 T;;FIS-;;;1653;21;520
FIS-KOLEKR099266S;FIS-KOLEK RAM.SXR 10X140 T;;FIS-;;;1653;21;520
FIS-KOLEKR099267S;FIS-KOLEK RAM.SXR 10X160 T;;FIS-;;;1653;21;520
FIS-KOLEKR099572S;FIS-KOLEK ROZPOROWY UX- 5 R    FISCHER;;FIS-;;;1653;21;520
FIS-KOLEKR639523S;FIS-KOLEK RAM.SXRL 8X 80 T A4 540121;;FIS-;;;1653;21;520
FIS-KOLEKR645850T;FIS-KOLEK ROZP. SX 6X30 140109;;FIS-;;;1653;21;520
FIS-KOLEKR703770S;FIS-KOLEK ROZP. SX PLUS 8X40 S 568208+;;FIS-;;;1653;21;520
FIS-KOLEKR706171S;FIS-KOLEK ROZP. SX PLUS 10X50 568010+;;FIS-;;;1653;21;520
FIS-KOLEKR706172S;FIS-KOLEK ROZP. SX PLUS 10X80 568110+;;FIS-;;;1653;21;520
FIS-KOLEKR706173S;FIS-KOLEK ROZP. SX PLUS 12X60 568012+;;FIS-;;;1653;21;520
FIS-KOLEKR706174S;FIS-KOLEK ROZP. SX PLUS 14X70 568014+;;FIS-;;;1653;21;520
FIS-KOLEKR706175S;FIS-KOLEK ROZP. SX PLUS 4X20 568004+;;FIS-;;;1653;21;520
FIS-KOLEKR706176S;FIS-KOLEK ROZP. SX PLUS 6X30 568006+;;FIS-;;;1653;21;520
FIS-KOLEKR706177S;FIS-KOLEK ROZP. SX PLUS 6X50 568106+;;FIS-;;;1653;21;520
FIS-KOLEKR706178S;FIS-KOLEK ROZP. SX PLUS 8X40 568008+;;FIS-;;;1653;21;520
FIS-KOLEKR706179S;FIS-KOLEK ROZP. SX PLUS 8X65 568108+;;FIS-;;;1653;21;520
FIS-KOLEKR706180S;FIS-KOLEK ROZP. SX PLUS 6X30 S 568206+;;FIS-;;;1653;21;520
FIS-KOLEKR710092S;FIS-KOLEK RAM.SXRL 8X100 T 540115;;FIS-;;;1653;21;520
FIS-KOLEKR715534T;FIS-KOLEK RAM.SXRL 8X 80 T 540114;;FIS-;;;1653;21;520
FIS-KOLEKR715535T;FIS-KOLEK RAM.SXRL 8X120 T 540116;;FIS-;;;1653;21;520
FIS-KOLEKR715536T;FIS-KOLEK RAM.SXRL 10X 80 FUS 522719;;FIS-;;;1653;21;520
FIS-KOLEKR715537T;FIS-KOLEK RAM.SXRL 10X 80 T 522698;;FIS-;;;1653;21;520
FIS-KOLEKR715538T;FIS-KOLEK RAM.SXRL 10X100 FUS 522720;;FIS-;;;1653;21;520
FIS-KOLEKR715539T;FIS-KOLEK RAM.SXRL 10X100 T 522699;;FIS-;;;1653;21;520
FIS-KOLEKR715540T;FIS-KOLEK RAM.SXRL 10X140 FUS 522723;;FIS-;;;1653;21;520
FIS-KOLEKR715541T;FIS-KOLEK RAM.SXRL 10X160 FUS 522724;;FIS-;;;1653;21;520
FIS-KOLEKR715542T;FIS-KOLEK RAM.SXRL 10X160 T 522703;;FIS-;;;1653;21;520
FIS-KOLEKR715543T;FIS-KOLEK RAM.SXRL 10X180 FUS 522725;;FIS-;;;1653;21;520
FIS-KOLEKR715544T;FIS-KOLEK RAM.SXRL 10X200 FUS 522726;;FIS-;;;1653;21;520
FIS-KOLEKR715545T;FIS-KOLEK RAM.SXRL 10X230 FUS 522727;;FIS-;;;1653;21;520
FIS-KOLEKR715546T;FIS-KOLEK RAM.SXRL 10X260 FUS 522728;;FIS-;;;1653;21;520
FIS-KOLEKR715547T;FIS-KOLEK RAM.SXRL 14X140 FUS 0530949;;FIS-;;;1653;21;520
FIS-KOLEKR715548T;FIS-KOLEK RAM.SXRL  8X 60 FUS 540127;;FIS-;;;1653;21;520
FIS-KOLEKR715549T;FIS-KOLEK RAM.SXRL  8X 80 FUS 540129;;FIS-;;;1653;21;520
FIS-KOLEKR715550T;FIS-KOLEK RAM.SXRL  8X100 FUS 540130;;FIS-;;;1653;21;520
FIS-KOLEKR715551T;FIS-KOLEK RAM.SXRL  8X140 FUS 540133;;FIS-;;;1653;21;520
FIS-KOLEKR715552T;FIS-KOLEK RAM.SXRL  8X160 FUS 540134;;FIS-;;;1653;21;520
FIS-KOLEKR715553T;FIS-KOLEK ROZP. DO GAZOBET. GB8 050491;;FIS-;;;1653;21;520
FIS-KOLEKR715554T;FIS-KOLEK ROZP. SX 6X30 070006;;FIS-;;;1653;21;520
FIS-KOLEKR715555T;FIS-KOLEK ROZP. SX 6X30 S/10 70021;;FIS-;;;1653;21;520
FIS-KOLEKR715556T;FIS-KOLEK ROZP. SX- 6X50 024827;;FIS-;;;1653;21;520
FIS-KOLEKR715557T;FIS-KOLEK ROZP. SX 8X40 070008;;FIS-;;;1653;21;520
FIS-KOLEKR715558T;FIS-KOLEK ROZP. SX 8X40 S/20 70022;;FIS-;;;1653;21;520
FIS-KOLEKR715559T;FIS-KOLEK ROZP. SX- 8X65 024828;;FIS-;;;1653;21;520
FIS-KOLEKR715560T;FIS-KOLEK ROZP. SX-10X50 070010;;FIS-;;;1653;21;520
FIS-KOLEKR715561T;FIS-KOLEK ROZP. SX-10X80 024829;;FIS-;;;1653;21;520
FIS-KOLEKR715562T;FIS-KOLEK ROZP. SX-12X60 070012;;FIS-;;;1653;21;520
FIS-KOLEKR715563T;FIS-KOLEK ROZP. SX-14X70 070014;;FIS-;;;1653;21;520
FIS-KOLEKR715564T;FIS-KOLEK ROZP. UX 8X50 R 77870;;FIS-;;;1653;21;520
FIS-KOLEKR715565T;FIS-KOLEK ROZP. UX- 6X35 62754;;FIS-;;;1653;21;520
FIS-KOLEKR715566T;FIS-KOLEK ROZP. UX- 6X35 R 062756;;FIS-;;;1653;21;520
FIS-KOLEKR715567T;FIS-KOLEK ROZP. UX- 6X35 R S20 094758;;FIS-;;;1653;21;520
FIS-KOLEKR715568T;FIS-KOLEK ROZP. UX- 6X50 072094;;FIS-;;;1653;21;520
FIS-KOLEKR715569T;FIS-KOLEK ROZP. UX- 6X50 R S20 094759;;FIS-;;;1653;21;520
FIS-KOLEKR715570T;FIS-KOLEK ROZP. UX- 8X50 077869;;FIS-;;;1653;21;520
FIS-KOLEKR715571T;FIS-KOLEK ROZP. UX-10 077871;;FIS-;;;1653;21;520
FIS-KOLEKR715572T;FIS-KOLEK ROZP. UX-10X60 R 77872;;FIS-;;;1653;21;520
FIS-KOLEKR715573T;FIS-KOLEK ROZP. UX-10X60 R S20 094761;;FIS-;;;1653;21;520
FIS-KOLEKR715574T;FIS-KOLEK ROZP. UX-12X70 062758;;FIS-;;;1653;21;520
FIS-KOLEKR715575T;FIS-KOLEK ROZPOR. UX 6X50 R 72095;;FIS-;;;1653;21;520
FIS-KOLEKR715576T;FIS-KOLEK ROZPOROWY SX-16 070016;;FIS-;;;1653;21;520
FIS-KOLEKR715577T;FIS-KOLEK ROZPOROWY UX-14 062757;;FIS-;;;1653;21;520
FIS-KOLEKR734848S;FIS-KOLEK DUOPOWER 6X30 S+WK. 570535;;FIS-;;;1653;21;520
FIS-KOLEKR734849S;FIS-KOLEK DUOPOWER 8X40 S+WK. 570536;;FIS-;;;1653;21;520
FIS-KOLEKR735577S;FIS-KOLEK DUOPOWER 10X50 +WK.535461+;;FIS-;;;1653;21;520
FIS-KOLEKR735580S;FIS-KOLEK DUOPOWER 12X60 S DIY 538258+;;FIS-;;;1653;21;520
FIS-KOLEKR735582S;FIS-KOLEK DUOPOWER 5X25 +WK. 535458+;;FIS-;;;1653;21;520
FIS-KOLEKR735583S;FIS-KOLEK DUOPOWER 6X30 +WK. 535459+;;FIS-;;;1653;21;520
FIS-KOLEKR735584S;FIS-KOLEK DUOPOWER 8X40 +WK. 535460+;;FIS-;;;1653;21;520
FIS-KOLEKR737833S;FIS-KOLEK DUOPOWER 6X30 S+WK. 570535;;FIS-;;;1653;21;520
FIS-KOLEKR737874S;FIS-KOLEK ROZP. SX PLUS 5X25 140466;;FIS-;;;1653;21;520
FIS-KOLEKR742032S;FIS-KOLEK ROZP. SX PLUS 5X25 568005;;FIS-;;;1653;21;520
FIS-KOLEKR760148S;FIS-KOL ROZP. S5 FISCHER 50105;;FIS-;;;1653;21;520
FIS-KOLEKS002819S;FIS-KOLEK WBIJANY N-Z A2 6X40;;FIS-;;;1653;21;520
FIS-KOLEKS002820S;FIS-KOLEK WBIJANY N-Z A2 8X60;;FIS-;;;1653;21;520
FIS-KOLEKS017067S;FIS-KOLEK WBIJANY N-Z A2 8X80-;;FIS-;;;1653;21;520
FIS-KOLEKS021098S;FIS-KOLEK SXS10X230 T;;FIS-;;;1653;21;520
FIS-KOLEKS021694S;FIS-KOLEK SXS10X80  T A4;;FIS-;;;1653;21;520
FIS-KOLEKS022739S;FIS-KOLEK SXS 6X35;;FIS-;;;1653;21;520
FIS-KOLEKS033536S;FIS-KOLEK SXR 8X60     502999;;FIS-;;;1653;21;520
FIS-KOLEKS039477S;FIS-BL KOLEK FID 50 -16810;;FIS-;;;1653;21;520
FIS-KOLEKS058736S;FIS-KOLEK WBIJANY N-Z 6X40 GP    050354;;FIS-;;;1653;21;520
FIS-KOLEKS058737S;FIS-KOLEK WBIJANY N-Z 6X80 GP    050353;;FIS-;;;1653;21;520
FIS-KOLEKS073019S;FIS-KOLEK SXS 8X60;;FIS-;;;1653;21;520
FIS-KOLEKS073020S;FIS-KOLEK SXS 8X80;;FIS-;;;1653;21;520
FIS-KOLEKS083817S;FIS-KOLEK SXS10X100 T;;FIS-;;;1653;21;520
FIS-KOLEKS084000S;FIS-KOLEK SXS 8X170;;FIS-;;;1653;21;520
FIS-KOLEKS084428S;FIS-KOLEK SXS 8X190;;FIS-;;;1653;21;520
FIS-KOLEKS085974S;FIS-KOLEK SXS10X120 FUS;;FIS-;;;1653;21;520
FIS-KOLEKS086856S;FIS-KOLEK SXS 6X50;;FIS-;;;1653;21;520
FIS-KOLEKS087967S;FIS-KOLEK SXS10X100 FUS;;FIS-;;;1653;21;520
FIS-KOLEKS088697S;FIS-KOLEK SXS10X260 T;;FIS-;;;1653;21;520
FIS-KOLEKS089084S;FIS-KOLEK SXS10X180 FUS;;FIS-;;;1653;21;520
FIS-KOLEKS089151S;FIS-KOLEK SXS10X80  FUS;;FIS-;;;1653;21;520
FIS-KOLEKS095348S;FIS-KOLEK SXS 6X60;;FIS-;;;1653;21;520
FIS-KOLEKS095349S;FIS-KOLEK SXS 6X75;;FIS-;;;1653;21;520
FIS-KOLEKS095350S;FIS-KOLEK SXS 8X100;;FIS-;;;1653;21;520
FIS-KOLEKS095351S;FIS-KOLEK SXS10X100;;FIS-;;;1653;21;520
FIS-KOLEKS095352S;FIS-KOLEK SXS10X140;;FIS-;;;1653;21;520
FIS-KOLEKS095353S;FIS-KOLEK SXS10X120;;FIS-;;;1653;21;520
FIS-KOLEKS095354S;FIS-KOLEK SXS10X160;;FIS-;;;1653;21;520
FIS-KOLEKS095393S;FIS-KOLEK SXS10X160 FUS;;FIS-;;;1653;21;520
FIS-KOLEKS095394S;FIS-KOLEK SXS10X140 FUS;;FIS-;;;1653;21;520
FIS-KOLEKS645353S;FIS-KOLEK WBIJANY N-Z 5X30 GP 050395;;FIS-;;;1653;21;520
FIS-KOLEKU009212S;FIS-KOL UNIWERS.SUFIT FU6H FISCHER-;;FIS-;;;1653;21;520
FIS-KOLEKU009213S;FIS-KOL UNIWERS.SUFIT FU6R FISCHER-;;FIS-;;;1653;21;520
FIS-KOLEKU009658S;FIS-KOLEK UNIWERSALNY FU 6X35 S/10 FISCH;;FIS-;;;1653;21;520
FIS-KOLEKU010807S;FIS-KOLEK UNIWERS.SUFIT. FU 8RK  FISCHER;;FIS-;;;1653;21;520
FIS-KOLEKU010814S;FIS-KOLEK USTAWIAJACY S10 J 75S;;FIS-;;;1653;21;520
FIS-KOLEKU012013S;FIS-KOLEK UNIWERSALNY FU 6X35 S/10 FISCH;;FIS-;;;1653;21;520
FIS-KOLEKU024909S;FIS-KOLEK UNIWERSALNY FU 8X50 S/25  FISC;;FIS-;;;1653;21;520
FIS-KOLEKU041850S;FIS-KOLEK UNIWERSALNY FU 8X50    FISCHER;;FIS-;;;1653;21;520
FIS-KOLEKU053611S;FIS-KOLEK UNIWERSALNY FU10X60    53268;;FIS-;;;1653;21;520
FIS-KOLEKU054606S;FIS-KOLEK UNIWERS.FU 6X3553260- !!WYP;;FIS-;;;1653;21;520
FIS-KOLEKU079888S;FIS-KOLEK UNIWERSALNY FU 6X45 S  FISCHER;;FIS-;;;1653;21;520
FIS-KOLEKU082842S;FIS-KOLEK UNIWERSALNY FU 6X45    FISCHER;;FIS-;;;1653;21;520
FIS-KOLEKU082843S;FIS-KOLEK UNIWERSALNY FU 8X50 S  FISCHER;;FIS-;;;1653;21;520
FIS-KOLEKU083986S;FIS-KOLEK UNIWERSALNY FU10X60 S20 53336;;FIS-;;;1653;21;520
FIS-KOLEKU083988S;FIS-KOLEK UNIWERSALNY FU 8X40    FISCHER;;FIS-;;;1653;21;520
FIS-KOLEKU083990S;FIS-KOLEK UNIWERSALNY FU 6X35 S/20 53262;;FIS-;;;1653;21;520
FIS-KOLEKU084346S;FIS-KOL UNIWERSALNY FU10X50 S25-;;FIS-;;;1653;21;520
FIS-KOLEKZ084017S;FIS-KOLEK Z GWINTEM M 8 50508;;FIS-;;;1653;21;520
FIS-KOLEKZ084018S;FIS-KOLEK Z GWINTEM M10  20X60  50510;;FIS-;;;1653;21;520
FIS-KOLEKZ084019S;FIS-KOLEK Z GWINTEM M 12  50512;;FIS-;;;1653;21;520
FIS-KOLEKZ098100S;FIS-KOLEK Z GWINTEM M 6FISCHER;;FIS-;;;1653;21;520
FIS-KOLEKZ639669S;FIS-KOLEK Z GWINTEM M 6  12X40    50506;;FIS-;;;1653;21;520
FIS-KOLNIE080086S;FIS-KOLNIERZ SF Q 38   79410;;FIS-;;;1653;21;520
FIS-KONC084653S;FIS-KONCOWKA FPB PZ2 BIT DIAMENT FISHER;;FIS-;;;1653;21;520
FIS-KONCOWK004378S;FIS-KONCOWKA  FPB-PH 1 BIT    FISCHER;;FIS-;;;1653;21;520
FIS-KONCOWK004380S;FIS-KONCOWKA  FPB-PZ 1 BIT    FISCHER;;FIS-;;;1653;21;520
FIS-KONCOWK030831S;FIS-KONCOWKA  FPB-PZ 2 50MM 533109;;FIS-;;;1653;21;520
FIS-KONCOWK042010S;FIS-KONCOWKA  FPB TX10/2 BIT 507702;;FIS-;;;1653;21;520
FIS-KONCOWK042011S;FIS-KONCOWKA  FPB TX15/2 BIT 507703;;FIS-;;;1653;21;520
FIS-KONCOWK042013S;FIS-KONCOWKA  FPB TX20/2 BIT 507704;;FIS-;;;1653;21;520
FIS-KONCOWK075586S;FIS-KONCOWKA FPB TX10 BIT 533112;;FIS-;;;1653;21;520
FIS-KONCOWK075588S;FIS-KONCOWKA FPB TX15 BIT 533113;;FIS-;;;1653;21;520
FIS-KONCOWK075592S;FIS-KONCOWKA FPB TX20 BIT 533114;;FIS-;;;1653;21;520
FIS-KONCOWK075593S;FIS-KONCOWKA FPB TX25 BIT 533115;;FIS-;;;1653;21;520
FIS-KONCOWK075594S;FIS-KONCOWKA FPB TX30 BIT 533116;;FIS-;;;1653;21;520
FIS-KONCOWK075595S;FIS-KONCOWKA FPB TX40 BIT 533117;;FIS-;;;1653;21;520
FIS-KONCOWK084015S;FIS-KONCOWKA  FPB-PH 2 BIT    FISCHER;;FIS-;;;1653;21;520
FIS-KONCOWK084016S;FIS-KONCOWKA  FPB-PZ 2 BIT   533122;;FIS-;;;1653;21;520
FIS-KONCOWK084651S;FIS-KONCOWKA  FPB-PH 2 BIT DIAMEN.FISCHE;;FIS-;;;1653;21;520
FIS-KONCOWK637612S;FIS-KONCOWKA FPB-PZ 4 BIT 533099;;FIS-;;;1653;21;520
FIS-KOSTKA740034S;FIS-KOSTKA MONTAZOWA MW M8 79717;;FIS-;;;1653;21;520
FIS-KOTW010891S;FIS-KOTWA FAN  810    FISCHER-;;FIS-;;;1653;21;520
FIS-KOTW010892S;FIS-KOTWA FAN  830    FISCHER-;;FIS-;;;1653;21;520
FIS-KOTW010893S;FIS-KOTWA FAN 1010    FISCHER-;;FIS-;;;1653;21;520
FIS-KOTW010894S;FIS-KOTWA FAN 1030    FISCHER-;;FIS-;;;1653;21;520
FIS-KOTW041939S;FIS-KOTWA FH II 12/50 SK   44919;;FIS-;;;1653;21;520
FIS-KOTW048850S;FIS-KOTWA TAM-8 FISCHER 090246 350;;FIS-;;;1653;21;520
FIS-KOTW057050S;FIS-KOTWA DROP -IN M16FISCHER-;;FIS-;;;1653;21;520
FIS-KOTWA023216S;FIS-KOTWA FB  12120 FBN  II;;FIS-;;;1653;21;520
FIS-KOTWA071716S;FIS-KOTWA WBIJANA EA M12x50 N D 500872;;FIS-;;;1653;21;520
FIS-KOTWA0731450S;FIS-KOTWA FAZ II 24/60  A4  503184;;FIS-;;;1653;21;520
FIS-KOTWA073539S;FIS-KOTWA FB  12/160   FBN II  045269;;FIS-;;;1653;21;520
FIS-KOTWA099449S;FIS-KOTWA RG 16X90 M10 50553;;FIS-;;;1653;21;520
FIS-KOTWA2050493S;FIS-KOTWA 24 25 B    FISCHER-;;FIS-;;;1653;21;520
FIS-KOTWA642026S;FIS-KOTWA FB  12/250   FBN II  45586;;FIS-;;;1653;21;520
FIS-KOTWA644538S;FIS-KOTWA RG 12X90 M8 A4 50565;;FIS-;;;1653;21;520
FIS-KOTWA648194S;FIS-KOTWA RG 28/200 A4 50569;;FIS-;;;1653;21;520
FIS-KOTWAD010876S;FIS-KOTWA DROP -IN M8    FISCHER;;FIS-;;;1653;21;520
FIS-KOTWAD010877T;FIS-KOTWA DROP -IN M10FISCHER-;;FIS-;;;1653;21;520
FIS-KOTWAD010878S;FIS-KOTWA WBIJANA EA M12 N  90162;;FIS-;;;1653;21;520
FIS-KOTWAD010879T;FIS-KOTWA DROP -IN M16    FISCHER;;FIS-;;;1653;21;520
FIS-KOTWAD015473S;FIS-KOTWA DO PLYT M8 FHY  A4  030147;;FIS-;;;1653;21;520
FIS-KOTWAD043173S;FIS-KOTWA EA M 6 N 90159 FISCHER;;FIS-;;;1653;21;520
FIS-KOTWAD080153S;FIS-KOTWA DROP -IN M10 N    FISCHER;;FIS-;;;1653;21;520
FIS-KOTWAD080154S;FIS-KOTWA DROP -IN M12 N FISCHER 90262;;FIS-;;;1653;21;520
FIS-KOTWAD080155S;FIS-KOTWA DROP -IN M6 N    FISCHER;;FIS-;;;1653;21;520
FIS-KOTWAD080156S;FIS-KOTWA _ _ _;;FIS-;;;1653;21;520
FIS-KOTWAD086854S;FIS-KOTWA DROP -IN M16 N    FISCHER;;FIS-;;;1653;21;520
FIS-KOTWAD086880S;FIS-KOTWA DO GAZOBET.FTP M10 FISCHER-;;FIS-;;;1653;21;520
FIS-KOTWAD087869S;FIS-KOTWA DO GAZOBET.FPX M 6 519021;;FIS-;;;1653;21;520
FIS-KOTWAD091147S;FIS-KOTWA DO GAZOBET.FTP K 6 FISCHER-;;FIS-;;;1653;21;520
FIS-KOTWAD092437S;FIS-KOTWA DO PLYT M6 FHY    FISCHER;;FIS-;;;1653;21;520
FIS-KOTWAD092438S;FIS-KOTWA DO PLYT M8 FHY    FISCHER;;FIS-;;;1653;21;520
FIS-KOTWAD093988S;FIS-KOTWA EA M20 N FISCHER 90164 -!!WYP;;FIS-;;;1653;21;520
FIS-KOTWAD094639S;FIS-KOTWA DO GAZOBET.FTP M 6  78412;;FIS-;;;1653;21;520
FIS-KOTWAD094640S;FIS-KOTWA DO GAZOBET.FTP M 8   FISCHER;;FIS-;;;1653;21;520
FIS-KOTWAD094641S;FIS-KOTWA DO GAZOBET.FTP K 4 FISCHER;;FIS-;;;1653;21;520
FIS-KOTWAD094642S;FIS-KOTWA DO GAZOBET.FTP K 8   FISCHER;;FIS-;;;1653;21;520
FIS-KOTWAD094643S;FIS-KOTWA DO GAZOBET.FTP K10 FISCHER;;FIS-;;;1653;21;520
FIS-KOTWAD651411S;FIS-KOTWA DO GAZOBET.FPX M 12 519024;;FIS-;;;1653;21;520
FIS-KOTWAF S;FIS-KOTWA FHB II-A L M12X100/10 506893;;FIS-;;;1653;21;520
FIS-KOTWAF000000S;FIS-KOTWA FHB II-A L M12X100/24 506891;;FIS-;;;1653;21;520
FIS-KOTWAF000061S;FIS-KOTWAFHII24/50BFISCHER48887-;;FIS-;;;1653;21;520
FIS-KOTWAF000355S;FIS-KOTWA FAZ II  8/10 A4    FISCHER;;FIS-;;;1653;21;520
FIS-KOTWAF000704S;FIS-KOTWA FBZ  16/25  543405;;FIS-;;;1653;21;520
FIS-KOTWAF000861S;FIS-KOTWA FH II 24/25 B    FISCHER;;FIS-;;;1653;21;520
FIS-KOTWAF000862S;FIS-KOTWA FAZ II 10/10   A4    FISCHER;;FIS-;;;1653;21;520
FIS-KOTWAF000879S;FIS-KOTWA FHB II-AS M10X60/10    FISCHER;;FIS-;;;1653;21;520
FIS-KOTWAF000884S;FIS-KOTWA FHB-A DYN 12X100/50V;;FIS-;;;1653;21;520
FIS-KOTWAF000S;FIS-KOTWA FH II 15/50 SK   44922 ;;FIS-;;;1653;21;520
FIS-KOTWAF001292S;FIS KOTWA FB  16/160 FBN II   45569;;FIS-;;;1653;21;520
FIS-KOTWAF001633S;FIS-KOTWA FAZ II 10/80    FISCHER;;FIS-;;;1653;21;520
FIS-KOTWAF001665S;FIS-KOTWA FH II 18/25 B    FISCHER;;FIS-;;;1653;21;520
FIS-KOTWAF002436S;FIS-KOTWA FAZ II  8/160  503251;;FIS-;;;1653;21;520
FIS-KOTWAF002555S;FIS-KOTWA FHB II-A L M20X210/50 [97071];;FIS-;;;1653;21;520
FIS-KOTWAF003477S;FIS-KOTWA FH II 12/10 B  FISCHER [48773];;FIS-;;;1653;21;520
FIS-KOTWAF003570S;FIS-KOTWA FB 12/140 FBN II FISCHER[45268;;FIS-;;;1653;21;520
FIS-KOTWAF003734S;FIS-KOTWA FB  20/120 FBN II    FISCHER;;FIS-;;;1653;21;520
FIS-KOTWAF004202S;FIS-KOTWA FH II 15/25 B [48777]  FISCHER;;FIS-;;;1653;21;520
FIS-KOTWAF004208S;FIS-KOTWA FHB II-AS M16X95/30 A4  97641;;FIS-;;;1653;21;520
FIS-KOTWAF004210S;FIS-KOTWA FZEA II 14X40 M12 A4    47308;;FIS-;;;1653;21;520
FIS-KOTWAF004222S;FIS-KOTWA FH II 18/25 S FISCHER   44894;;FIS-;;;1653;21;520
FIS-KOTWAF004946S;FIS-KOTWA FHB II-AS M16X95/60 FISCHER;;FIS-;;;1653;21;520
FIS-KOTWAF005809S;FIS-KOTWA FH II 10/25 SK   [503137];;FIS-;;;1653;21;520
FIS-KOTWAF007210S;FIS-KOTWA FAZ II 20/60    46633  FISCHER;;FIS-;;;1653;21;520
FIS-KOTWAF007215S;FIS-KOTWA FAZ II 24/60    46636  FISCHER;;FIS-;;;1653;21;520
FIS-KOTWAF008205S;FIS-KOTWA FAZ II 20/60 A4    503183;;FIS-;;;1653;21;520
FIS-KOTWAF009223S;FIS-KOTWA FB  10/50  FBN II A4  507561;;FIS-;;;1653;21;520
FIS-KOTWAF009430S;FIS-KOTWA FSL 12/5  S TULEJOWA  (12X80);;FIS-;;;1653;21;520
FIS-KOTWAF009431S;FIS-KOTWA FSL 16/65  S TULEJOWA (16X150);;FIS-;;;1653;21;520
FIS-KOTWAF009432S;FIS-KOTWA FSL 20/15  S TULEJOWA (10X110);;FIS-;;;1653;21;520
FIS-KOTWAF009436S;FIS-KOTWA FDN  6/5 (6 x 35) 544099;;FIS-;;;1653;21;520
FIS-KOTWAF009496S;FIS-KOTWA FB  12/20 FBN II A4 507564;;FIS-;;;1653;21;520
FIS-KOTWAF009953S;FIS-KOTWA FSL 16/65 B TULEJ.16X111 93815;;FIS-;;;1653;21;520
FIS-KOTWAF010062S;FIS-KOTWA FB  10/30  FBN II A4  507560;;FIS-;;;1653;21;520
FIS-KOTWAF010065S;FIS-KOTWA FB   8/50  FBN II A4  507557;;FIS-;;;1653;21;520
FIS-KOTWAF010713S;FIS-KOTWA FPX M6 I   0519021;;FIS-;;;1653;21;520
FIS-KOTWAF010717S;FIS-KOTWA FPX M8  I   0519022;;FIS-;;;1653;21;520
FIS-KOTWAF010719S;FIS-KOTWA FPX M10  I    0519023;;FIS-;;;1653;21;520
FIS-KOTWAF010722S;FIS-KOTWA FPX M 12 I0519024;;FIS-;;;1653;21;520
FIS-KOTWAF013126S;FIS-KOTWA FH II 12/50 B  FISCHER [48775];;FIS-;;;1653;21;520
FIS-KOTWAF013151S;FIS-KOTWA FAZ II 16/300  [96188];;FIS-;;;1653;21;520
FIS-KOTWAF014987S;FIS-KOTWA FBN II  20/80  FISCHER [45575];;FIS-;;;1653;21;520
FIS-KOTWAF015807S;DO WYKORZYSTANIA;;FIS-;DO WYKORZYSTANIA;;1653;21;520
FIS-KOTWAF019835S;FIS-KOTWA FHB II-A L 16X125/30  506903;;FIS-;;;1653;21;520
FIS-KOTWAF019836S;FIS-KOTWA FHB-A DYN 20X170/50  92037;;FIS-;;;1653;21;520
FIS-KOTWAF020443S;FIS-KOTWA FB  10/100  FBN A4-;;FIS-;;;1653;21;520
FIS-KOTWAF020448S;FIS-KOTWA FB1070 FBN IIFISCHER;;FIS-;;;1653;21;520
FIS-KOTWAF020590S;FIS-KOTWAFB16250+270FBNIIFISCHER;;FIS-;;;1653;21;520
FIS-KOTWAF020605S;FIS-KOTWA FB  16/140   FBN II  45568;;FIS-;;;1653;21;520
FIS-KOTWAF020937S;FIS-KOTWA FSL 1060  S TULEJOWA  10X120;;FIS-;;;1653;21;520
FIS-KOTWAF021041S;FIS-KOTWA FB   8/100  FBN II   FISCHER;;FIS-;;;1653;21;520
FIS-KOTWAF021193S;FIS-KOTWA FB 830 FBN  A4  FISCHER;;FIS-;;;1653;21;520
FIS-KOTWAF021391S;FIS-KOTWA FTR 24300 GWINTOWANA;;FIS-;;;1653;21;520
FIS-KOTWAF021414S;FIS-KOTWA FTR 20260 GWINTOWANA;;FIS-;;;1653;21;520
FIS-KOTWAF021492S;FIS-KOTWA FHB II-A L M12X120/10 A4 97621;;FIS-;;;1653;21;520
FIS-KOTWAF021493S;FIS-KOTWA FHB II-A L M10X95/20 A4 [97617;;FIS-;;;1653;21;520
FIS-KOTWAF021699S;FIS-KOTWA FB  10/140  FBN II   40944;;FIS-;;;1653;21;520
FIS-KOTWAF021703S;FIS-KOTWA FAZ II 20150 FISCHER-;;FIS-;;;1653;21;520
FIS-KOTWAF022005S;FIS-KOTWA FH II 1225 SKFISCHER;;FIS-;;;1653;21;520
FIS-KOTWAF022058S;FIS-KOTWA FH II 1210 S  44884;;FIS-;;;1653;21;520
FIS-KOTWAF022062S;FIS-KOTWA FTP  K10   GAZOBETON;;FIS-;;;1653;21;520
FIS-KOTWAF022640S;FIS-KOTWA FAZ II 12/20  A4  501415;;FIS-;;;1653;21;520
FIS-KOTWAF022641S;FIS-KOTWA FAZ II 16/100    FISCHER;;FIS-;;;1653;21;520
FIS-KOTWAF022736S;FIS-KOTWA FB   8/20 FBN  II   40669;;FIS-;;;1653;21;520
FIS-KOTWAF023091S;FIS-KOTWA FNA II 6X 25 H FISCHER-;;FIS-;;;1653;21;520
FIS-KOTWAF023189S;FIS-KOTWA FNA II 6X 25/5 FISCHER   44121;;FIS-;;;1653;21;520
FIS-KOTWAF023873S;FIS-KOTWA FB 16/200 FBN II   45570;;FIS-;;;1653;21;520
FIS-KOTWAF024776S;FIS-KOTWA FHB II-AS M16X95/160-;;FIS-;;;1653;21;520
FIS-KOTWAF024832S;FIS-KOTWA FV  12/45 FBN BETON G FISCHER;;FIS-;;;1653;21;520
FIS-KOTWAF024910S;FIS-KOTWA FNA II 6X 30/5    FISCHER;;FIS-;;;1653;21;520
FIS-KOTWAF025152S;FIS-KOTWA FH II  28/30 S    FISCHER;;FIS-;;;1653;21;520
FIS-KOTWAF025211S;FIS-KOTWA FDN  6/65;;FIS-;;;1653;21;520
FIS-KOTWAF025861S;FIS-KOTWA FHB II-AS M16X95/30   FISCHER;;FIS-;;;1653;21;520
FIS-KOTWAF026012S;FIS-KOTWA FB  12/100  FBN II   45266;;FIS-;;;1653;21;520
FIS-KOTWAF026129S;FIS-KOTWA FAZ II 16/250    FISCHER;;FIS-;;;1653;21;520
FIS-KOTWAF026211S;FIS-KOTWA FSL 10/59B;;FIS-;;;1653;21;520
FIS-KOTWAF02677S;FIS-KOTWA FSL 10/10S TULEJOWA;;FIS-;;;1653;21;520
FIS-KOTWAF026893S;FIS-KOTWA FH II 12/15 SK  44917;;FIS-;;;1653;21;520
FIS-KOTWAF027216S;FIS-KOTWA FAZ 12/30 A4FISCHER-;;FIS-;;;1653;21;520
FIS-KOTWAF027217S;FIS-KOTWA FB  12/45 + 64 FBN A4;;FIS-;;;1653;21;520
FIS-KOTWAF027218S;FIS-KOTWA FNA II 6X 30/5  A4    44122;;FIS-;;;1653;21;520
FIS-KOTWAF030055S;FIS-KOTWA FBN GS 12/180  45584;;FIS-;;;1653;21;520
FIS-KOTWAF031681S;FIS-KOTWA FAZ II 16/160   503254;;FIS-;;;1653;21;520
FIS-KOTWAF031959S;FIS-KOTWA FBN II 10/100 FVZ 507583;;FIS-;;;1653;21;520
FIS-KOTWAF033565S;FIS-KOTWA FB  16/10  FBN II A4  507568;;FIS-;;;1653;21;520
FIS-KOTWAF033566S;FIS-KOTWA FB  10/100 FBN II A4  507562;;FIS-;;;1653;21;520
FIS-KOTWAF035324S;FISCHER   FHB II-A L M12X120/10 96943;;FIS-;;;1653;21;520
FIS-KOTWAF036018S;FIS-VBS 8X80 KOTWA DO SCIAN 00078800;;FIS-;;;1653;21;520
FIS-KOTWAF036268T;FIS-KOTWA FH II 12/15 SK A4 510931;;FIS-;;;1653;21;520
FIS-KOTWAF036281S;FIS-KOTWA FSA  815 B  TULEJOWA   FISCHE;;FIS-;;;1653;21;520
FIS-KOTWAF036282S;FIS-KOTWA FSA  840 B  TULEJOWA;;FIS-;;;1653;21;520
FIS-KOTWAF036283S;FIS-KOTWA FSA 1010 B  TULEJOWA  68503;;FIS-;;;1653;21;520
FIS-KOTWAF036285S;FIS-KOTWA FSA 1060 B  TULEJOWA  68505;;FIS-;;;1653;21;520
FIS-KOTWAF036287S;FIS-KOTWA FSA 1225 B  TULEJOWA   FISCHE;;FIS-;;;1653;21;520
FIS-KOTWAF036288S;FIS-KOTWA FSA 1250 B  TULEJOWA   FISCHE;;FIS-;;;1653;21;520
FIS-KOTWAF036289S;FIS-KOTWA FSA865 BTULEJOWA FISCHE;;FIS-;;;1653;21;520
FIS-KOTWAF036290S;FIS-KOTWA FSA 1275 BTULEJOWA FISCHE-;;FIS-;;;1653;21;520
FIS-KOTWAF038877S;FIS-KOTWA FBN  10/20 FBN II  A4 FISCHER;;FIS-;;;1653;21;520
FIS-KOTWAF040661S;FIS-KOTWA FAZ II  8/50  94878;;FIS-;;;1653;21;520
FIS-KOTWAF043215S;FIS-KOTWA FAZ II 12/50 A4 FISCHER 501419;;FIS-;;;1653;21;520
FIS-KOTWAF044531S;FIS-KOTWA FBN II 16/15 K FVZ 507597!!WYP;;FIS-;;;1653;21;520
FIS-KOTWAF044532S;FIS-KOTWA FAZ II 12/80    95454;;FIS-;;;1653;21;520
FIS-KOTWAF044533S;FIS-KOTWA FB  10/5 FBN II    40946;;FIS-;;;1653;21;520
FIS-KOTWAF045016S;FIS-KOTWA FB 8/10 FBN II 40664;;FIS-;;;1653;21;520
FIS-KOTWAF045440S;FIS-KOTWA FAZ II 12/10 A4 FISCHER 501413;;FIS-;;;1653;21;520
FIS-KOTWAF048740S;FIS-KOTWA FAZ II 12/30 A4 FISCHER 501416;;FIS-;;;1653;21;520
FIS-KOTWAF048741S;FIS-KOTWA FAZ II  8/30 A4 FISCHER 501399;;FIS-;;;1653;21;520
FIS-KOTWAF049041S;FIS-KOTWA FAZ II 10/20 A4  501406;;FIS-;;;1653;21;520
FIS-KOTWAF049655S;FIS-KOTWA FAZ II 24/30    46635;;FIS-;;;1653;21;520
FIS-KOTWAF049997S;FIS-KOTWA FAZ II 10/50    94984;;FIS-;;;1653;21;520
FIS-KOTWAF050088S;FIS-KOTWA FZP II 11X15 M6/18 A4 512135;;FIS-;;;1653;21;520
FIS-KOTWAF050089S;FIS-KOTWA FZP II SA M6/12 512160;;FIS-;;;1653;21;520
FIS-KOTWAF053185S;FIS-KOTWA FAZ 1030113FISCHER;;FIS-;;;1653;21;520
FIS-KOTWAF053583S;FIS-KOTWA FAZ II 24/30  A4  501427;;FIS-;;;1653;21;520
FIS-KOTWAF055927S;FIS-KOTWA FH II 15/M12 l  A4   519019;;FIS-;;;1653;21;520
FIS-KOTWAF059182S;FIS-KOTWA FB   810 + 23 FBN   FISCHER;;FIS-;;;1653;21;520
FIS-KOTWAF059698S;FIS-KOTWA FAZ II 10/30  A4  501407;;FIS-;;;1653;21;520
FIS-KOTWAF070551S;FIS-KOTWA FBN 12/100 HDG  507596;;FIS-;;;1653;21;520
FIS-KOTWAF071888S;FIS-KOTWA FZP II 11X12 M6/13 A4  512131;;FIS-;;;1653;21;520
FIS-KOTWAF072562S;FIS-KOTWA FB  10/50 + 58 FBN 45143;;FIS-;;;1653;21;520
FIS-KOTWAF072563S;FIS-KOTWA FB 1230 + 50 FBN FISCHER;;FIS-;;;1653;21;520
FIS-KOTWAF072564S;FIS-KOTWA FB  1245 + 65 FBN   FISCHER;;FIS-;;;1653;21;520
FIS-KOTWAF074243S;FIS-KOTWA FSA  815 S  TULEJOWA 68520;;FIS-;;;1653;21;520
FIS-KOTWAF074244S;FIS-KOTWA FSA  840 S  TULEJOWA   FISCHE;;FIS-;;;1653;21;520
FIS-KOTWAF074245S;FIS-KOTWA FSA865 STULEJOWA FISCHE;;FIS-;;;1653;21;520
FIS-KOTWAF074246S;FIS-KOTWA FSA 10X60/10 S TULEJOWA 68523;;FIS-;;;1653;21;520
FIS-KOTWAF074247S;FIS-KOTWA FSA 1035 S  TULEJOWA;;FIS-;;;1653;21;520
FIS-KOTWAF074248S;FIS-KOTWA FSA 1060 S  TULEJOWA   FISCHER;;FIS-;;;1653;21;520
FIS-KOTWAF074249S;FIS-KOTWA FSA 1210 S  TULEJOWA   FISCHER;;FIS-;;;1653;21;520
FIS-KOTWAF074250S;FIS-KOTWA FSA 1225 S  TULEJOWA   FISCHER;;FIS-;;;1653;21;520
FIS-KOTWAF074251S;FIS-KOTWA FSA 12X110/50 S TULEJOWA 68528;;FIS-;;;1653;21;520
FIS-KOTWAF075606S;FIS-KOTWA FB   12/50  FBN II A4  507566;;FIS-;;;1653;21;520
FIS-KOTWAF079289S;FIS-KOTWA FH II 24/25 S    44898;;FIS-;;;1653;21;520
FIS-KOTWAF079347S;FIS-KOTWA FHB II-A L M16X160/60  [97036];;FIS-;;;1653;21;520
FIS-KOTWAF079571S;FIS-KOTWA FBN II 16/25 HDG 507598 !!WYP;;FIS-;;;1653;21;520
FIS-KOTWAF079572S;FIS-KOTWA FSA 1035 B  TULEJOWA   FISCHER;;FIS-;;;1653;21;520
FIS-KOTWAF079573S;FIS-KOTWA FSA 12/10 B TULEJOWA 68506;;FIS-;;;1653;21;520
FIS-KOTWAF079587S;FIS-KOTWA FBN II  10/5 K 40946;;FIS-;;;1653;21;520
FIS-KOTWAF079588S;FIS-KOTWA FB  1015 + 23 FBN  45132;;FIS-;;;1653;21;520
FIS-KOTWAF079589S;FIS-KOTWAFB1215+35FBN 45147 !!WYP;;FIS-;;;1653;21;520
FIS-KOTWAF080489S;FIS-KOTWA FH24100BFISCHER-;;FIS-;;;1653;21;520
FIS-KOTWAF082863S;FIS-KOTWA FB  1035 + 43 FBN;;FIS-;;;1653;21;520
FIS-KOTWAF082918S;FIS-KOTWA FAZ II  8/30 C FISCHER 501429;;FIS-;;;1653;21;520
FIS-KOTWAF082919S;FIS-KOTWA FAZ 1230    FISCHER;;FIS-;;;1653;21;520
FIS-KOTWAF083495S;FIS-KOTWA FB  1610 FBN  507568;;FIS-;;;1653;21;520
FIS-KOTWAF083758S;FIS-KOTWA FBN  16/50 FBN II  A4 FISCHER;;FIS-;;;1653;21;520
FIS-KOTWAF083759S;FIS-KOTWA FB125FBNFISCHER-;;FIS-;;;1653;21;520
FIS-KOTWAF083762S;FIS-KOTWA FB   8/50 + 63 FBN   FIS;;FIS-;;;1653;21;520
FIS-KOTWAF083763S;FIS-KOTWA FB   8/30 + 43 FBN   FISCHER;;FIS-;;;1653;21;520
FIS-KOTWAF084197S;FIS-KOTWA FB  12/80 +100 FBN;;FIS-;;;1653;21;520
FIS-KOTWAF084411S;FIS-KOTWA FAZ  8/10    FISCHER;;FIS-;;;1653;21;520
FIS-KOTWAF084412S;FIS-KOTWA FAZ  8/50    FISCHER-;;FIS-;;;1653;21;520
FIS-KOTWAF084413S;FIS-KOTWA FAZ II  8/100  94879;;FIS-;;;1653;21;520
FIS-KOTWAF084414S;FIS-KOTWA FAZ  8/150    FISCHER;;FIS-;;;1653;21;520
FIS-KOTWAF084415S;FIS-KOTWA FAZ 10/10;;FIS-;;;1653;21;520
FIS-KOTWAF084416S;FIS-KOTWA FAZ 10/20    FISCHER-;;FIS-;;;1653;21;520
FIS-KOTWAF084417S;FIS-KOTWA FAZ 10/80    FISCHER;;FIS-;;;1653;21;520
FIS-KOTWAF084418S;FIS-KOTWA FAZ 10/100    FISCHER;;FIS-;;;1653;21;520
FIS-KOTWAF084419S;FIS-KOTWA FAZ 10/150    FISCHER;;FIS-;;;1653;21;520
FIS-KOTWAF084420S;FIS-KOTWA FAZ 12/10    FISCHER;;FIS-;;;1653;21;520
FIS-KOTWAF084422S;FIS-KOTWA FAZ 12/50    FISCHER;;FIS-;;;1653;21;520
FIS-KOTWAF084424S;FIS-KOTWA FAZ 12/100    FISCHER;;FIS-;;;1653;21;520
FIS-KOTWAF084425S;FIS-KOTWA FAZ 12/150    FISCHER;;FIS-;;;1653;21;520
FIS-KOTWAF084450S;FIS-KOTWA FAZ 10/50    FISCHER;;FIS-;;;1653;21;520
FIS-KOTWAF084542S;FIS-KOTWA FB 8/10 FBNA4 507555-;;FIS-;;;1653;21;520
FIS-KOTWAF084703S;FIS-KOTWA FB  16/100+120 FBN   FISCHER;;FIS-;;;1653;21;520
FIS-KOTWAF085976S;FIS-KOTWA FAZ II 16/25 KOTWA BOLC.95836;;FIS-;;;1653;21;520
FIS-KOTWAF085978S;FIS-KOTWA FAZ 20X60  KOTWA BOLC.  FISCHE;;FIS-;;;1653;21;520
FIS-KOTWAF085982S;FIS-KOTWA FAZ II 16/50 KOTWA BOLC. 95864;;FIS-;;;1653;21;520
FIS-KOTWAF086112S;FIS-KOTWA FB  10/100+ 10 FBN   FISCHER;;FIS-;;;1653;21;520
FIS-KOTWAF088513S;FIS-KOTWA FB20/20FBN FISCHER;;FIS-;;;1653;21;520
FIS-KOTWAF088683S;FIS-KOTWA FHB II-A S M12X75/25 A4 97636;;FIS-;;;1653;21;520
FIS-KOTWAF088901S;FIS-KOTWA FB  10/140+148 FBN   FIS;;FIS-;;;1653;21;520
FIS-KOTWAF088942S;FIS-KOTWA FAZ II 16/5    522124;;FIS-;;;1653;21;520
FIS-KOTWAF088946S;FIS-KOTWA FH II 10/50 SK   [503138];;FIS-;;;1653;21;520
FIS-KOTWAF089062S;FIS-KOTWA FB  10/15 FBN  A4    FISCHER;;FIS-;;;1653;21;520
FIS-KOTWAF090294S;FIS-KOTWA FB 6/30 FBN FISCHER;;FIS-;;;1653;21;520
FIS-KOTWAF090880S;FIS-KOTWA FB  12/15 FBN  A4    FISCHER;;FIS-;;;1653;21;520
FIS-KOTWAF091805S;FIS-KOTWA FB  20/60    FBN II  FIS;;FIS-;;;1653;21;520
FIS-KOTWAF093086S;FIS-KOTWA FH  10/10 S   FISCHER  503133;;FIS-;;;1653;21;520
FIS-KOTWAF093119S;FIS-KOTWAFHBII-ALM20X210/5097071;;FIS-;;;1653;21;520
FIS-KOTWAF093235S;FIS-KOTWA FH II 12/50 S    FISCHER;;FIS-;;;1653;21;520
FIS-KOTWAF094216S;FIS-KOTWA FB 85FBNFISCHER;;FIS-;;;1653;21;520
FIS-KOTWAF094218S;FIS-KOTWA FAZ 12/25B    FISCHER;;FIS-;;;1653;21;520
FIS-KOTWAF094395S;FIS-KOTWA FH  24/25 S    FISCHER;;FIS-;;;1653;21;520
FIS-KOTWAF094476S;FIS-KOTWA FAZ II 20/30 A4  501426;;FIS-;;;1653;21;520
FIS-KOTWAF094564S;FIS-KOTWA FAZ II 12/80    FISCHER;;FIS-;;;1653;21;520
FIS-KOTWAF094565S;FIS-KOTWA FAZ II 12/100   FISCHER;;FIS-;;;1653;21;520
FIS-KOTWAF094591S;FIS-KOTWA FAZ II 12/150FISCHER;;FIS-;;;1653;21;520
FIS-KOTWAF094637S;FIS-KOTWA FH10/25 SFISCHER-;;FIS-;;;1653;21;520
FIS-KOTWAF094638S;FIS-KOTWA FH II 15/25 S    44888;;FIS-;;;1653;21;520
FIS-KOTWAF095124S;FIS-KOTWA FH II 12/25 B    FISCHER;;FIS-;;;1653;21;520
FIS-KOTWAF095244S;FIS-KOTWA FAZ II 20/30     46632;;FIS-;;;1653;21;520
FIS-KOTWAF095364S;FIS-KOTWA FAZ   8/150  94980;;FIS-;;;1653;21;520
FIS-KOTWAF095365S;FIS-KOTWA FAZ II 10/100  94986;;FIS-;;;1653;21;520
FIS-KOTWAF095366S;FIS-KOTWA FAZ II 10/150    FISCHER;;FIS-;;;1653;21;520
FIS-KOTWAF095368S;FIS-KOTWA FAZ II 16/150    FISCHER;;FIS-;;;1653;21;520
FIS-KOTWAF096415S;FIS-KOTWA FB  16/15  II  FBN   FISCHER;;FIS-;;;1653;21;520
FIS-KOTWAF096424S;FIS-KOTWA FTR8/110 GWINTOWANA;;FIS-;;;1653;21;520
FIS-KOTWAF096426S;FIS-KOTWA FTR 10/130 GWINTOWANA-;;FIS-;;;1653;21;520
FIS-KOTWAF096427S;FIS-KOTWA FTR 12/160 GWINTOWANA;;FIS-;;;1653;21;520
FIS-KOTWAF096428S;FIS-KOTWA FTR 16/190 GWINTOWANA 502917;;FIS-;;;1653;21;520
FIS-KOTWAF096674S;FIS-KOTWA FH II 18/50 B 48780;;FIS-;;;1653;21;520
FIS-KOTWAF096675S;FIS-KOTWA FB  12/10 FBN  II    FISCHER;;FIS-;;;1653;21;520
FIS-KOTWAF096677S;FIS-KOTWA FB   8/10 FBN II   507555;;FIS-;;;1653;21;520
FIS-KOTWAF096850S;FIS-KOTWA FB20/30 FBN IIFISCHER-;;FIS-;;;1653;21;520
FIS-KOTWAF096883S;FIS-KOTWA FB  10/100  FBN II   40943;;FIS-;;;1653;21;520
FIS-KOTWAF097193S;FIS-KOTWA FSL  8/55  S TULEJOWA   8X100;;FIS-;;;1653;21;520
FIS-KOTWAF097194S;FIS-KOTWA FSL 12/45S TULEJOWA12X120;;FIS-;;;1653;21;520
FIS-KOTWAF097206S;FIS-KOTWA FWA  6/55    FISCHER;;FIS-;;;1653;21;520
FIS-KOTWAF097211S;FIS-KOTWA FWA 20/160    045800;;FIS-;;;1653;21;520
FIS-KOTWAF097374S;FIS-KOTWA FNA II 6X 3030    FISCHER;;FIS-;;;1653;21;520
FIS-KOTWAF097376S;FIS-KOTWA FNA II 6X 3075    FISCHER;;FIS-;;;1653;21;520
FIS-KOTWAF097377S;FIS-KOTWA FNA II 6X 30 H    FISCHER;;FIS-;;;1653;21;520
FIS-KOTWAF097378S;FIS-KOTWA FNA II 6X 25 OE    FISCHER;;FIS-;;;1653;21;520
FIS-KOTWAF097379S;FIS-KOTWA FNA II 6X 25 M65;;FIS-;;;1653;21;520
FIS-KOTWAF097573S;FIS-KOTWA FSL  8/12  B TULEJOWA   8X47;;FIS-;;;1653;21;520
FIS-KOTWAF097574S;FIS-KOTWA FSL  8/37  B TULEJOWA   8X73;;FIS-;;;1653;21;520
FIS-KOTWAF097578S;FIS-KOTWA FSL 12/15 B 12X69  93810;;FIS-;;;1653;21;520
FIS-KOTWAF097636S;FIS-KOTWA FB12/30 FBNIIFISCHER;;FIS-;;;1653;21;520
FIS-KOTWAF097891S;FIS-KOTWA FB  12/100+120 FBN II;;FIS-;;;1653;21;520
FIS-KOTWAF097892S;FIS-KOTWA FB   8/30 FBN  II    40700;;FIS-;;;1653;21;520
FIS-KOTWAF097916S;FIS-KOTWA FSL  857  B TULEJOWA   8X93;;FIS-;;;1653;21;520
FIS-KOTWAF097917S;FIS-KOTWA FSL 16102 B TULEJ.16X160;;FIS-;;;1653;21;520
FIS-KOTWAF097918S;FIS-KOTWA FSL 20101 B TULEJOWA  20X168;;FIS-;;;1653;21;520
FIS-KOTWAF097919S;FIS-KOTWA FSL 1227  B TULEJOWA  12X84;;FIS-;;;1653;21;520
FIS-KOTWAF097920S;FIS-KOTWA FSL 12/81 B 12X138 93813;;FIS-;;;1653;21;520
FIS-KOTWAF098079S;FIS-KOTWA FDBB   16 SE    FISCHER;;FIS-;;;1653;21;520
FIS-KOTWAF098080S;FIS-KOTWA FAZ 20150    FISCHER-;;FIS-;;;1653;21;520
FIS-KOTWAF098200S;FIS-KOTWA FHB II-A L M20X210/50 A4 97629;;FIS-;;;1653;21;520
FIS-KOTWAF098291S;FIS-KOTWA FH II 1225 S   FISCHER;;FIS-;;;1653;21;520
FIS-KOTWAF098292S;FIS-KOTWA FH II 18/50 S    FISCHER;;FIS-;;;1653;21;520
FIS-KOTWAF098574S;FIS-KOTWA FZEA II 14X40M12 FISCHER;;FIS-;;;1653;21;520
FIS-KOTWAF098722S;FIS KOTWA FB  10/160 FBN II  40945;;FIS-;;;1653;21;520
FIS-KOTWAF099697S;FIS-KOTWA FBN GS 12/200  45585;;FIS-;;;1653;21;520
FIS-KOTWAF635487S;FIS-KOTWA FAZ II 10/20 A4 501406;;FIS-;;;1653;21;520
FIS-KOTWAF635746S;FIS-KOTWA FZP II 13X15M8/15CARBON 511971;;FIS-;;;1653;21;520
FIS-KOTWAF636048S;FIS-KOTWA FAZ II  8/30  FISCHER 94877;;FIS-;;;1653;21;520
FIS-KOTWAF637747S;FIS-KOTWA FHB II-A L M12X100/24 506891;;FIS-;;;1653;21;520
FIS-KOTWAF637799S;FIS-KOTWA FBN II 20/60  FISCHER 45574;;FIS-;;;1653;21;520
FIS-KOTWAF638420S;FIS-KOTWA FH II 10/15 SK   503136;;FIS-;;;1653;21;520
FIS-KOTWAF638611S;FIS-KOTWA FSA 12x85/25 S TULEJOWA 68527;;FIS-;;;1653;21;520
FIS-KOTWAF639265S;FIS-KOTWA FZP II 11/21 M6/12 511978;;FIS-;;;1653;21;520
FIS-KOTWAF639275S;FIS-KOTWA FHB -A L M16X125/50  [92036];;FIS-;;;1653;21;520
FIS-KOTWAF639276S;FIS-KOTWA FHB II-A L M16X125/50    [5069;;FIS-;;;1653;21;520
FIS-KOTWAF639277S;FIS-KOTWA FBN II  20/10  FISCHER [45577];;FIS-;;;1653;21;520
FIS-KOTWAF642076S;FIS-KOTWA FB  8/100FBN  II   40783;;FIS-;;;1653;21;520
FIS-KOTWAF644536S;FIS-KOTWA FZP II 13X15M8/28CARBON 511973;;FIS-;;;1653;21;520
FIS-KOTWAF644772S;FIS-KOTWA FZP II 11X15M6/18CARBON 511969;;FIS-;;;1653;21;520
FIS-KOTWAF644773S;FIS-KOTWA FZP II 13X15M8/23CARBON 511972;;FIS-;;;1653;21;520
FIS-KOTWAF645402S;FIS-KOTWA FBZ 10/10 A4 543410;;FIS-;;;1653;21;520
FIS-KOTWAF646202S;FIS-KOTWA FAZ II 16/200   95967;;FIS-;;;1653;21;520
FIS-KOTWAF646815S;FIS-KOTWA FBN 20/30 FBN II A4 507571;;FIS-;;;1653;21;520
FIS-KOTWAF648574S;FIS-KOTWA FAZ II 10/80    94985;;FIS-;;;1653;21;520
FIS-KOTWAF650840S;FIS-KOTWA FAZ II 12/200 95605;;FIS-;;;1653;21;520
FIS-KOTWAF654642S;FIS-KOTWA FHB II-A L M12X100/10 506893;;FIS-;;;1653;21;520
FIS-KOTWAF656548S;FIS-KOTWA FAZ II 20/160 503255;;FIS-;;;1653;21;520
FIS-KOTWAF690869S;FIS-KOTWA FAZ II PLUS 8/10     564574;;FIS-;;;1653;21;520
FIS-KOTWAF692105S;FIS-KOTWA FAZ II PLUS 12/30    564588+;;FIS-;;;1653;21;520
FIS-KOTWAF694849S;FIS-KOTWA FAZ II PLUS 20/30    564602;;FIS-;;;1653;21;520
FIS-KOTWAF695414S;FIS-KOTWA FAZ II PLUS 12/50  695414+;;FIS-;;;1653;21;520
FIS-KOTWAF695994S;FIS-KOTWA FAZ II PLUS 10/30 A4  564614;;FIS-;;;1653;21;520
FIS-KOTWAF697857S;FIS-FHB II-AS M20X170/50 506919;;FIS-;;;1653;21;520
FIS-KOTWAF697858S;FIS-FH II 32/60 S 44904;;FIS-;;;1653;21;520
FIS-KOTWAF697863S;FIS-KOTWA FHB II-AS M12X75/100 97275;;FIS-;;;1653;21;520
FIS-KOTWAF698017S;FIS-KOTWA FAZ II PLUS 12/10    564586+;;FIS-;;;1653;21;520
FIS-KOTWAF713587S;FIS-KOTWA FHB II-AL M12X120/25 A4 539919;;FIS-;;;1653;21;520
FIS-KOTWAF714674S;FIS-KOTWA FAZ II PLUS 20/60    564603;;FIS-;;;1653;21;520
FIS-KOTWAF718695S;FIS-KOTWA FHB II-A L M12X100/25 506894;;FIS-;;;1653;21;520
FIS-KOTWAF727379S;FIS-KOTWA FAZ II PLUS 12/20    564587+;;FIS-;;;1653;21;520
FIS-KOTWAF727412S;FIS-KOTWA FAZ II PLUS 10/30 564581+;;FIS-;;;1653;21;520
FIS-KOTWAF728175S;FIS-KOTWA FAZ II PLUS 8/5KR A4 564676;;FIS-;;;1653;21;520
FIS-KOTWAF737869S;FIS-KOTWA FAZ II PLUS 10/10 GVZ 564579+;;FIS-;;;1653;21;520
FIS-KOTWAF737934S;FIS-KOTWA FAZ II PLUS 10/10 584579;;FIS-;;;1653;21;520
FIS-KOTWAFA024527S;FIS-KOTWA FAZ 12/10 A4;;FIS-;;;1653;21;520
FIS-KOTWAFA02460S;FIS-KOTWA FAZ II 16/100 A4  501425;;FIS-;INOX-KOTWA FAZ II+ 16/100 A4;;1653;21;520
FIS-KOTWAFA034313S;FIS-KOTWA FAZ II 16/50 A4  501424;;FIS-;;;1653;21;520
FIS-KOTWAFA077517S;FIS-KOTWA DO PLYT M10 FHY  A4  030151;;FIS-;;;1653;21;520
FIS-KOTWAFA084683S;FIS-KOTWA FAZ 16/25 A4;;FIS-;;;1653;21;520
FIS-KOTWAG083601S;FIS-KOTWA GWOZDZIOWA FNA  630;;FIS-;;;1653;21;520
FIS-KOTWAO023188S;FIS-KOTWA OKIENNA F10M152 [88678] FISCHE;;FIS-;;;1653;21;520
FIS-KOTWAO027252S;FIS-KOTWA OKIENNA F10M112 [88674]-;;FIS-;;;1653;21;520
FIS-KOTWAO027253S;FIS-KOTWA OKIENNA F10M132 [88676]-;;FIS-;;;1653;21;520
FIS-KOTWAO094664S;FIS-KOTWA OKIENNA F 8M  72;;FIS-;;;1653;21;520
FIS-KOTWAO094665S;FIS-KOTWA OKIENNA F 8M  92;;FIS-;;;1653;21;520
FIS-KOTWAO094666S;FIS-KOT OKIEN F 8M112 [88664] FISCHE;;FIS-;;;1653;21;520
FIS-KOTWAR000000S;FIS-KOTWA REAKCYJNA RG M10X130C 96217;;FIS-;;;1653;21;520
FIS-KOTWAR010874S;FIS-KOTWA RGM 8X110  50256;;FIS-;;;1653;21;520
FIS-KOTWAR010886S;FIS-KOTWA PRETOWA RGM 12X160  50258;;FIS-;;;1653;21;520
FIS-KOTWAR011101S;FIS-KOTWA REAKCYJNA RGM 8X150  95698;;FIS-;;;1653;21;520
FIS-KOTWAR011102S;FIS-KOTWAREAKCYJNARGM8X250FISCHER-;;FIS-;;;1653;21;520
FIS-KOTWAR011103S;FIS-KOTWA REAKCYJNA RGM 10X190-;;FIS-;;;1653;21;520
FIS-KOTWAR011104S;FIS-KOTREAKCYJNARGM10X250FISCHER-;;FIS-;;;1653;21;520
FIS-KOTWAR011105S;FIS-KOTWA REAKCYJNA RGM 12X220 50283;;FIS-;;;1653;21;520
FIS-KOTWAR011106S;FIS-KOTWA REAKCYJNA RGM 12X250 50284;;FIS-;;;1653;21;520
FIS-KOTWAR011107S;FIS-KOTWA REAKCYJNA RGM 12X300 50285;;FIS-;;;1653;21;520
FIS-KOTWAR021009S;FIS-KOTWA REAKCYJNA RGM 16X500 FIS;;FIS-;;;1653;21;520
FIS-KOTWAR025999S;FIS-KOTWA REAKCYJNA RGM 16X190A4 FISCHER;;FIS-;;;1653;21;520
FIS-KOTWAR026276S;FIS-KOTWA REAKCYJNA RGM 12X160 A4;;FIS-;;;1653;21;520
FIS-KOTWAR026805S;FIS-KOTWA REAKCYJNA RGM 12X220 A4 FISCHE;;FIS-;;;1653;21;520
FIS-KOTWAR027024S;FIS-KOTWA REAKCYJNA RGM 30X380  FISCHER;;FIS-;;;1653;21;520
FIS-KOTWAR031633S;FIS-KOTWA REAKCYJNA RGM 16X165  A4 95704;;FIS-;;;1653;21;520
FIS-KOTWAR036744S;FIS-KOTWA REAKCYJNA RGM 20X330E FISCHER;;FIS-;;;1653;21;520
FIS-KOTWAR055317S;FIS-KOTWAREAKCYJNARGM24X30050261;;FIS-;;;1653;21;520
FIS-KOTWAR055968S;FIS-KOTWA REAKCYJNA 20X500  95725;;FIS-;;;1653;21;520
FIS-KOTWAR059760S;FIS-KOTWAREAKCYJNARGM16X250050288;;FIS-;;;1653;21;520
FIS-KOTWAR059761S;FIS-KOTWA REAKCYJNA RGM 20X260 50260;;FIS-;;;1653;21;520
FIS-KOTWAR083456S;FIS-KOTWA REAKCYJNA RGM 10X165 A4 50294;;FIS-;;;1653;21;520
FIS-KOTWAR083690S;FIS-KOTREAKCYJNARGM24X400FISCHER-;;FIS-;;;1653;21;520
FIS-KOTWAR084808S;FIS-KOTWA RG14X 90 M10 FISCHER-;;FIS-;;;1653;21;520
FIS-KOTWAR085145S;FIS-KOTWA REAKCYJNA RGM 16X300 FISCHER;;FIS-;;;1653;21;520
FIS-KOTWAR085617S;FIS-KOTWA REAKCYJNA RGM  8X110 FISCHER;;FIS-;;;1653;21;520
FIS-KOTWAR086263S;FIS-KOTWA PRETOWA RGM 16X190  50259;;FIS-;;;1653;21;520
FIS-KOTWAR086734S;FIS-KOTWA REAKCYJNA RGM 16X165 50287;;FIS-;;;1653;21;520
FIS-KOTWAR088202S;FIS-KOT REAKCYJNA RGM 20X350 FISCHER;;FIS-;;;1653;21;520
FIS-KOTWAR088672S;FIS-KOTWA REAKCYJNA RGM8X110 A4 50263;;FIS-;;;1653;21;520
FIS-KOTWAR095906S;FIS-KOTWA REAKCYJNA RGM 16X380 FISCHER;;FIS-;;;1653;21;520
FIS-KOTWAR096211S;FIS-KOTWA REAKCYJNA RGM 10X130  A4;;FIS-;;;1653;21;520
FIS-KOTWAR638873S;FIS-KOTWA REAKCYJNA RGM 30X500 95730;;FIS-;;;1653;21;520
FIS-KOTWAR643301S;FIS-KOTWA RGM KL.8.8 20X290 519447;;FIS-;;;1653;21;520
FIS-KOTWAR647520S;FIS-KOTWA REAKCYJNA RGM 24X400 95727;;FIS-;;;1653;21;520
FIS-KOTWAR697859S;FIS-KOTWA PRETOWA RG 16X190 FVZ 512250;;FIS-;;;1653;21;520
FIS-KOTWAR697860S;FIS-KOTWA PRETOWA RG 12X160 FVZ 512247;;FIS-;;;1653;21;520
FIS-KOTWAR716634S;FIS-KOTWA RG 18X125 M12 A4 50567;;FIS-;;;1653;21;520
FIS-KOTWAS087911S;FIS-KOTWA SWORZNIOWA FBN II 8/70  40777;;FIS-;;;1653;21;520
FIS-KOTWAT004861S;FIS-KOTWA FDN 6/35 (6 x 65) [78645];;FIS-;;;1653;21;520
FIS-KOTWAT004947S;FIS-KOTWA GKM   G-K  24556;;FIS-;;;1653;21;520
FIS-KOTWAT022077S;FIS-KOTWA TA M6X49    FISCHER;;FIS-;;;1653;21;520
FIS-KOTWAT025890S;FIS-KOTWA TA M12 S/25   90252;;FIS-;;;1653;21;520
FIS-KOTWAT079575S;FIS-KOTWA TA M8 BP    90265 !!WYP;;FIS-;;;1653;21;520
FIS-KOTWAT757516O;FIS-KOTWA TA M10 S/20K (2SZT.) 539966;;FIS-;;;1653;21;520
FIS-KOTWAW001684S;FIS-KOTWA WBIJANA EA II M10X40 A4  48414;;FIS-;;;1653;21;520
FIS-KOTWAW003172S;FIS-KOTWA WBIJANA EA II M8X30    48284;;FIS-;;;1653;21;520
FIS-KOTWAW010587S;FIS-KOTWA WBIJANA EA II M8X30 A4   48411;;FIS-;;;1653;21;520
FIS-KOTWAW012909S;FIS-KOTWA WBIJANA EA M10   48339;;FIS-;;;1653;21;520
FIS-KOTWAW023080S;FIS-KOTWA WBIJANA EA II M12  48406;;FIS-;;;1653;21;520
FIS-KOTWAW027193S;FIS-KOTWA WBIJANA EA II M8X40    48323;;FIS-;;;1653;21;520
FIS-KOTWAW050203S;FIS-KOTWA WBIJANA EA II M20  48409;;FIS-;;;1653;21;520
FIS-KOTWAW076517S;FIS-KOTWA WBIJANA EA II M12 A4   48415;;FIS-;;;1653;21;520
FIS-KOTWAW648815T;FIS-KOTWA WBIJANA EA II M8X40 48323;;FIS-;;;1653;21;520
FIS-KOTWAW717753S;FIS-KOTWA WBIJANA EA II M8X25 532231;;FIS-;;;1653;21;520
FIS-KOTWICA039653S;FIS-KOTWICA KD 6    80185;;FIS-;;;1653;21;520
FIS-KOTWICA087195S;FIS-KOTWICA KD 5    80187;;FIS-;;;1653;21;520
FIS-KOTWICA087258S;FIS-KOTWICA KD 3;;FIS-;;;1653;21;520
FIS-KOTWICA095126S;FIS-KOTWICA KDH5  80188;;FIS-;;;1653;21;520
FIS-KOTWICA095376S;FIS-KOTWICA KDH8  80179;;FIS-;;;1653;21;520
FIS-LACZNIK001146S;FIS-LACZNIK DO SCIAN VB    A4   FISCHER;;FIS-;;;1653;21;520
FIS-LACZNIK022942S;FIS-LACZNIK ROWNOLEGLY PV M8    FISCHER;;FIS-;;;1653;21;520
FIS-ŁAPAMOC000150S;FIS-HK 38 LAPA MOCUJACA;;FIS-;;;1653;21;520
FIS-MASA000883S;FIS-MASA HB 345 S     033211;;FIS-;;;1653;21;520
FIS-MASA00562660S;FIS-MASA HB 360 S 562660;;FIS-;;;1653;21;520
FIS-MASA009937S;FIS-MASA SELBOFIX 300;;FIS-;;;1653;21;520
FIS-MASAZY003207S;FIS-MASA ZYWICZNA  VW360S ZIMOWA  508045;;FIS-;;;1653;21;520
FIS-MASAZY010350S;FIS-MASA ZYWICZNA SB 390S   520595;;FIS-;;;1653;21;520
FIS-MASAZY011007S;FIS-MASA ZYWICZNA VT 300 T 519714;;FIS-;;;1653;21;520
FIS-MASAZY017331S;FIS-MASA ZYWICZNA VW 300 T ZIMA 507795;;FIS-;;;1653;21;520
FIS-MASAZY030764S;FIS-MASA ZYWICZNA VL410C 540986;;FIS-;;;1653;21;520
FIS-MASAZY049124S;FIS-MASA ZYWICZNA VS 150 C;;FIS-;;;1653;21;520
FIS-MASAZY079559S;FIS-MASA ZYWICZNA P  360 S 056691;;FIS-;;;1653;21;520
FIS-MASAZY079560S;FIS-MASA ZYWICZNA P  380 C;;FIS-;;;1653;21;520
FIS-MASAZY079562S;FIS-MASA ZYWICZNA P  300 T 093178;;FIS-;;;1653;21;520
FIS-MASAZY083497S;FIS-MASA ZYWICZNA EM 390;;FIS-;;;1653;21;520
FIS-MASAZY083894S;FIS-MASA ZYWICZNA VT 380 C  043999;;FIS-;;;1653;21;520
FIS-MASAZY085924S;FIS-MASA ZYWICZNA VS 100 C PP;;FIS-;;;1653;21;520
FIS-MASAZY091574S;FIS-MASA ZYWICZNAVW 360 S ZIMA043997;;FIS-;;;1653;21;520
FIS-MASAZY095181S;FIS-MASA ZYWICZNA VS 360 S;;FIS-;;;1653;21;520
FIS-MASAZY638686S;FIS-MASA ZYWICZNA EB 390S;;FIS-;;;1653;21;520
FIS-MASAZY737825P;FIS-MASA V PLUS 360S(12)+FIS AM 0575346;;FIS-;;;1653;21;520
FIS-MASAZY737826P;FIS-MASA VL 300T(12)+KPM2 PLUS 0575344;;FIS-;;;1653;21;520
FIS-MASAZY737944S;FIS-MASA ZYWICZNA V PLUS 360S 561055 +;;FIS-;;;1653;21;520
FIS-MIESZAL086036S;FIS-MIESZALNIK    FISCHER-;;FIS-;;;1653;21;520
FIS-MOCOWAN020638S;FIS-MOCOWANIE UMYWALEK WST12X150 FISCHER;;FIS-;;;1653;21;520
FIS-MOCOWAN020639S;FIS-MOCOWANIE SANITAR. UST 8X110 FISCHER;;FIS-;;;1653;21;520
FIS-MOCOWAN020640S;FIS-MOCOWANIE UMYWALEK WD 10X120 FISCHER;;FIS-;;;1653;21;520
FIS-MOCOWAN020641S;FIS-MOCOWANIE PISUARU  UST10X120  AKM;;FIS-;;;1653;21;520
FIS-MOCOWAN020642S;FIS-MOCOWANIE WC  WCN 1 CHROM   FISCHER;;FIS-;;;1653;21;520
FIS-MOCOWAN020643S;FIS-MOCOWANIE DO UMYWALEK   S8D70WCR;;FIS-;;;1653;21;520
FIS-MOCOWAN023101S;FIS-MOCOW. BALKONU BBF 5X50 59397 !!WYP;;FIS-;;;1653;21;520
FIS-MOCOWAN079578S;FIS-MOCO UMYWA WST10X140 80660;;FIS-;;;1653;21;520
FIS-MOCOWAN079579S;FIS-MOCO UMYWA.WST10X140 80660 -!!WYP;;FIS-;;;1653;21;520
FIS-MOCOWAN079580S;FIS-MOCOWANIE WC WCN 1  60561;;FIS-;;;1653;21;520
FIS-MOCOWAN079581S;FIS-MOCOWANIE BOJLERA BO 120;;FIS-;;;1653;21;520
FIS-MOCOWAN094463S;FIS-MOCOWANIE UMYWALEK WD  8X110;;FIS-;;;1653;21;520
FIS-MOCOWAN099678S;FIS-MOCOWANIE OCIEPLEN DHM 15O-;;FIS-;;;1653;21;520
FIS-MOCOWAN099708S;FIS-MOCOWANIE OCIEPLEN DTM  8O-;;FIS-;;;1653;21;520
FIS-MOCOWAN719759S;FIS-MOCOWANIE OCIEPLEN DHM 160 A2 536267;;FIS-;;;1653;21;520
FIS-MOCOWAN719760S;FIS-MOCOWANIE OCIEPLEN DHM 210 A2 536268;;FIS-;;;1653;21;520
FIS-MUFAVM024753S;FIS-MUFA VM M8;;FIS-;;;1653;21;520
FIS-NAB0JK024237S;FIS-NABOJ KLEJOWY RM16    FISCHER/H;;FIS-;;;1653;21;520
FIS-NAB0JK024238S;FIS-NABOJ KLEJOWY RM12    FISCHER/H;;FIS-;;;1653;21;520
FIS-NAB0JK027023S;FIS-NABOJ KLEJOWY RM30    FISCHER;;FIS-;;;1653;21;520
FIS-NAB0JK033694S;FIS-NABOJ RSB 16 MINI 518824;;FIS-;;;1653;21;520
FIS-NAB0JK649508S;FIS-NABOJ RSB 16 518825;;FIS-;;;1653;21;520
FIS-NABOJ000881S;FIS-NABOJ 10X60   FHB II-P    FISCHER;;FIS-;;;1653;21;520
FIS-NABOJ088680S;FIS-NABOJ 12X75 FHB II-P    96848;;FIS-;;;1653;21;520
FIS-NABOJ093120S;FIS-NABOJ20X210  FHBII-P  96846 ;;FIS-;;;1653;21;520
FIS-NABOJ1020275S;FIS-NABOJ 12X120   FHB II-P    FISCHER;;FIS-;;;1653;21;520
FIS-NABOJ1021490S;FIS-NABOJ 12X95    FHB II-P    FISCHER;;FIS-;;;1653;21;520
FIS-NABOJ1022754S;FIS-NABOJ 16X160   FHS II-P    FISCHER;;FIS-;;;1653;21;520
FIS-NABOJ1024775S;FIS-NABOJ 16X95    FHB II-PF    FISCHER;;FIS-;;;1653;21;520
FIS-NABOJ1098926S;FIS-NABOJ 16X95    FHS II-P    FISCHER;;FIS-;;;1653;21;520
FIS-NABOJ1099590S;FIS-NABOJ 12X75    FHS II-P    FISCHER;;FIS-;;;1653;21;520
FIS-NABOJK638874S;FIS-NABOJ RSB 30 518829;;FIS-;;;1653;21;520
FIS-NABOJM084999S;FIS-NABOJ MLOTKOWY FHP  10    FISCHER;;FIS-;;;1653;21;520
FIS-NABOJM085000S;FIS-NABOJ MLOTKOWY FHP 12  FISCHER;;FIS-;;;1653;21;520
FIS-NAKETKA000000S;FIS-NAKRETKA WIENCOWA BU M 10 MH 60201;;FIS-;;;1653;21;520
FIS-NAKETKA040699S;FIS-NAKRETKA WIENCOWA BU M 10 MH 60201;;FIS-;;;1653;21;520
FIS-OBCEGI085983S;FIS-OBCEGI MONTAZOWE HMZ-2 62321;;FIS-;;;1653;21;520
FIS-OBCEGI094100S;FIS-OBCEGI MONTAZOWE HMZ 1    FISCHER;;FIS-;;;1653;21;520
FIS-ODRDZEW013832O;FIS-ODRDZEWIACZ-SPRAY    300ML 512732;;FIS-;;;1653;21;520
FIS-OLEJTCH013833O;FIS-OLEJ TECHNICZNY-SPRAY 500ML 512733;;FIS-;;;1653;21;520
FIS-PIANAP744097S;FIS-PIANA PISTOLETOWA 750ML 568432;;FIS-;;;1653;21;520
FIS-PLYTA000000S;FIS-PLYTA CZOLOWA GPL M10 79666;;FIS-;;;1653;21;520
FIS-PLYTA003217S;FIS-PLYTA CZOLOWA GPS 3/4” [2968];;FIS-;;;1653;21;520
FIS-PLYTA645396S;FIS-PLYTA CZOLOWA GPL M8 79665;;FIS-;;;1653;21;520
FIS-PLYTKA059742S;FIS-WSUWANA PLYTKA NAGWI. SM38 M8 79600;;FIS-;;;1653;21;520
FIS-PLYTKA087910S;FIS-PLYTKA PRZESUWNA SM 38 M10 79601;;FIS-;;;1653;21;520
FIS-PŁYTKA000153S;FIS-SM 38 M10 PLYTKA PRZESUWNA;;FIS-;;;1653;21;520
FIS-POBIJAK010881S;FIS-POBIJAK WH 8X40 PLUS   44632;;FIS-;;;1653;21;520
FIS-POBIJAK010882S;FIS-POBIJAK WH 10  PLUS 44633;;FIS-;;;1653;21;520
FIS-POBIJAK010883S;FIS-POBIJAK WH 12    FISCHER;;FIS-;;;1653;21;520
FIS-POBIJAK025919S;FIS-POBIJAK WH 6    FISCHER;;FIS-;;;1653;21;520
FIS-PODKLAD059942S;FIS-PODKLADKA U 8X40 79729;;FIS-;;;1653;21;520
FIS-PODKLAD083598S;FIS-PODKLADKA U 10X40 79730;;FIS-;;;1653;21;520
FIS-PODKLAD087373S;FIS-PODKLADKA M08  HG 27  79595;;FIS-;;;1653;21;520
FIS-PODKLAD098097S;FIS-PODKLADKA M10  HG 38  FISCHER;;FIS-;;;1653;21;520
FIS-PODKLAD098566S;FIS-PODKLADKA M08  HG 38  24687;;FIS-;;;1653;21;520
FIS-POMPKA711319T;FIS-POMPKA PRZEDMUCHOWA ABG 567792;;FIS-;;;1653;21;520
FIS-PRETM001230S;FIS-PRET FIS A M10X130  90279;;FIS-;;;1653;21;520
FIS-PRETM001720S;FIS-PRET FIS A M10X150  90281;;FIS-;;;1653;21;520
FIS-PRETM001771S;FIS-PRET FIS A M16X130  44972;;FIS-;;;1653;21;520
FIS-PRETM002559S;FIS-PRET FIS A M12X140 8.8  519398;;FIS-;;;1653;21;520
FIS-PRETM003127S;FIS-PRET A M 16X200 [90289];;FIS-;;;1653;21;520
FIS-PRETM003129S;FIS-PRET A M 12X210 [90286];;FIS-;;;1653;21;520
FIS-PRETM003136S;FIS-PRET A M 16X250;;FIS-;;;1653;21;520
FIS-PRETM003216S;FIS-PRET GWINTOWANY 3/4'' [77580];;FIS-;;;1653;21;520
FIS-PRETM003595S;FIS-PRET A M 10X200  90282;;FIS-;;;1653;21;520
FIS-PRETM003597S;FIS-PRET A M 10X160  44969;;FIS-;;;1653;21;520
FIS-PRETM009567S;FIS-PRET A M 16X175     90288;;FIS-;;;1653;21;520
FIS-PRETM012908S;FIS-PRET A M 12X160  90284;;FIS-;;;1653;21;520
FIS-PRETM015087S;FIS  FHB  II-A L  M16X125/100    506905;;FIS-;;;1653;21;520
FIS-PRETM020274S;FIS-KOTWA FHB II-A L M12X120/60  [97014];;FIS-;;;1653;21;520
FIS-PRETM022753S;FIS-KOTWA FHB II-A L M16X160/30  [97035];;FIS-;;;1653;21;520
FIS-PRETM098927S;FIS-PRET M16X95/60 FHS II-A;;FIS-;;;1653;21;520
FIS-PRETM099592S;FIS-KOTWA FHB II-A S M12X75/25  [97268];;FIS-;;;1653;21;520
FIS-PRETM635425S;FIS-PRET FIS A M20X245 8.8  519404;;FIS-;;;1653;21;520
FIS-PRETM641269S;FIS-PRET FIS A M16X130 A4 44975;;FIS-;;;1653;21;520
FIS-PRETM642859S;FIS-PRET FIS A M12X120 44971;;FIS-;;;1653;21;520
FIS-PRETM645300S;INOX-FIS-PRET A M 12X160 R 90451;;FIS-;INOX-;;1653;21;520
FIS-PRETM647299S;FIS-PRET FIS A M12X120 A4 44974;;FIS-;;;1653;21;520
FIS-PRETM652816S;FIS-PRET A M 12X120_5.8 44971;;FIS-;;;1653;21;520
FIS-PRETM697792S;FIS-PRET FIS A M16X175 8.8 519401;;FIS-;;;1653;21;520
FIS-PRETM706073S;FIS-PRET FIS A M10X110 A4 90444;;FIS-;;;1653;21;520
FIS-REGALD079745S;FIS-REGAL DUZY    FISCHER;;FIS-;;;1653;21;520
FIS-REGALP004862S;FIS-REGAL FISCHER POLKA [19100420];;FIS-;;;1653;21;520
FIS-REGALS004863S;FIS-REGAL FISCHER STELAZ [19100402];;FIS-;;;1653;21;520
FIS-RURKAP095377S;FIS-RURKA PRZEDLUZAJACA;;FIS-;;;1653;21;520
FIS-SILIKON079749S;FIS-SILIKON BUDOW.BIALY 300ML 79488;;FIS-;;;1653;21;520
FIS-SILIKON079750S;FIS-SILIKON UNIW. SZARY 300ML 79530;;FIS-;;;1653;21;520
FIS-SILIKON079751S;FIS-AKRYL BIALY 300ML  79531;;FIS-;;;1653;21;520
FIS-SRUBA000149S;FIS-FHS CLIX 10X40 SRUBA Z LBEM MLOTECZ.;;FIS-;;;1653;21;520
FIS-SRUBAD070649S;FIS-ULTRACUT FBSII  8X80 30/15 US 536853;;FIS-;;;1653;21;520
FIS-SRUBAD651139S;FIS-SRUBA DO BET.FBS II 12x85 536870;;FIS-;;;1653;21;520
FIS-SRUBADO656564S;FIS-SRUBA DO BET.FBS II 8x 90 536854;;FIS-;;;1653;21;520
FIS-STOPKA059730S;FIS-STOPKA SIODLOWA SF L 38   79586;;FIS-;;;1653;21;520
FIS-STOPKA088782S;FIS-STOPKA SIODLOWA SF SF Q 27;;FIS-;;;1653;21;520
FIS-STOPKA088783S;FIS-STOPKA SIODLOWA SF SF F 27;;FIS-;;;1653;21;520
FIS-STOPKA637985S;FIS-STOPKA SIODLOWA SF CLIX 31 538665;;FIS-;;;1653;21;520
FIS-SZCZOTK079569S;FIS-SZCZOTKA  1420    FISCHER;;FIS-;;;1653;21;520
FIS-SZCZOTK095018S;FIS-SZCZOTKA  2030    FISCHER;;FIS-;;;1653;21;520
FIS-SZCZOTK099496S;FIS-SZCZOTKA  M12 BS    FISCHER;;FIS-;;;1653;21;520
FIS-SZCZOTK099498S;FIS-SZCZOTKA  10 DO FISUPM    FISCHER;;FIS-;;;1653;21;520
FIS-SZCZOTK640637S;FIS-SZCZOTKA DO BETONU BSM24 UPM 78182;;FIS-;;;1653;21;520
FIS-SZCZOTK640638S;FIS-SZCZOTKA DO BETONU BSM28 UPM 78183;;FIS-;;;1653;21;520
FIS-SZCZOTKA S;FIS-SZCZOTKA DO BETONU BSM14 UPM 78180;;FIS-;;;1653;21;520
FIS-SZPIC079150S;FIS-SZPIC SDS-MAX  27/600       504283;;FIS-;;;1653;21;520
FIS-SZYNA637983S;FIS-SZYNA MONTAZ. FLS 37/1.2- 6m 538759;;FIS-;;;1653;21;520
FIS-SZYNAM000160S;FIS-SZYNA MONTAZOWA MS 38/40 3m 79559;;FIS-;;;1653;21;520
FIS-SZYNAM001630S;FIS-SZYNA MONTAZOWA MS 28/30 3m 79558;;FIS-;;;1653;21;520
FIS-SZYNAM006249S;FIS-SZYNA MONTAZOWA 6M  MS 40/60 FISCHER;;FIS-;;;1653;21;520
FIS-SZYNAM011304S;FIS-SZYNA MONTAZOWA MS 38/40 2m 79562;;FIS-;;;1653;21;520
FIS-SZYNAM039731S;FIS-SZYNA MONTAZOWA MS 27/18 3m 79557;;FIS-;;;1653;21;520
FIS-SZYNAM043001S;FIS-SZYNA MONTAŻOWA 3M  MS 38/40 FISCHER;;FIS-;;;1653;21;520
FIS-SZYNAM095883S;FIS-SZYNA MONTAZ 2MMS 2718 FISCHER;;FIS-;;;1653;21;520
FIS-TARCZA051725S;FIS-FFD-AP 125 K60 INOX TAR LAMEL.512527;;FIS-;;;1653;21;520
FIS-THERMAX016686S;FIS-THERMAX 10/100 M10  045702;;FIS-;;;1653;21;520
FIS-THERMAX022490S;FIS-THERMAX 16170 M12 B    FISCHER;;FIS-;;;1653;21;520
FIS-THERMAX022491S;FIS-THERMAX 12110 M12    FISCHER;;FIS-;;;1653;21;520
FIS-THERMAX022492S;FIS-THERMAX 16/170 M12  51293;;FIS-;;;1653;21;520
FIS-THERMAX024429S;FIS-THERMAX 10/220 M10 514258;;FIS-;;;1653;21;520
FIS-THERMAX025920S;FIS-THERMAX 10/140 M6 45694 !!WYP;;FIS-;;;1653;21;520
FIS-THERMAX025921S;FIS-THERMAX 8/140 M6 45689;;FIS-;;;1653;21;520
FIS-THERMAX080445S;FIS-THERMAX 10/160 M10  045705;;FIS-;;;1653;21;520
FIS-THERMAX098997S;FIS-THERMAX 10100 M8FISCHER-;;FIS-;;;1653;21;520
FIS-THERMAX098998S;FIS-THERMAX 10120 M8    FISCHER;;FIS-;;;1653;21;520
FIS-TULEJA000000S;FIS-TULEJA WBIJANA FNH8X90 FISCHER19867;;FIS-;;;1653;21;520
FIS-TULEJA003478S;FIS-TULEJA WKLEJANA  M8  E 11X85 [43632];;FIS-;;;1653;21;520
FIS-TULEJA026310S;FIS-TULEJA WBIJANA FNH8X110 FISCHER19868;;FIS-;;;1653;21;520
FIS-TULEJA027055S;FIS-TULEJA METALOWA H 22X1000L [45301];;FIS-;;;1653;21;520
FIS-TULEJA027201S;FIS-TULEJA SIATKOWA H 22X1000A;;FIS-;;;1653;21;520
FIS-TULEJA039509S;FIS-TULEJA RG 18X125 M12 I 050562;;FIS-;;;1653;21;520
FIS-TULEJA039518S;FIS-TULEJA12X90 M8 I 50552;;FIS-;;;1653;21;520
FIS-TULEJA049125S;FIS-TULEJA KOTWY H 16X80;;FIS-;;;1653;21;520
FIS-TULEJA049126S;FIS-TULEJA SIATKOWA M12-;;FIS-;;;1653;21;520
FIS-TULEJA049127S;FIS-TULEJA SIATKOWA M16;;FIS-;;;1653;21;520
FIS-TULEJA050835S;FIS-TULEJA PS M16    517873;;FIS-;;;1653;21;520
FIS-TULEJA071730S;FIS-TULEJA15X85 M10  [043633];;FIS-;;;1653;21;520
FIS-TULEJA079565S;FIS-TULEJA KOTWY H 14X90;;FIS-;;;1653;21;520
FIS-TULEJA080651S;FIS-TULEJA KOTWY H 16X85 N;;FIS-;;;1653;21;520
FIS-TULEJA080652S;FIS-TULEJA KOTWY H 20X85 N;;FIS-;;;1653;21;520
FIS-TULEJA080653S;FIS-TULEJA SIATKOWA M22;;FIS-;;;1653;21;520
FIS-TULEJA084433S;FIS-TULEJA SIATKOWA METALOWA H 20X75 M;;FIS-;;;1653;21;520
FIS-TULEJA084781S;FIS-TULEJA KOTWY H 20X75 M;;FIS-;;;1653;21;520
FIS-TULEJA084807S;FIS-TULEJA KOTWY H 18X85 N;;FIS-;;;1653;21;520
FIS-TULEJA085001S;FIS-TULEJA SIATKOWA H 12X60 K;;FIS-;;;1653;21;520
FIS-TULEJA085002S;FIS-TULEJA SIATKOWA H 12X80 K;;FIS-;;;1653;21;520
FIS-TULEJA085128S;FIS-TULEJA SIATKOWA H 16X130 K 41903;;FIS-;;;1653;21;520
FIS-TULEJA086070S;FIS-TULEJA SIATKOWA H 16X85 K 53336;;FIS-;;;1653;21;520
FIS-TULEJA086071S;FIS-TULEJA SIATKOWA H 14X90 K;;FIS-;;;1653;21;520
FIS-TULEJA097583S;FIS-TULEJA CENTRUJACA PBZ;;FIS-;;;1653;21;520
FIS-TULEJA645905S;FIS-TULEJA WKLEJANA M8  E 11X85 43632;;FIS-;;;1653;21;520
FIS-WB9N020889S;FIS-WB 9 N KOMPLET-;;FIS-;;;1653;21;520
FIS-WIERTAR050094S;FIS-WIERTARKA DO KOTEW FZP II AKU 46237;;FIS-;;;1653;21;520
FIS-WIERTŁO013882S;FIS-WIER KORONOWE SDS-PLUS80MM LEKK;;FIS-;;;1653;21;520
FIS-WIERTŁO014229S;FIS-WIERTLO KORONOWE SDS-PLUS  65MM LEKK;;FIS-;;;1653;21;520
FIS-WIERTŁO024182S;FIS-WIERTLO SDS+ 110/4MM  FISCHER;;FIS-;;;1653;21;520
FIS-WIERTŁO024184S;FIS-WIERTLO SDS+ 160/11MM  FISCHER;;FIS-;;;1653;21;520
FIS-WIERTŁO024185S;FIS-WIERTLO SDS+ 460/22MM  FISCHER;;FIS-;;;1653;21;520
FIS-WIERTŁO024186S;FIS-WIERTLO HM 3.0MM    FISCHER;;FIS-;;;1653;21;520
FIS-WIERTŁO024187S;FIS-WIERTLO HM 7.0MM    FISCHER;;FIS-;;;1653;21;520
FIS-WIERTŁO024188S;FIS-WIERTLO HM 200/10MM    FISCHER;;FIS-;;;1653;21;520
FIS-WIERTŁO024194S;FIS-WIERTLO SDS+ 110/4MM    FISCHER;;FIS-;;;1653;21;520
FIS-WIERTŁO024195S;FIS-WIERTLO SDS+ 460/22MM    FISCHER;;FIS-;;;1653;21;520
FIS-WIERTŁO024196S;FIS-WIERTLO HM 3.0MM    FISCHER;;FIS-;;;1653;21;520
FIS-WIERTŁO024197S;FIS-WIERTLO SDS+ 160/11MM    FISCHER;;FIS-;;;1653;21;520
FIS-WIERTŁO079846S;FIS-WIERTLO SDS+ 210/10MM    FISCHER;;FIS-;;;1653;21;520
FIS-WIERTŁO079855S;FIS-WIERTLO SDS+ II 6X100/160 531766;;FIS-;;;1653;21;520
FIS-WIERTŁO079858S;FIS-WIERTLO SDS+ II 8X150/210 531781;;FIS-;;;1653;21;520
FIS-WIERTŁO079859S;FIS-WIERTLO SDS+ II 10X100/160 531792;;FIS-;;;1653;21;520
FIS-WIERTŁO079862S;FIS-WIERTLO SDS SUPER 310/12MM   FISCHER;;FIS-;;;1653;21;520
FIS-WIERTŁO079864S;FIS-WIERTLO HM 8.0MM    FISCHER;;FIS-;;;1653;21;520
FIS-WIERTŁO080640S;FIS-WIERTLO SDS+ II 14X150/210 531816;;FIS-;;;1653;21;520
FIS-WIERTŁO088706S;FIS-WIERTLO SDS+ II 14X200/260 531817;;FIS-;;;1653;21;520
FIS-WIERTŁO090248S;FIS-WIERTLO SDS MAX  24/540    FISCHER;;FIS-;;;1653;21;520
FIS-WIERTŁO094219S;FIS-WIERTLO HM 5.0MM    FISCHER;;FIS-;;;1653;21;520
FIS-WIERTŁO094220S;FIS-WIERTLO HM 12.0MM    FISCHER;;FIS-;;;1653;21;520
FIS-WIESZAK003716S;FIS-WIESZAK LUSTRA SKL M-K   [45490];;FIS-;;;1653;21;520
FIS-WKRET0006130S;FIS-WKRET 6KT 7X85    FISCHER-;;FIS-;;;1653;21;520
FIS-WKRET036436S;U03.5X050-US-PZ-A  WKR.STOZ FIS-651101;;FIS-;U03.5X050-US-PZ-A  WKR.STOZ;;1653;21;520
FIS-WKRET040457T;FIS-WKRET FPS-FPB 4.2X13 ZPF 40457;;FIS-;;;1653;21;520
FIS-WKRET6006579S;FIS-WKRET 6KT 10X105    FISCHER;;FIS-;;;1653;21;520
FIS-WKRET6006581S;FIS-WKRET 6KT 10X140    FISCHER;;FIS-;;;1653;21;520
FIS-WKRET6089085S;FIS-WKRET 6KT 7X85    FISCHER;;FIS-;;;1653;21;520
FIS-WKRET744096T;FIS-WKRET FPF II CTF 4X50 FISCHER 670163;;FIS-;;;1653;21;520
FIS-WKRETS013098S;FIS-FSP-ST 4.5x45 ZPP-B-TX 040846;;FIS-;;;1653;21;520
FIS-WKRETT009066S;FIS-WKR.TARAS. FTS-ST 5.0X60 A2 P 660606;;FIS-;;;1653;21;520
FIS-WKRETZ011464S;FIS-WKR Z UCHEM GS 12X90FISCHER-;;FIS-;;;1653;21;520
FIS-WKRETZ049731S;FIS-WKRET Z UCHEM GS 12X230    FISCHER;;FIS-;;;1653;21;520
FIS-WKRETZ051971S;FIS-WKRET Z UCHEM GS 12X160FIS-;;FIS-;;;1653;21;520
FIS-WKRETZ051974S;FIS-WKRETZUCHEMGS12X120FISCHER;;FIS-;;;1653;21;520
FIS-WKRETZ088698S;FIS-WKRET Z UCHEM GS  8X80    FISCHER;;FIS-;;;1653;21;520
FIS-WKRETZ095125S;FIS-WKRET Z UCHEM GS  8X100    FISCHER;;FIS-;;;1653;21;520
FIS-WKROK005264S;FIS- 7.5X042-B WKRET OKIENNY NR 62379;;FIS-;;;1653;21;520
FIS-WKROK005265S;FIS- 7.5X062-B WKRET OKIENNY NR 62396;;FIS-;;;1653;21;520
FIS-WSPRALK0   S;FIS-WSPORNIK ALK 28/30-400;;FIS-;;;1653;21;520
FIS-WSPRALK000971S;FIS-WSPORNIK ALK 28/30-600;;FIS-;;;1653;21;520
FIS-WSPRALK000972S;FIS-WSPORNIK ALK 28/30-440;;FIS-;;;1653;21;520
FIS-WSPRALK001432S;FIS-WSPORNIK ALK 38/40-440;;FIS-;;;1653;21;520
FIS-WSPRALK024249S;FIS-WSPORNIK ALK 27/18-200;;FIS-;;;1653;21;520
FIS-WSPRALK025638S;FIS-WSPORNIK ALK 28/30-300;;FIS-;;;1653;21;520
FIS-WSPRALK038453S;FIS-WSPORNIK ALK 28/30-400;;FIS-;;;1653;21;520
FIS-WSPRALK059466S;FIS-WSPORNIK ALK 38/40-600;;FIS-;;;1653;21;520
FIS-ZACZEP006252S;FIS-KLAMRA TKR  82    504366;;FIS-;;;1653;21;520
FIS-ZAPRAWA001217S;FIS-ZAPRAWA EM PLUS 390S  544155;;FIS-;;;1653;21;520
FIS-ZAPRAWA024062S;FIS-ZAPRAWA EM390S   93049;;FIS-;;;1653;21;520
FIS-ZAPRAWA050834S;FIS-ZAPRAWA PM360S   517874;;FIS-;;;1653;21;520
FIS-ZASLEPK020811T;FIS-ZASLEPKA BRAZ   FFS-A BR;;FIS-;;;1653;21;520
FIS-ZASLEPK031620T;FIS-ZASLEPKA ADF 12W  60275;;FIS-;;;1653;21;520
FIS-ZASLEPK083829S;FIS-AK 27/18 ZASLEPKI DO SZYN  79565;;FIS-;;;1653;21;520
FIS-ZASLEPK088622T;FIS-ZASLEPKA BIALA  FFS-A W;;FIS-;;;1653;21;520
FIS-ZASLEPK094464S;FIS-ZASLEPKA AKM 10CR  CHROM-;;FIS-;;;1653;21;520
FIS-ZASLEPK094465S;FIS-ZASLEPKA AKM 12CR  CHROM-;;FIS-;;;1653;21;520
FIS-ZASOBNI010888S;FIS-ZASOBNIK REAKCYJNY RM 8FISCHER;;FIS-;;;1653;21;520
FIS-ZASOBNI010889S;FIS-ZASOBNIK REAKCYJNY RM 10  50271;;FIS-;;;1653;21;520
FIS-ZASOBNI010890S;FIS-ZASOBNIK REAKCYJNY RM 12  539798;;FIS-;;;1653;21;520
FIS-ZASOBNI020660S;FIS-ZASOBNIK REAKCYJNY RM 16 E  FISCHER;;FIS-;;;1653;21;520
FIS-ZASOBNI020661S;FIS-ZASOBNIK REAKCYJNY RM 20 E  FISCHER;;FIS-;;;1653;21;520
FIS-ZASOBNI026600S;FIS-ZASOBNIK REAKCYJNY RM 20E  FISCHER;;FIS-;;;1653;21;520
FIS-ZASOBNI044079S;FIS-ZASOBNIK REAKCYJNY RM 24  50275;;FIS-;;;1653;21;520
FIS-ZASOBNI054392S;FIS-ZASOBNIK REAKCYJNY RM 16  539800;;FIS-;;;1653;21;520
FIS-ZASOBNI055593S;FIS-ZASOBNIK REAKCYJ RM 20 FISCHER;;FIS-;;;1653;21;520
FIS-ZASOBNI0647521;FIS-ZASOBNIK REAKCYJNY RM II 24  539803;;FIS-;;;1653;21;520
FIS-ZASOBNI648385S;FIS-ZASOBNIK REAKCYJNY RMII 20/22 539802;;FIS-;;;1653;21;520
FIS-ZAWIESZ000156S;FIS-ZAWIESZKA  TZ  M8    64094;;FIS-;;;1653;21;520
FIS-ZAWIESZ080158S;FIS-ZAWIESZKA  TZH M8    FISCHER;;FIS-;;;1653;21;520
FIS-ZAWIESZ080159S;FIS-ZAWIESZKA  TZH M10    FISCHER;;FIS-;;;1653;21;520
FIS-ZAWIESZ081902S;FIS-ZAWIESZKA  TZ  M10  64095;;FIS-;;;1653;21;520
FIS-ZAWIESZ099804S;FIS-ZAWIESZKA  RAH M8    FISCHER;;FIS-;;;1653;21;520
FIS-ZESTAW020286S;FIS-ZESTAW ROBOCZY V;;FIS-;;;1653;21;520
FIS-ZESTAW096007S;FIS-ZESTAW ROBOCZY V MONTAZOWY;;FIS-;;;1653;21;520
FIS-ZLACZKA089565S;FIS-ZLACZKA DO SZYN SV 38  79661;;FIS-;;;1653;21;520
FIS-ZLACZKA091148S;FIS-ZLACZKA REDUKCYJNA M10M8;;FIS-;;;1653;21;520
FIS-ZLACZKA095378S;FIS-ZLACZKA REDUKCYJNA M 6M8;;FIS-;;;1653;21;520
FIS-ZLACZKA095379S;FIS-ZLACZKA REDUKCYJNA RD M8/M6 20936;;FIS-;;;1653;21;520
FIS-ZLACZKA095380S;FIS-ZLACZKA REDUKCYJNA M12M10-;;FIS-;;;1653;21;520
FIS-ZLACZKA095381S;FIS-ZLACZKA REDUKCYJNA M12M10RDM 79414;;FIS-;;;1653;21;520
FIS-ZLACZKA095382S;FIS-ZLACZKA REDUKCYJNA M10M8   RDM;;FIS-;;;1653;21;520
FIS-ZMYWACZ055217S;FIS-ZMYWACZ DO PISTOLETU;;FIS-;;;1653;21;520
FIS-ZNACZNI010818S;FIS-ZNACZNIK TBZ 2    60584;;FIS-;;;1653;21;520
I1101050010A47933T;INOX-S05.0X010-6K-A4 70 SRUBA DIN933;;I1101;INOX Śruby INOX-S05.0X010-6K-A4 70 SRUBA DIN933;a4-70;3189;2;3171
I1101050055A2933T;INOX-S05.0X055-6K-A2 SRUBA DIN933;;I1101;INOX Śruby INOX-S05.0X055-6K-A2 SRUBA DIN933;a2-stal-nierdzewna;3189;2;3171
I1101060110A2D933S;INOX-S06.0X110-6K-A2 SRUBA DIN933;;I1101;INOX Śruby INOX-S06.0X110-6K-A2 SRUBA DIN933;a2-stal-nierdzewna;3189;2;3171
I1101080140A2D933S;INOX-S08.0X140-6K-A2- SRUBA DIN933;;I1101;INOX Śruby INOX-S08.0X140-6K-A2- SRUBA DIN933;a2-stal-nierdzewna;3189;2;3171
I1101100160A4D933S;INOX-S10.0X160-6K-A4-80 SRUBA DIN933;;I1101;INOX Śruby INOX-S10.0X160-6K-A4-80 SRUBA DIN933;a4-stal-kwasoodporna;3189;2;3171
I1101140090A2D933S;INOX-S14.0X090-6K-A2 SRUBA DIN933;;I1101;INOX Śruby INOX-S14.0X090-6K-A2 SRUBA DIN933;a2-stal-nierdzewna;3189;2;3171
I1101140100A2D933S;INOX-S14.0X100-6K-A2 SRUBA DIN933;;I1101;INOX Śruby INOX-S14.0X100-6K-A2 SRUBA DIN933;a2-stal-nierdzewna;3189;2;3171
I1101200100A4D933S;INOX-S20.0X100-6K-A4 SRUBA DIN933;;I1101;INOX Śruby INOX-S20.0X100-6K-A4 SRUBA DIN933;a4-stal-kwasoodporna;3189;2;3171
I1101220040A2D933S;INOX-S22.0X040-6K-A2- SRUBA DIN933;;I1101;INOX Śruby INOX-S22.0X040-6K-A2- SRUBA DIN933;a2-stal-nierdzewna;3189;2;3171
I1101220050A2D933S;INOX-S22.0X050-6K-A2- SRUBA DIN933;;I1101;INOX Śruby INOX-S22.0X050-6K-A2- SRUBA DIN933;a2-stal-nierdzewna;3189;2;3171
I1101220060A2D933S;INOX-S22.0X060-6K-A2- SRUBA DIN933;;I1101;INOX Śruby INOX-S22.0X060-6K-A2- SRUBA DIN933;a2-stal-nierdzewna;3189;2;3171
I1101220070A2D933S;INOX-S22.0X070-6K-A2- SRUBA DIN933;;I1101;INOX Śruby INOX-S22.0X070-6K-A2- SRUBA DIN933;a2-stal-nierdzewna;3189;2;3171
I1101220090A2D933S;INOX-S22.0X090-6K-A2- SRUBA DIN933;;I1101;INOX Śruby INOX-S22.0X090-6K-A2- SRUBA DIN933;a2-stal-nierdzewna;3189;2;3171
I1101220100A2D933S;INOX-S22.0X100-6K-A2- SRUBA DIN933;;I1101;INOX Śruby INOX-S22.0X100-6K-A2- SRUBA DIN933;a2-stal-nierdzewna;3189;2;3171
I1101240040A2D933S;INOX-S24.0X040-6K-A2- SRUBA DIN933;;I1101;INOX Śruby INOX-S24.0X040-6K-A2- SRUBA DIN933;a2-stal-nierdzewna;3189;2;3171
I1101240050A2D933S;INOX-S24.0X050-6K-A2- SRUBA DIN933;;I1101;INOX Śruby INOX-S24.0X050-6K-A2- SRUBA DIN933;a2-stal-nierdzewna;3189;2;3171
I1101240060A2D933S;INOX-S24.0X060-6K-A2- SRUBA DIN933;;I1101;INOX Śruby INOX-S24.0X060-6K-A2- SRUBA DIN933;a2-stal-nierdzewna;3189;2;3171
I1101240070A2D933S;INOX-S24.0X070-6K-A2- SRUBA DIN933;;I1101;INOX Śruby INOX-S24.0X070-6K-A2- SRUBA DIN933;a2-stal-nierdzewna;3189;2;3171
I1119050040A2D444T;INOX-S05.0X040-SO-A2-16 SRUBA OCZ.DIN444;;I1119;INOX Śruby INOX-S05.0X040-SO-A2-16 SRUBA OCZ.DIN444;a2-stal-nierdzewna;163;2;153
I1119120120A2D444T;INOX-S12.0X120-SO-A2-30 SRUBA OCZ.DIN444;;I1119;INOX Śruby INOX-S12.0X120-SO-A2-30 SRUBA OCZ.DIN444;a2-stal-nierdzewna;163;2;153
I1119120130A2D444T;INOX-S12.0X130-SO-A2-36 SRUBA OCZ.DIN444;;I1119;INOX Śruby INOX-S12.0X130-SO-A2-36 SRUBA OCZ.DIN444;a2-stal-nierdzewna;163;2;153
I1119120140A2D444T;INOX-S12.0X140-SO-A2-36 SRUBA OCZ.DIN444;;I1119;INOX Śruby INOX-S12.0X140-SO-A2-36 SRUBA OCZ.DIN444;a2-stal-nierdzewna;163;2;153
I1119160160A2D444T;INOX-S16.0X160-SO-A2-44 SRUBA OCZ.DIN444;;I1119;INOX Śruby INOX-S16.0X160-SO-A2-44 SRUBA OCZ.DIN444;a2-stal-nierdzewna;163;2;153
I1119160160A4D444T;INOX-S16.0X160-SO-A4-44 SRUBA OCZ.DIN444;;I1119;INOX Śruby INOX-S16.0X160-SO-A4-44 SRUBA OCZ.DIN444;a4-stal-kwasoodporna;163;2;153
I1119200160A2D444T;INOX-S20.0X160-SO-A2-52 SRUBA OCZ.DIN444;;I1119;INOX Śruby INOX-S20.0X160-SO-A2-52 SRUBA OCZ.DIN444;a2-stal-nierdzewna;163;2;153
I1119200160A4D444T;INOX-S20.0X160-SO-A4-52 SRUBA OCZ.DIN444;;I1119;INOX Śruby INOX-S20.0X160-SO-A4-52 SRUBA OCZ.DIN444;a4-stal-kwasoodporna;163;2;153
I1119240160A2D444T;INOX-S24.0X160-SO-A2-60 SRUBA OCZ.DIN444;;I1119;INOX Śruby INOX-S24.0X160-SO-A2-60 SRUBA OCZ.DIN444;a2-stal-nierdzewna;163;2;153
I1119240160A4D444T;INOX-S24.0X160-SO-A4-60 SRUBA OCZ.DIN444;;I1119;INOX Śruby INOX-S24.0X160-SO-A4-60 SRUBA OCZ.DIN444;a4-stal-kwasoodporna;163;2;153
I116101/226A2D910T;"""INOX-G  1/2""""X026-IM-A2- SW19 DIN910""";;I1161;"INOX Śruby ""INOX-G  1/2""""X026-IM-A2- SW19 DIN910""";a2-stal-nierdzewna;106;2;59
I116101/226A4D910T;"""INOX-G  1/2""""X026-IM-A4- SW19 DIN910""";;I1161;"INOX Śruby ""INOX-G  1/2""""X026-IM-A4- SW19 DIN910""";a4-stal-kwasoodporna;106;2;59
I116101/421A2D910T;"""INOX-G  1/4""""X021-IM-A2- SW13 DIN910""";;I1161;"INOX Śruby ""INOX-G  1/4""""X021-IM-A2- SW13 DIN910""";a2-stal-nierdzewna;106;2;59
I116101/421A4D910T;"""INOX-G  1/4""""X021-IM-A4- SW13 DIN910""";;I1161;"INOX Śruby ""INOX-G  1/4""""X021-IM-A4- SW13 DIN910""";a4-stal-kwasoodporna;106;2;59
I116101/817A2D910T;"""INOX-G  1/8""""X017-IM-A2- SW10 DIN910""";;I1161;"INOX Śruby ""INOX-G  1/8""""X017-IM-A2- SW10 DIN910""";a2-stal-nierdzewna;106;2;59
I116101/817A4D910T;"""INOX-G  1/8""""X017-IM-A4- SW10 DIN910""";;I1161;"INOX Śruby ""INOX-G  1/8""""X017-IM-A4- SW10 DIN910""";a4-stal-kwasoodporna;106;2;59
I1161034030A2D910T;"""INOX-G  3/4""""X030-IM-A2- SW24 DIN910""";;I1161;"INOX Śruby ""INOX-G  3/4""""X030-IM-A2- SW24 DIN910""";a2-stal-nierdzewna;106;2;59
I1161034030A4D910T;"""INOX-G  3/4""""X030-IM-A4- SW24 DIN910""";;I1161;"INOX Śruby ""INOX-G  3/4""""X030-IM-A4- SW24 DIN910""";a4-stal-kwasoodporna;106;2;59
I1161038021A2D910T;"""INOX-G  3/8""""X021-IM-A2- SW17 DIN910""";;I1161;"INOX Śruby ""INOX-G  3/8""""X021-IM-A2- SW17 DIN910""";a2-stal-nierdzewna;106;2;59
I1161038021A4D910T;"""INOX-G  3/8""""X021-IM-A4- SW17 DIN910""";;I1161;"INOX Śruby ""INOX-G  3/8""""X021-IM-A4- SW17 DIN910""";a4-stal-kwasoodporna;106;2;59
I1161058026A2D910T;"""INOX-G  5/8""""X026-IM-A2- SW19 DIN910""";;I1161;"INOX Śruby ""INOX-G  5/8""""X026-IM-A2- SW19 DIN910""";a2-stal-nierdzewna;106;2;59
I1161058026A4D910T;"""INOX-G  5/8""""X026-IM-A4- SW19 DIN910""";;I1161;"INOX Śruby ""INOX-G  5/8""""X026-IM-A4- SW19 DIN910""";a4-stal-kwasoodporna;106;2;59
I1161100017A2100T;INOX-S10.0X017-IM-A2-1.00- SW27 DIN910;;I1161;INOX Śruby INOX-S10.0X017-IM-A2-1.00- SW27 DIN910;a2-stal-nierdzewna;106;2;59
I1161100017A4100T;INOX-S10.0X017-IM-A4-1.0 SW27 DIN910;;I1161;INOX Śruby INOX-S10.0X017-IM-A4-1.0 SW27 DIN910;a4-stal-kwasoodporna;106;2;59
I1161100032A2D910T;"""INOX-G1""""    X032-IM-A2- SW27 DIN910""";;I1161;"INOX Śruby ""INOX-G1""""    X032-IM-A2- SW27 DIN910""";a2-stal-nierdzewna;106;2;59
I1161100032A4D910T;"""INOX-G1""""    X032-IM-A4- SW27 DIN910""";;I1161;"INOX Śruby ""INOX-G1""""    X032-IM-A4- SW27 DIN910""";a4-stal-kwasoodporna;106;2;59
I116111/233A2D910T;"""INOX-G1 1/2""""X033-IM-A2- SW30 DIN910""";;I1161;"INOX Śruby ""INOX-G1 1/2""""X033-IM-A2- SW30 DIN910""";a2-stal-nierdzewna;106;2;59
I116111/233A4D910T;"""INOX-G1 1/2""""X033-IM-A4- SW30 DIN910""";;I1161;"INOX Śruby ""INOX-G1 1/2""""X033-IM-A4- SW30 DIN910""";a4-stal-kwasoodporna;106;2;59
I116111/433A2D910T;"""INOX-G1 1/4""""X033-IM-A2- SW30 DIN910""";;I1161;"INOX Śruby ""INOX-G1 1/4""""X033-IM-A2- SW30 DIN910""";a2-stal-nierdzewna;106;2;59
I116111/433A4D910T;"""INOX-G1 1/4""""X033-IM-A4- SW30 DIN910""";;I1161;"INOX Śruby ""INOX-G1 1/4""""X033-IM-A4- SW30 DIN910""";a4-stal-kwasoodporna;106;2;59
I116111/832A2D910T;"""INOX-G1 1/8""""X032-IM-A2- SW27 DIN910""";;I1161;"INOX Śruby ""INOX-G1 1/8""""X032-IM-A2- SW27 DIN910""";a2-stal-nierdzewna;106;2;59
I116111/832A4D910T;"""INOX-G1 1/8""""X032-IM-A4- SW27 DIN910""";;I1161;"INOX Śruby ""INOX-G1 1/8""""X032-IM-A4- SW27 DIN910""";a4-stal-kwasoodporna;106;2;59
I1161120021A2150T;INOX-S12.0X021-IM-A2-1.5 SW13 DIN910;;I1161;INOX Śruby INOX-S12.0X021-IM-A2-1.5 SW13 DIN910;a2-stal-nierdzewna;106;2;59
I1161120021A4150T;INOX-S12.0X021-IM-A4-1.5 SW13 DIN910;;I1161;INOX Śruby INOX-S12.0X021-IM-A4-1.5 SW13 DIN910;a4-stal-kwasoodporna;106;2;59
I116113/440A2D910T;"""INOX-G1 3/4""""X040-IM-A2- SW36 DIN910""";;I1161;"INOX Śruby ""INOX-G1 3/4""""X040-IM-A2- SW36 DIN910""";a2-stal-nierdzewna;106;2;59
I116113/440A4D910T;"""INOX-G1 3/4""""X040-IM-A4- SW36 DIN910""";;I1161;"INOX Śruby ""INOX-G1 3/4""""X040-IM-A4- SW36 DIN910""";a4-stal-kwasoodporna;106;2;59
I1161140021A2150T;INOX-S14.0X021-IM-A2-1.5 SW13 DIN910;;I1161;INOX Śruby INOX-S14.0X021-IM-A2-1.5 SW13 DIN910;a2-stal-nierdzewna;106;2;59
I1161140021A4150T;INOX-S14.0X021-IM-A4-1.5 SW13 DIN910;;I1161;INOX Śruby INOX-S14.0X021-IM-A4-1.5 SW13 DIN910;a4-stal-kwasoodporna;106;2;59
I1161160021A2150T;INOX-S16.0X021-IM-A2-1.5 SW17 DIN910;;I1161;INOX Śruby INOX-S16.0X021-IM-A2-1.5 SW17 DIN910;a2-stal-nierdzewna;106;2;59
I1161160021A4150T;INOX-S16.0X021-IM-A4-1.5 SW17 DIN910;;I1161;INOX Śruby INOX-S16.0X021-IM-A4-1.5 SW17 DIN910;a4-stal-kwasoodporna;106;2;59
I1161180024A2150T;INOX-S18.0X024-IM-A2-1.5 SW17 DIN910;;I1161;INOX Śruby INOX-S18.0X024-IM-A2-1.5 SW17 DIN910;a2-stal-nierdzewna;106;2;59
I1161180024A4150T;INOX-S18.0X024-IM-A4-1.5 SW17 DIN910;;I1161;INOX Śruby INOX-S18.0X024-IM-A4-1.5 SW17 DIN910;a4-stal-kwasoodporna;106;2;59
I1161200026A2150T;INOX-S20.0X026-IM-A2-1.5 SW19 DIN910;;I1161;INOX Śruby INOX-S20.0X026-IM-A2-1.5 SW19 DIN910;a2-stal-nierdzewna;106;2;59
I1161200026A4150T;INOX-S20.0X026-IM-A4-1.5 SW19 DIN910;;I1161;INOX Śruby INOX-S20.0X026-IM-A4-1.5 SW19 DIN910;a4-stal-kwasoodporna;106;2;59
I1161200040A2D910T;"""INOX-G2""""    X040-IM-A2- SW36 DIN910""";;I1161;"INOX Śruby ""INOX-G2""""    X040-IM-A2- SW36 DIN910""";a2-stal-nierdzewna;106;2;59
I1161200040A4D910T;"""INOX-G2""""    X040-IM-A4- SW36 DIN910""";;I1161;"INOX Śruby ""INOX-G2""""    X040-IM-A4- SW36 DIN910""";a4-stal-kwasoodporna;106;2;59
I1161220026A2150T;INOX-S22.0X026-IM-A2-1.5 SW19 DIN910;;I1161;INOX Śruby INOX-S22.0X026-IM-A2-1.5 SW19 DIN910;a2-stal-nierdzewna;106;2;59
I1161220026A4150T;INOX-S22.0X026-IM-A4-1.5 SW19 DIN910;;I1161;INOX Śruby INOX-S22.0X026-IM-A4-1.5 SW19 DIN910;a4-stal-kwasoodporna;106;2;59
I1161240027A2150T;INOX-S24.0X027-IM-A2-1.5 SW22 DIN910;;I1161;INOX Śruby INOX-S24.0X027-IM-A2-1.5 SW22 DIN910;a2-stal-nierdzewna;106;2;59
I1161260030A2150T;INOX-S26.0X030-IM-A2-1.5 SW24 DIN910;;I1161;INOX Śruby INOX-S26.0X030-IM-A2-1.5 SW24 DIN910;a2-stal-nierdzewna;106;2;59
I1161260030A4150T;INOX-S26.0X030-IM-A4-1.5 SW24 DIN910;;I1161;INOX Śruby INOX-S26.0X030-IM-A4-1.5 SW24 DIN910;a4-stal-kwasoodporna;106;2;59
I1161270030A2200T;INOX-S27.0X030-IM-A2-2.0 SW24 DIN910;;I1161;INOX Śruby INOX-S27.0X030-IM-A2-2.0 SW24 DIN910;a2-stal-nierdzewna;106;2;59
I1161270030A4200T;INOX-S27.0X030-IM-A4-2.0 SW24 DIN910;;I1161;INOX Śruby INOX-S27.0X030-IM-A4-2.0 SW24 DIN910;a4-stal-kwasoodporna;106;2;59
I1161300030A2150T;INOX-S30.0X030-IM-A2-1.5 SW24 DIN910;;I1161;INOX Śruby INOX-S30.0X030-IM-A2-1.5 SW24 DIN910;a2-stal-nierdzewna;106;2;59
I1161300030A2200T;INOX-S30.0X030-IM-A2-2.0 SW24 DIN910;;I1161;INOX Śruby INOX-S30.0X030-IM-A2-2.0 SW24 DIN910;a2-stal-nierdzewna;106;2;59
I1161300030A4150T;INOX-S30.0X030-IM-A4-1.5 SW24 DIN910;;I1161;INOX Śruby INOX-S30.0X030-IM-A4-1.5 SW24 DIN910;a4-stal-kwasoodporna;106;2;59
I1161300030A4200T;INOX-S30.0X030-IM-A4-2.0 SW24 DIN910;;I1161;INOX Śruby INOX-S30.0X030-IM-A4-2.0 SW24 DIN910;a4-stal-kwasoodporna;106;2;59
I119904040A2ZGNFT;INOX-S04.0X40-A2 SR.ZAMK.Z ROW NF 27-128;;I1199;INOX Śruby INOX-S04.0X40-A2 SR.ZAMK.Z ROW NF 27-128;;60;4;53
I1199050020A2D691T;INOX-S05.0X020-IM-A2 SRUBA DIN6912;;I1199;INOX Śruby INOX-S05.0X020-IM-A2 SRUBA DIN6912;;60;4;53
I1199060016TXA279T;INOX-S06.0X016-TX-A2 SRUBA ISO14579;;I1199;INOX Śruby INOX-S06.0X016-TX-A2 SRUBA ISO14579;;60;4;53
I1199060020TXA279T;INOX-S06.0X020-TX-A2 SRUBA ISO14579;;I1199;INOX Śruby INOX-S06.0X020-TX-A2 SRUBA ISO14579;;60;4;53
I1199120090A4D444S;INOX-S12.0X090-A4- SR.OCZ DIN444;;I1199;INOX Śruby INOX-S12.0X090-A4- SR.OCZ DIN444;;60;4;53
I1199160065A4D444S;INOX-S16.0X065/38-SO-A4-S.OCZKOWA DIN444;;I1199;INOX Śruby INOX-S16.0X065/38-SO-A4-S.OCZKOWA DIN444;;60;4;53
I1199270180A4D444S;INOX-S27.0X180-SO-A4 SR.OCZKOWA DIN444;;I1199;INOX Śruby INOX-S27.0X180-SO-A4 SR.OCZKOWA DIN444;;60;4;53
I1303080025IA273MT;INOX-WPIM 8X25I A2 WKR.DO MET.ISO-7380MF;;I1303;INOX Wkręty metryczne INOX-WPIM 8X25I A2 WKR.DO MET.ISO-7380MF;a2-stal-nierdzewna;79;2;78
I1314040008PZA2T;INOX-W04.0X008-WW-PZ-A2-50 METR.WALC.;;I1314;INOX Wkręty metryczne INOX-W04.0X008-WW-PZ-A2-50 METR.WALC.;a2-stal-nierdzewna;993;2;992
I1399040012A2PHT;INOX-W04.0X012-WPM-PH-A2 WKR METR BN5952;;I1399;INOX Wkręty metryczne INOX-W04.0X012-WPM-PH-A2 WKR METR BN5952;a2-stal-nierdzewna;176;2;170
I1399050120WA2963T;INOX-WSM 5X120P A2 WKR.DO MET.DIN963   ;;I1399;INOX Wkręty metryczne INOX-WSM 5X120P A2 WKR.DO MET.DIN963;a2-stal-nierdzewna;176;2;170
I1399060020TXA2BNT;INOX-W06.0X020-WW-TX-A2 M.WALC. BN20146;;I1399;INOX Wkręty metryczne INOX-W06.0X020-WW-TX-A2 M.WALC. BN20146;;176;2;170
I1399060035WA2963T;INOX-WSM 6X35P A2  MET.DIN963;;I1399;INOX Wkręty metryczne INOX-WSM 6X35P A2  MET.DIN963;a2-stal-nierdzewna;176;2;170
I1399060070PA2T;INOX-WPM6X70P A2DO MET.NF E 27-128;;I1399;INOX Wkręty metryczne INOX-WPM6X70P A2DO MET.NF E 27-128;a2-stal-nierdzewna;176;2;170
I1399080025WA2963T;INOX-WSM 8X25P A2 MET.DIN963;;I1399;INOX Wkręty metryczne INOX-WSM 8X25P A2 MET.DIN963;a2-stal-nierdzewna;176;2;170
I142104008010A288T;INOX-P04.0X08.0X1.0 A2 PODKLADKA DIN988;;I1421;INOX Podkładki INOX-P04.0X08.0X1.0 A2 PODKLADKA DIN988;a2-stal-nierdzewna;67;2;58
I142105010005A288T;INOX-P05.0X10.0X0.5 A2 PODKLADKA DIN988;;I1421;INOX Podkładki INOX-P05.0X10.0X0.5 A2 PODKLADKA DIN988;a2-stal-nierdzewna;67;2;58
I142108014001A288T;INOX-P08.0X14.0X0.1 A2 PODKLADKA DIN988;;I1421;INOX Podkładki INOX-P08.0X14.0X0.1 A2 PODKLADKA DIN988;a2-stal-nierdzewna;67;2;58
I142108014002A288T;INOX-P08.0X14.0X0.2 A2 PODKLADKA DIN988;;I1421;INOX Podkładki INOX-P08.0X14.0X0.2 A2 PODKLADKA DIN988;a2-stal-nierdzewna;67;2;58
I142108014005A288T;INOX-P08.0X14.0X0.5 A2 PODKLADKA DIN988;;I1421;INOX Podkładki INOX-P08.0X14.0X0.5 A2 PODKLADKA DIN988;a2-stal-nierdzewna;67;2;58
I142108014010A288T;INOX-P08.0X14.0X1.0 A2 PODKLADKA DIN988;;I1421;INOX Podkładki INOX-P08.0X14.0X1.0 A2 PODKLADKA DIN988;a2-stal-nierdzewna;67;2;58
I142112018010A288T;INOX-P12.0X18.0X1.0 A2 PODKLADKA DIN988;;I1421;INOX Podkładki INOX-P12.0X18.0X1.0 A2 PODKLADKA DIN988;a2-stal-nierdzewna;67;2;58
I142130042010A288T;INOX-P30.0X42.0X1.0 A2 PODKLADKA DIN988;;I1421;INOX Podkładki INOX-P30.0X42.0X1.0 A2 PODKLADKA DIN988;a2-stal-nierdzewna;67;2;58
I142140050010A288T;INOX-P40.0X50.0X1.0 A2 PODKLADKA DIN988;;I1421;INOX Podkładki INOX-P40.0X50.0X1.0 A2 PODKLADKA DIN988;a2-stal-nierdzewna;67;2;58
I1426020045A22HIT;INOX-P02.0X04.5X0.3-A2 POD.ISO7092 200HV;;I1426;INOX Podkładki INOX-P02.0X04.5X0.3-A2 POD.ISO7092 200HV;a2-stal-nierdzewna;53;2;32
I1426025050A22HIT;INOX-P02.5X05.0X0.5-A2 POD.ISO7092 200HV;;I1426;INOX Podkładki INOX-P02.5X05.0X0.5-A2 POD.ISO7092 200HV;a2-stal-nierdzewna;53;2;32
I1426030060A22HIT;INOX-P03.0X06.0X0.5-A2 POD.ISO7092 200HV;;I1426;INOX Podkładki INOX-P03.0X06.0X0.5-A2 POD.ISO7092 200HV;a2-stal-nierdzewna;53;2;32
I1426030060A42HIT;INOX-P03.0X06.0X0.5-A4 POD.ISO7092 200HV;;I1426;INOX Podkładki INOX-P03.0X06.0X0.5-A4 POD.ISO7092 200HV;a4-stal-kwasoodporna;53;2;32
I1426040080A22HIT;INOX-P04.0X08.0X0.5-A2 POD.ISO7092 200HV;;I1426;INOX Podkładki INOX-P04.0X08.0X0.5-A2 POD.ISO7092 200HV;a2-stal-nierdzewna;53;2;32
I1426040080A27092T;INOX-P04.0X08.0X0.5-A2 ISO7092;;I1426;INOX Podkładki INOX-P04.0X08.0X0.5-A2 ISO7092;a2-stal-nierdzewna;53;2;32
I1426040080A42HIT;INOX-P04.0X08.0X0.5-A4 POD.ISO7092 200HV;;I1426;INOX Podkładki INOX-P04.0X08.0X0.5-A4 POD.ISO7092 200HV;a4-stal-kwasoodporna;53;2;32
I1426050090A22HIT;INOX-P05.0X09.0X1.0-A2 POD.ISO7092 200HV;;I1426;INOX Podkładki INOX-P05.0X09.0X1.0-A2 POD.ISO7092 200HV;a2-stal-nierdzewna;53;2;32
I1426050090A42HIT;INOX-P05.0X09.0X1.0-A4 POD.ISO7092 200HV;;I1426;INOX Podkładki INOX-P05.0X09.0X1.0-A4 POD.ISO7092 200HV;a4-stal-kwasoodporna;53;2;32
I1426060110A22HIT;INOX-P06.0X11.0X1.6-A2 POD.ISO7092 200HV;;I1426;INOX Podkładki INOX-P06.0X11.0X1.6-A2 POD.ISO7092 200HV;a2-stal-nierdzewna;53;2;32
I1426060110A42HIT;INOX-P06.0X11.0X1.6-A4 POD.ISO7092 200HV;;I1426;INOX Podkładki INOX-P06.0X11.0X1.6-A4 POD.ISO7092 200HV;a4-stal-kwasoodporna;53;2;32
I1426080150A22HIT;INOX-P08.0X15.0X1.6-A2 POD.ISO7092 200HV;;I1426;INOX Podkładki INOX-P08.0X15.0X1.6-A2 POD.ISO7092 200HV;a2-stal-nierdzewna;53;2;32
I1426080150A42HIT;INOX-P08.0X15.0X1.6-A4 POD.ISO7092 200HV;;I1426;INOX Podkładki INOX-P08.0X15.0X1.6-A4 POD.ISO7092 200HV;a4-stal-kwasoodporna;53;2;32
I1426100180A22HIT;INOX-P10.0X18.0X1.6-A2 POD.ISO7092 200HV;;I1426;INOX Podkładki INOX-P10.0X18.0X1.6-A2 POD.ISO7092 200HV;a2-stal-nierdzewna;53;2;32
I1426100180A42HIT;INOX-P10.0X18.0X1.6-A4 POD.ISO7092 200HV;;I1426;INOX Podkładki INOX-P10.0X18.0X1.6-A4 POD.ISO7092 200HV;a4-stal-kwasoodporna;53;2;32
I1426120200A22HIT;INOX-P12.0X20.0X2.0-A2 POD.ISO7092 200HV;;I1426;INOX Podkładki INOX-P12.0X20.0X2.0-A2 POD.ISO7092 200HV;a2-stal-nierdzewna;53;2;32
I1426120200A42HIT;INOX-P12.0X20.0X2.0-A4 POD.ISO7092 200HV;;I1426;INOX Podkładki INOX-P12.0X20.0X2.0-A4 POD.ISO7092 200HV;a4-stal-kwasoodporna;53;2;32
I1426140240A22HIT;INOX-P14.0X24.0X2.5-A2 POD.ISO7092 200HV;;I1426;INOX Podkładki INOX-P14.0X24.0X2.5-A2 POD.ISO7092 200HV;a2-stal-nierdzewna;53;2;32
I1426160280A22HIT;INOX-P16.0X28.0X2.5-A2 POD.ISO7092 200HV;;I1426;INOX Podkładki INOX-P16.0X28.0X2.5-A2 POD.ISO7092 200HV;a2-stal-nierdzewna;53;2;32
I1426160280A42HIT;INOX-P16.0X28.0X2.5-A4 POD.ISO7092 200HV;;I1426;INOX Podkładki INOX-P16.0X28.0X2.5-A4 POD.ISO7092 200HV;a4-stal-kwasoodporna;53;2;32
I1426200340A42HIT;INOX-P20.0X34.0X3.0-A4 POD.ISO7092 200HV;;I1426;INOX Podkładki INOX-P20.0X34.0X3.0-A4 POD.ISO7092 200HV;a4-stal-kwasoodporna;53;2;32
I149906440015A2BLT;INOX-P06.4X40.0X1.5 A2   PODKL DO BLOT.;;I1499;INOX Podkładki INOX-P06.4X40.0X1.5 A2   PODKL DO BLOT.;;80;3;72
I1499080180A46796T;INOX-P08.0X18.0X2.0-A4 PODKL.TAL.DIN6796;;I1499;INOX Podkładki INOX-P08.0X18.0X2.0-A4 PODKL.TAL.DIN6796;;80;3;72
I1499080A2D128AT;INOX-P8.0X14.9X1.6 A2  DIN128A;;I1499;INOX Podkładki INOX-P8.0X14.9X1.6 A2  DIN128A;;80;3;72
I149908440015A2BLT;INOX-P08.4X40.0X1.5 A2   PODKL DO BLOT.;;I1499;INOX Podkładki INOX-P08.4X40.0X1.5 A2   PODKL DO BLOT.;;80;3;72
I1499100250A2BLOS;INOX-P10.0X25.0X1.5 A2 PODKL DO BLOT.;;I1499;INOX Podkładki INOX-P10.0X25.0X1.5 A2 PODKL DO BLOT.;;80;3;72
I1499100250A4BLOS;INOX-P10.0X25.0X1.5 A4 PODKL DO BLOT.;;I1499;INOX Podkładki INOX-P10.0X25.0X1.5 A4 PODKL DO BLOT.;;80;3;72
I1499120300A4D734T;INOX-P12.0X30.0X6.0 A4 PODKLADKA DIN7349;;I1499;INOX Podkładki INOX-P12.0X30.0X6.0 A4 PODKLADKA DIN7349;;80;3;72
I1499183A301SPFALT;INOX-P18.3X23.7X0.3 -AISI301  SPR. FALIS;;I1499;INOX Podkładki INOX-P18.3X23.7X0.3 -AISI301  SPR. FALIS;;80;3;72
I1599080A2D467T;INOX NM 8 A2 NAKRETKA RADELKOWANA DIN467;;I1599;INOX Nakrętki INOX NM 8 A2 NAKRETKA RADELKOWANA DIN467;;64;2;62
I1599120050A2S;INOX-NLACZ-M12X50 A2 NAKR.LACZNIKOWA ;;I1599;INOX Nakrętki INOX-NLACZ-M12X50 A2 NAKR.LACZNIKOWA;;64;2;62
I16100030404122D4S;INOX-PIER.OSAD.SPR.Z.3X0.4 1.4122A D471;;I1610;INOX Normalia INOX-PIER.OSAD.SPR.Z.3X0.4 1.4122A D471;1-4122-stal-nierdzewna;138;2;79
I16100040404122D4S;INOX-PIER.OSAD.SPR.Z.4X0.4 1.4122A D471;;I1610;INOX Normalia INOX-PIER.OSAD.SPR.Z.4X0.4 1.4122A D471;1-4122-stal-nierdzewna;138;2;79
I16100050604122D4S;INOX-PIER.OSAD.SPR.Z.5X0.6 1.4122A D471;;I1610;INOX Normalia INOX-PIER.OSAD.SPR.Z.5X0.6 1.4122A D471;1-4122-stal-nierdzewna;138;2;79
I16100060704122D4S;INOX-PIER.OSAD.SPR.Z.6X0.7 1.4122A D471;;I1610;INOX Normalia INOX-PIER.OSAD.SPR.Z.6X0.7 1.4122A D471;1-4122-stal-nierdzewna;138;2;79
I16100070804122D4S;INOX-PIER.OSAD.SPR.Z.7X0.8 1.4122A D471;;I1610;INOX Normalia INOX-PIER.OSAD.SPR.Z.7X0.8 1.4122A D471;1-4122-stal-nierdzewna;138;2;79
I16100080804122D4S;INOX-PIER.OSAD.SPR.Z.8X0.8 1.4122A D471;;I1610;INOX Normalia INOX-PIER.OSAD.SPR.Z.8X0.8 1.4122A D471;1-4122-stal-nierdzewna;138;2;79
I16100080804122D4T;INOX-PIER.OSAD.SPR.Z. 08X0.8 1.4122 D471;;I1610;INOX Normalia INOX-PIER.OSAD.SPR.Z. 08X0.8 1.4122 D471;1-4122-stal-nierdzewna;138;2;79
I1610008080A2D471T;INOX-PIER.OSAD.SPR.Z. 8X0.8 A2 DIN471;;I1610;INOX Normalia INOX-PIER.OSAD.SPR.Z. 8X0.8 A2 DIN471;a2-stal-nierdzewna;138;2;79
I1610008080AD471T;INOX-PIER.OSAD.SPR.Z. 8X0.8 A DIN471;;I1610;INOX Normalia INOX-PIER.OSAD.SPR.Z. 8X0.8 A DIN471;a1-stal-nierdzewna;138;2;79
I16100091004122D4S;INOX-PIER.OSAD.SPR.Z.9X1.0 1.4122A D471;;I1610;INOX Normalia INOX-PIER.OSAD.SPR.Z.9X1.0 1.4122A D471;1-4122-stal-nierdzewna;138;2;79
I16100091004122D4T;INOX-PIER.OSAD.SPR.Z. 09X1.0 1.4122 D471;;I1610;INOX Normalia INOX-PIER.OSAD.SPR.Z. 09X1.0 1.4122 D471;1-4122-stal-nierdzewna;138;2;79
I1610009100A2D471T;INOX-PIER.OSAD.SPR.Z. 9X1.0 A2 DIN471;;I1610;INOX Normalia INOX-PIER.OSAD.SPR.Z. 9X1.0 A2 DIN471;a2-stal-nierdzewna;138;2;79
I16100101004122D4T;INOX-PIER.OSAD.SPR.Z. 10X1.0 1.4122 D471;;I1610;INOX Normalia INOX-PIER.OSAD.SPR.Z. 10X1.0 1.4122 D471;1-4122-stal-nierdzewna;138;2;79
I1610010100A2D471T;INOX-PIER.OSAD.SPR.Z. 10X1.0 A2 DIN471;;I1610;INOX Normalia INOX-PIER.OSAD.SPR.Z. 10X1.0 A2 DIN471;a2-stal-nierdzewna;138;2;79
I16100111004122D4S;INOX-PIER.OSAD.SPR.Z.11X1.0 1.4122A D471;;I1610;INOX Normalia INOX-PIER.OSAD.SPR.Z.11X1.0 1.4122A D471;1-4122-stal-nierdzewna;138;2;79
I16100111004122D4T;INOX-PIER.OSAD.SPR.Z.11X1.0 1.4122A D471;;I1610;INOX Normalia INOX-PIER.OSAD.SPR.Z.11X1.0 1.4122A D471;1-4122-stal-nierdzewna;138;2;79
I16100121004122D4S;INOX-PIER.OSAD.SPR.Z.12X1.0 1.4122A D471;;I1610;INOX Normalia INOX-PIER.OSAD.SPR.Z.12X1.0 1.4122A D471;1-4122-stal-nierdzewna;138;2;79
I16100121004122D4T;INOX-PIER.OSAD.SPR.Z. 12X1.0 1.4122 D471;;I1610;INOX Normalia INOX-PIER.OSAD.SPR.Z. 12X1.0 1.4122 D471;1-4122-stal-nierdzewna;138;2;79
I1610012100A2D471T;INOX-PIER.OSAD.SPR.Z. 12X1.0 A2 DIN471;;I1610;INOX Normalia INOX-PIER.OSAD.SPR.Z. 12X1.0 A2 DIN471;a2-stal-nierdzewna;138;2;79
I16100131004122D4S;INOX-PIER.OSAD.SPR.Z.13X1.0 1.4122A D471;;I1610;INOX Normalia INOX-PIER.OSAD.SPR.Z.13X1.0 1.4122A D471;1-4122-stal-nierdzewna;138;2;79
I16100131004122D4T;INOX-PIER.OSAD.SPR.Z.13X1.0 1.4122A D471;;I1610;INOX Normalia INOX-PIER.OSAD.SPR.Z.13X1.0 1.4122A D471;1-4122-stal-nierdzewna;138;2;79
I16100141004122D4S;INOX-PIER.OSAD.SPR.Z.14X1.0 1.4122A D471;;I1610;INOX Normalia INOX-PIER.OSAD.SPR.Z.14X1.0 1.4122A D471;1-4122-stal-nierdzewna;138;2;79
I16100141004122D4T;INOX-PIER.OSAD.SPR.Z. 14X1.0 1.4122 D471;;I1610;INOX Normalia INOX-PIER.OSAD.SPR.Z. 14X1.0 1.4122 D471;1-4122-stal-nierdzewna;138;2;79
I1610014100A2D471T;INOX-PIER.OSAD.SPR.Z. 14X1.0 A2 DIN471;;I1610;INOX Normalia INOX-PIER.OSAD.SPR.Z. 14X1.0 A2 DIN471;a2-stal-nierdzewna;138;2;79
I16100151004122D4S;INOX-PIER.OSAD.SPR.Z.15X1.0 1.4122A D471;;I1610;INOX Normalia INOX-PIER.OSAD.SPR.Z.15X1.0 1.4122A D471;1-4122-stal-nierdzewna;138;2;79
I16100151004122D4T;INOX-PIER.OSAD.SPR.Z. 15X1.0 1.4122 D471;;I1610;INOX Normalia INOX-PIER.OSAD.SPR.Z. 15X1.0 1.4122 D471;1-4122-stal-nierdzewna;138;2;79
I1610015100A2D471T;INOX-PIER.OSAD.SPR.Z. 15X1.0 A2 DIN471;;I1610;INOX Normalia INOX-PIER.OSAD.SPR.Z. 15X1.0 A2 DIN471;a2-stal-nierdzewna;138;2;79
I1610016100AD471T;INOX-PIER.OSAD.SPR.Z. 16X1.0 A DIN471;;I1610;INOX Normalia INOX-PIER.OSAD.SPR.Z. 16X1.0 A DIN471;a1-stal-nierdzewna;138;2;79
I1610017100A2D471T;INOX-PIER.OSAD.SPR.Z. 17X1.0 A2 DIN471;;I1610;INOX Normalia INOX-PIER.OSAD.SPR.Z. 17X1.0 A2 DIN471;a2-stal-nierdzewna;138;2;79
I1610018120A2D471T;INOX-PIER.OSAD.SPR.Z. 18X1.2 A2 DIN471;;I1610;INOX Normalia INOX-PIER.OSAD.SPR.Z. 18X1.2 A2 DIN471;a2-stal-nierdzewna;138;2;79
I1610018120AD471T;INOX-PIER.OSAD.SPR.Z. 18X1.2 A DIN471;;I1610;INOX Normalia INOX-PIER.OSAD.SPR.Z. 18X1.2 A DIN471;a1-stal-nierdzewna;138;2;79
I1610020120A2D471T;INOX-PIER.OSAD.SPR.Z. 20X1.2 A2 DIN471;;I1610;INOX Normalia INOX-PIER.OSAD.SPR.Z. 20X1.2 A2 DIN471;a2-stal-nierdzewna;138;2;79
I1610020120AD471T;INOX-PIER.OSAD.SPR.Z. 20X1.2 A DIN471;;I1610;INOX Normalia INOX-PIER.OSAD.SPR.Z. 20X1.2 A DIN471;a1-stal-nierdzewna;138;2;79
I1610025120A2D471T;INOX-PIER.OSAD.SPR.Z. 25X1.2 A2 DIN471;;I1610;INOX Normalia INOX-PIER.OSAD.SPR.Z. 25X1.2 A2 DIN471;a2-stal-nierdzewna;138;2;79
I1610028150A2D471T;INOX-PIER.OSAD.SPR.Z. 28X1.5 A2 DIN471;;I1610;INOX Normalia INOX-PIER.OSAD.SPR.Z. 28X1.5 A2 DIN471;a2-stal-nierdzewna;138;2;79
I1610030150AD471T;INOX-PIER.OSAD.SPR.Z. 30X1.5 A DIN471;;I1610;INOX Normalia INOX-PIER.OSAD.SPR.Z. 30X1.5 A DIN471;a1-stal-nierdzewna;138;2;79
I16100321504122D4T;INOX-PIER.OSAD.SPR.Z. 32X1.5 1.4122 D471;;I1610;INOX Normalia INOX-PIER.OSAD.SPR.Z. 32X1.5 1.4122 D471;1-4122-stal-nierdzewna;138;2;79
I16100351504122D4T;INOX-PIER.OSAD.SPR.Z. 35X1.5 1.4122 D471;;I1610;INOX Normalia INOX-PIER.OSAD.SPR.Z. 35X1.5 1.4122 D471;1-4122-stal-nierdzewna;138;2;79
I1610035150AD471T;INOX-PIER.OSAD.SPR.Z. 35X1.5 A DIN471;;I1610;INOX Normalia INOX-PIER.OSAD.SPR.Z. 35X1.5 A DIN471;a1-stal-nierdzewna;138;2;79
I1610036175AD471T;INOX-PIER.OSAD.SPR.Z. 36X1.75 A DIN471;;I1610;INOX Normalia INOX-PIER.OSAD.SPR.Z. 36X1.75 A DIN471;a1-stal-nierdzewna;138;2;79
I16100401754122D4T;INOX-PIER.OSAD.SP.Z. 40X1.75 1.4122 D471;;I1610;INOX Normalia INOX-PIER.OSAD.SP.Z. 40X1.75 1.4122 D471;1-4122-stal-nierdzewna;138;2;79
I1610040175A2D471T;INOX-PIER.OSAD.SPR.Z. 40X1.75 A2 DIN471;;I1610;INOX Normalia INOX-PIER.OSAD.SPR.Z. 40X1.75 A2 DIN471;a2-stal-nierdzewna;138;2;79
I1610040175AD471T;INOX-PIER.OSAD.SPR.Z. 40X1.75 A DIN471;;I1610;INOX Normalia INOX-PIER.OSAD.SPR.Z. 40X1.75 A DIN471;a1-stal-nierdzewna;138;2;79
I16100421754122D4T;INOX-PIER.OSAD.SP.Z. 42X1.75 1.4122 D471;;I1610;INOX Normalia INOX-PIER.OSAD.SP.Z. 42X1.75 1.4122 D471;1-4122-stal-nierdzewna;138;2;79
I1610042175AD471T;INOX-PIER.OSAD.SPR.Z. 42X1.75 A DIN471;;I1610;INOX Normalia INOX-PIER.OSAD.SPR.Z. 42X1.75 A DIN471;a1-stal-nierdzewna;138;2;79
I16100451754122D4T;INOX-PIER.OSAD.SP.Z. 45X1.75 1.4122 D471;;I1610;INOX Normalia INOX-PIER.OSAD.SP.Z. 45X1.75 1.4122 D471;1-4122-stal-nierdzewna;138;2;79
I1610048175AD471T;INOX-PIER.OSAD.SPR.Z. 48X1.75 A DIN471;;I1610;INOX Normalia INOX-PIER.OSAD.SPR.Z. 48X1.75 A DIN471;a1-stal-nierdzewna;138;2;79
I16100502004122D4T;INOX-PIER.OSAD.SPR.Z. 50X2.0 1.4122 D471;;I1610;INOX Normalia INOX-PIER.OSAD.SPR.Z. 50X2.0 1.4122 D471;1-4122-stal-nierdzewna;138;2;79
I1610050200A2D471T;INOX-PIER.OSAD.SPR.Z. 50X2.0 A2 DIN471;;I1610;INOX Normalia INOX-PIER.OSAD.SPR.Z. 50X2.0 A2 DIN471;a2-stal-nierdzewna;138;2;79
I16100552004122D4T;INOX-PIER.OSAD.SPR.Z. 55X2.0 1.4122 D471;;I1610;INOX Normalia INOX-PIER.OSAD.SPR.Z. 55X2.0 1.4122 D471;1-4122-stal-nierdzewna;138;2;79
I16100602004122D4T;INOX-PIER.OSAD.SPR.Z. 60X2.0 1.4122 D471;;I1610;INOX Normalia INOX-PIER.OSAD.SPR.Z. 60X2.0 1.4122 D471;1-4122-stal-nierdzewna;138;2;79
I1610060200AD471T;INOX-PIER.OSAD.SPR.Z. 60X2.0 A DIN471;;I1610;INOX Normalia INOX-PIER.OSAD.SPR.Z. 60X2.0 A DIN471;a1-stal-nierdzewna;138;2;79
I16100652504122D4T;INOX-PIER.OSAD.SPR.Z. 65X2.5 1.4122 D471;;I1610;INOX Normalia INOX-PIER.OSAD.SPR.Z. 65X2.5 1.4122 D471;1-4122-stal-nierdzewna;138;2;79
I16100702504122D4T;INOX-PIER.OSAD.SPR.Z. 70X2.5 1.4122 D471;;I1610;INOX Normalia INOX-PIER.OSAD.SPR.Z. 70X2.5 1.4122 D471;1-4122-stal-nierdzewna;138;2;79
I1610075250A2D471T;INOX-PIER.OSAD.SPR.Z. 75X2.5 A2 DIN471;;I1610;INOX Normalia INOX-PIER.OSAD.SPR.Z. 75X2.5 A2 DIN471;a2-stal-nierdzewna;138;2;79
I1610075250AD471T;INOX-PIER.OSAD.SPR.Z. 75X2.5 A DIN471;;I1610;INOX Normalia INOX-PIER.OSAD.SPR.Z. 75X2.5 A DIN471;a1-stal-nierdzewna;138;2;79
I16100802504122D4T;INOX-PIER.OSAD.SPR.Z. 80X2.5 1.4122 D471;;I1610;INOX Normalia INOX-PIER.OSAD.SPR.Z. 80X2.5 1.4122 D471;1-4122-stal-nierdzewna;138;2;79
I1610080250AD471T;INOX-PIER.OSAD.SPR.Z. 80X2.5 A DIN471;;I1610;INOX Normalia INOX-PIER.OSAD.SPR.Z. 80X2.5 A DIN471;a1-stal-nierdzewna;138;2;79
I16107502504122D4T;INOX-PIER.OSAD.SPR.Z.75X2.5 1.4122A D471;;I1610;INOX Normalia INOX-PIER.OSAD.SPR.Z.75X2.5 1.4122A D471;1-4122-stal-nierdzewna;138;2;79
I1671040010A23918T;INOX-KOLEK DO ZGRZEW.M4X10A2 ISO13918PT;;I1671;INOX Normalia INOX-KOLEK DO ZGRZEW.M4X10A2 ISO13918PT;a2-stal-nierdzewna;87;2;62
I1671040015A23918T;INOX-KOLEK DO ZGRZEW.M4X15A2 ISO13918PT;;I1671;INOX Normalia INOX-KOLEK DO ZGRZEW.M4X15A2 ISO13918PT;;87;2;62
I1671040030A2DT;INOX-KOLEK DO ZGRZEW.M4X30 A2 DIN32501;;I1671;INOX Normalia INOX-KOLEK DO ZGRZEW.M4X30 A2 DIN32501;a2-stal-nierdzewna;87;2;62
I1671050010A23918T;INOX-KOLEK DO ZGRZEW.M5X10A2 ISO13918PT;;I1671;INOX Normalia INOX-KOLEK DO ZGRZEW.M5X10A2 ISO13918PT;a2-stal-nierdzewna;87;2;62
I1671050012A23918T;INOX-KOLEK DO ZGRZEW.M5X12A2 ISO13918PT;;I1671;INOX Normalia INOX-KOLEK DO ZGRZEW.M5X12A2 ISO13918PT;a2-stal-nierdzewna;87;2;62
I1671050016A23918T;INOX-KOLEK DO ZGRZEW.M5X16A2 ISO13918PT;;I1671;INOX Normalia INOX-KOLEK DO ZGRZEW.M5X16A2 ISO13918PT;a2-stal-nierdzewna;87;2;62
I1671050020A23918T;INOX-KOLEK DO ZGRZEW.M5X20A2 ISO13918PT;;I1671;INOX Normalia INOX-KOLEK DO ZGRZEW.M5X20A2 ISO13918PT;a2-stal-nierdzewna;87;2;62
I1671050025A23918T;INOX-KOLEK DO ZGRZEW.M5X25A2 ISO13918PT;;I1671;INOX Normalia INOX-KOLEK DO ZGRZEW.M5X25A2 ISO13918PT;a2-stal-nierdzewna;87;2;62
I1671050030A23918T;INOX-KOLEK DO ZGRZEW.M5X30A2 ISO13918PT;;I1671;INOX Normalia INOX-KOLEK DO ZGRZEW.M5X30A2 ISO13918PT;a2-stal-nierdzewna;87;2;62
I1671060010A23918T;INOX-KOLEK DO ZGRZEW.M6X10A2 ISO13918PT;;I1671;INOX Normalia INOX-KOLEK DO ZGRZEW.M6X10A2 ISO13918PT;a2-stal-nierdzewna;87;2;62
I1671060015A23918T;INOX-KOLEK DO ZGRZEW.M6X15A2 ISO13918PT;;I1671;INOX Normalia INOX-KOLEK DO ZGRZEW.M6X15A2 ISO13918PT;a2-stal-nierdzewna;87;2;62
I1671060016A23918T;INOX-KOLEK DO ZGRZEW.M6X16A2 ISO13918PT;;I1671;INOX Normalia INOX-KOLEK DO ZGRZEW.M6X16A2 ISO13918PT;a2-stal-nierdzewna;87;2;62
I1671060020A23918T;INOX-KOLEK DO ZGRZEW.M6X20A2 ISO13918PT;;I1671;INOX Normalia INOX-KOLEK DO ZGRZEW.M6X20A2 ISO13918PT;a2-stal-nierdzewna;87;2;62
I1671060025A23918T;INOX-KOLEK DO ZGRZEW.M6X25A2 ISO13918PT;;I1671;INOX Normalia INOX-KOLEK DO ZGRZEW.M6X25A2 ISO13918PT;a2-stal-nierdzewna;87;2;62
I1671060030A23918T;INOX-KOLEK DO ZGRZEW.M6X30A2 ISO13918PT;;I1671;INOX Normalia INOX-KOLEK DO ZGRZEW.M6X30A2 ISO13918PT;a2-stal-nierdzewna;87;2;62
I1671060030A2T;INOX-KOLEK DO ZGR.ISO13918PT M6x30 A2;;I1671;INOX Normalia INOX-KOLEK DO ZGR.ISO13918PT M6x30 A2;a2-stal-nierdzewna;87;2;62
I1671060050A2DT;INOX-KOLEK DO ZGRZEW.M6X50 A2 DIN32501;;I1671;INOX Normalia INOX-KOLEK DO ZGRZEW.M6X50 A2 DIN32501;a2-stal-nierdzewna;87;2;62
I1671080015A23918T;INOX-KOLEK DO ZGRZEW.M8X15A2 ISO13918PT;;I1671;INOX Normalia INOX-KOLEK DO ZGRZEW.M8X15A2 ISO13918PT;;87;2;62
I1671080020A23918T;INOX-KOLEK DO ZGRZEW.M8X20A2 ISO13918PT;;I1671;INOX Normalia INOX-KOLEK DO ZGRZEW.M8X20A2 ISO13918PT;a2-stal-nierdzewna;87;2;62
I1671080025A23918T;INOX-KOLEK DO ZGRZEW.M8X25A2 ISO13918PT;;I1671;INOX Normalia INOX-KOLEK DO ZGRZEW.M8X25A2 ISO13918PT;a2-stal-nierdzewna;87;2;62
I1671080025A2DT;INOX-KOLEK DO ZGRZEW.M8X25 A2 DIN32501;;I1671;INOX Normalia INOX-KOLEK DO ZGRZEW.M8X25 A2 DIN32501;a2-stal-nierdzewna;87;2;62
I1671080030A23918T;INOX-KOLEK DO ZGRZEW.M8X30A2 ISO13918PT;;I1671;INOX Normalia INOX-KOLEK DO ZGRZEW.M8X30A2 ISO13918PT;a2-stal-nierdzewna;87;2;62
I1671080050A23918T;INOX-KOLEK DO ZGRZEW.M8X50A2 ISO13918PT;;I1671;INOX Normalia INOX-KOLEK DO ZGRZEW.M8X50A2 ISO13918PT;a2-stal-nierdzewna;87;2;62
I1671080055A23918T;INOX-KOLEK DO ZGRZEW.M8X55A2 ISO13918PT;;I1671;INOX Normalia INOX-KOLEK DO ZGRZEW.M8X55A2 ISO13918PT;;87;2;62
I1671080065A23918T;INOX-KOLEK DO ZGRZEW.M8X65A2 ISO13918PT;;I1671;INOX Normalia INOX-KOLEK DO ZGRZEW.M8X65A2 ISO13918PT;;87;2;62
I3103035040TXA2CT;INOX-US3.5X40-TX10 A2 CZARNY WKR.UNIX ST;;I3103;INOX Wkręty typu Unix INOX-US3.5X40-TX10 A2 CZARNY WKR.UNIX ST;a2-stal-nierdzewna;427;2;425
I3103060050TXA2T  ;INOX-US6.0X.50 TX A2 WKR.UNIX STOZK.  ;;I3103;INOX Wkręty typu Unix INOX-US6.0X.50 TX A2 WKR.UNIX STOZK.;;427;2;425
I3104060050PZA2D7T;INOX-US6.0X.50/30PZ D7997 A2 WK.UNIX ST.;;I3104;INOX Wkręty typu Unix INOX-US6.0X.50/30PZ D7997 A2 WK.UNIX ST.;a2-stal-nierdzewna;714;2;713
I3199040035TXA2WT;INOX-US4.0X35/24TX20-W A2 WKR.UNIX ST;;I3199;INOX Wkręty typu Unix INOX-US4.0X35/24TX20-W A2 WKR.UNIX ST;;27;2;23
I3199040080TXA2WT;INOX-US4.0X80/50TX20-W A2 WKR.UNIX ST.;;I3199;INOX Wkręty typu Unix INOX-US4.0X80/50TX20-W A2 WKR.UNIX ST.;;27;2;23
I31990450050T14006;INOX-US4.0X50/30 TX15 1.4006 WKR.STOZ.  ;;I3199;INOX Wkręty typu Unix INOX-US4.0X50/30 TX15 1.4006 WKR.STOZ.;;27;2;23
I3199045050T14006T;INOX-US4.5X50/30 TX15 1.4006 WKR.STOZ.  ;;I3199;INOX Wkręty typu Unix INOX-US4.5X50/30 TX15 1.4006 WKR.STOZ.;;27;2;23
I3203040020A2T;INOX-H6K 4X 20 A2 WKR DO DREWNA DIN571;;I3203;INOX Wkręty do drewna INOX-H6K 4X 20 A2 WKR DO DREWNA DIN571;a2-stal-nierdzewna;340;2;336
I3203100100A4S;INOX-H6K 10X100 A4 WKR DO DREWNA DIN571;;I3203;INOX Wkręty do drewna INOX-H6K 10X100 A4 WKR DO DREWNA DIN571;a4-stal-kwasoodporna;340;2;336
I3203100160A4S;INOX-H6K 10X160 A4 WKR DO DREWNA DIN571;;I3203;INOX Wkręty do drewna INOX-H6K 10X160 A4 WKR DO DREWNA DIN571;a4-stal-kwasoodporna;340;2;336
I3203120120A4D571T;INOX-H6K 12X120 A4 WKR DO DREWNA DIN571;;I3203;INOX Wkręty do drewna INOX-H6K 12X120 A4 WKR DO DREWNA DIN571;a4-stal-kwasoodporna;340;2;336
I6399040035A2UPS;INOX-GAL-UCHO PROSTOKATNE A2  40 X 35;;I6399;INOX Liny, łańcuchy i akcesoria INOX-GAL-UCHO PROSTOKATNE A2  40 X 35;a2-stal-nierdzewna;90;5;88
I6399040A2D763M;INOX-GAL-LANCUCH 4.0 A2 DIN763;;I6399;INOX Liny, łańcuchy i akcesoria INOX-GAL-LANCUCH 4.0 A2 DIN763;;90;5;88
